Workbook

Sheet Read me
A1: Belindia replication workbook: Your Country's Label Is Not Yours
A3: WHAT THIS WORKBOOK IS
A4: The complete data and results behind Moving Frontiers Post 6 (September 2026). Nothing here refers to an external file. This workbook is built by build_belindia_workbook.py from the output of belindia_replication.py, so it can be rebuilt from the World Bank 1000-bin file alone. The 2025 engine is live: change the bandwidth on "Assumptions" and the curves, the typicality lines, every economy's shares and the Belindia matrix all recompute from the distributions on "Bins 2025". Every other result is a value produced by belindia_replication.py, which uses the identical method and can be re-run from the World Bank's 1000-bin file alone.
A6: THE QUESTION
A7: The World Bank sorts countries into four income groups on GNI per capita, an average that says nothing about how income is shared. This workbook asks how many people inside each group actually live at a standard typical of that group, and how many live at a standard typical of a poorer or a richer one.
A9: THE METHOD IN ONE PARAGRAPH
A10: Pool the people of all low-income countries and draw the curve of their daily welfare on a log scale. Do the same for the lower-middle, upper-middle and high-income groups. Each curve is scaled to the same area, so the groups are compared on shape and not on size. Where the low-income curve stops being the highest and the lower-middle curve takes over is the first typicality line; two more follow. A person is then assigned to the group whose curve is highest at their welfare, which is the standard they live at, and that is compared with the group their country belongs to.
A12: HEADLINE (2025, 218 countries, 8.21 billion people)
A13: Lines: $3.80, $9.21 and $26.86 per person per day, 2021 PPP.
A14: The label describes the living standard of 61% of humanity. 22% live poorer than their label, 17% richer.
A15: 1990: the label fitted 70% of people against today's standards. It fell to 48% by 2010 as India and China crossed thresholds, and recovered to 61%.
A16: 2026 nowcast: China joins the high-income group. Against 2025 standards the fit drops to 54%, almost entirely through relabelling.
... A28: Blue on a yellow fill: a live input you may change. Black: a formula or a value. Green: a check cell that should read zero.

Sheet Method
A1: Method, step by step, and where each step lives in this workbook
A3: INPUTS
A4: "Bins 2025" holds 1,000 sorted bin means per country in 2021 PPP dollars a day, each bin covering a tenth of a percent of that country's population. "Inputs" holds the published income group for every year from 1990 to 2026, taken from the World Bank's OGHIST lists and never recomputed from GNI, so Argentina and Turkiye stay upper-middle income in 2025. The 2026 groups are the projection of the Great Income Inversion post, in which China crosses the high-income threshold. All 218 classified countries are counted; the 46 without a household survey carry distributions imputed by the Bank and are marked n.
A6: STEP A. Share of each country below each grid edge ("CDF grid 2025")
A7: A log grid of 199 edges from $0.10 to $2,000 a day in steps of 0.05, about five percent of welfare per cell. For country i and edge x the share is MATCH(x, bins_i, 1) / 1000.
A9: STEP B. Group curves ("Curves 2025", columns D to G)
A10: For group c and cell j the raw density is the population-weighted share of the group's people in that cell, divided by the cell width in log welfare, so each curve integrates to one.
A12: STEP C. Smoothing ("Curves 2025", columns I to L; weights in AA to AC)
A13: A Gaussian kernel of bandwidth b, set on "Assumptions", truncated at five bandwidths and normalised. The table is padded with zero rows so every cell uses the same fixed-length window.
A15: STEP D. Most typical group ("Curves 2025", column N)
A16: In each cell, the group whose smoothed curve is highest, provided the highest curve exceeds the density floor on "Assumptions".
A18: STEP E. The lines ("Curves 2025", block "Peaks and lines")
... A28: The same seven steps are repeated for every year from 1990 to 2026, for the robustness variants, for the counterfactual distributions and for the threshold-translation alternative. Those results are carried here as values; the 2025 row of each reconciles with the live sheets.

Sheet Limitations
A1: What this measure does and does not support
A3: 1. Typical means typical of whoever is in the group. The lower-middle curve is largely India and the upper-middle curve largely China. Excluding both from the estimation moves the middle line from $9.21 to $7.96 and the fit from 61.0% to 60.0% ("Check giants").
A4: 2. Lined up, not surveyed. The 2025 and 2026 distributions are each country's latest survey moved with national-accounts growth, at 70 percent passthrough for consumption surveys and full passthrough for income surveys. Inequality within a country is frozen between surveys.
A5: 3. Income and consumption are mixed. Latin America and nearly all high-income countries report income, most of Asia and Africa consumption. Income is more dispersed at the same living standard, so income-measured countries look more Belindian at both ends ("Check survey type").
A6: 4. The missing rich. Surveys undercount the top. Because all three lines sit well below the top decile of every group, doubling the top decile moves the fit by 0.3 points and adds only to the richer-than-label count ("Check missing rich").
A7: 5. Imputed distributions. 46 countries have no PIP survey; their bins are World Bank imputations and are marked n. They are counted but never used to estimate the lines. North Korea is the clearest case where the imputation and the classification disagree.
A8: 6. Coverage in 1990. 43 countries, about 6 percent of the bins population, were not yet classified and enter the history only from the year they appear on the list.
A9: 7. Bottom coding. Welfare below $0.28 a day is set to $0.28, which is why the search for each line starts at the peak of the lower group.
A10: 8. Within-country inequality is understated throughout, because each bin is the mean of a tenth of a percent of a population and the variation inside a bin is lost.
A11: 9. 2026 is a nowcast: PIP's 2026 line-up for the distributions and a projection for the groups.

Sheet Assumptions
A1: Assumptions. Blue cells on yellow are live; everything downstream recomputes.
A3: Parameter | B3: Value | C3: What it does
A4: Kernel bandwidth (log units) | B4: 0.2 | C4: Smoothing of each group curve. 0.2 is about 20 percent of welfare. The lines move by under 4 percent for any value between 0.05 and 0.4 (see "Check smoothing").
A5: Density floor for a cell to count | B5: 0.001 | C5: A cell enters the search for the most typical group only if some curve exceeds this, which keeps near-empty tails out.
A6: Grid: lowest edge, $ a day | B6: 0.1 | C6: Fixed; change only together with the grid on "CDF grid 2025".
A7: Grid: highest edge, $ a day | B7: 2000 | C7: As above.
A8: Grid step (log units) | B8: 0.05 | C8: As above. 199 edges, 198 cells.
A9: Kernel half-width (cells) | B9: 40 | C9: Fixed length of the weight vector; weights beyond five bandwidths are zero, so any bandwidth up to 0.4 is exact.

Sheet Inputs
A1: Countries: published income group each year, survey type, 2025 Atlas GNI, UN region, population
A2: Income groups from the World Bank OGHIST lists; 2026 is the Great Income Inversion projection. Survey: c consumption, i income, n no survey (imputed bins). Population is the sum of the 1000 bins, in millions. Blank group means the country was not classified that year.
A4: Economy | B4: Code | C4: UN region | D4: UN subregion | E4: Survey | F4: GNI per capita 2025 (Atlas US$) | G4: Pop 1990 (m) | H4: Pop 2025 (m) | I4: Pop 2026 (m) | J4: Group 1990 | K4: Group 2025 | L4: Group 2026 | M4: 1990 | N4: 1991 | O4: 1992 | P4: 1993 | Q4: 1994 | R4: 1995 | S4: 1996 | T4: 1997 | U4: 1998 | V4: 1999 | W4: 2000 | X4: 2001 | Y4: 2002 | Z4: 2003 | AA4: 2004 | AB4: 2005 | AC4: 2006 | AD4: 2007 | AE4: 2008 | AF4: 2009 | AG4: 2010 | AH4: 2011 | AI4: 2012 | AJ4: 2013 | AK4: 2014 | AL4: 2015 | AM4: 2016 | AN4: 2017 | AO4: 2018 | AP4: 2019 | AQ4: 2020 | AR4: 2021 | AS4: 2022 | AT4: 2023 | AU4: 2024 | AV4: 2025 | AW4: 2026
A5: Burundi | B5: BDI | C5: Africa | D5: Eastern Africa | E5: c | F5: 240 | G5: 5.587 | H5: 14.39 | I5: 14.729 | J5: L | K5: L | L5: L | M5: L | N5: L | O5: L | P5: L | Q5: L | R5: L | S5: L | T5: L | U5: L | V5: L | W5: L | X5: L | Y5: L | Z5: L | AA5: L | AB5: L | AC5: L | AD5: L | AE5: L | AF5: L | AG5: L | AH5: L | AI5: L | AJ5: L | AK5: L | AL5: L | AM5: L | AN5: L | AO5: L | AP5: L | AQ5: L | AR5: L | AS5: L | AT5: L | AU5: L | AV5: L | AW5: L
A6: Comoros | B6: COM | C6: Africa | D6: Eastern Africa | E6: c | F6: 1950 | G6: 0.445 | H6: 0.883 | I6: 0.899 | J6: L | K6: LM | L6: LM | M6: L | N6: L | O6: L | P6: L | Q6: L | R6: L | S6: L | T6: L | U6: L | V6: L | W6: L | X6: L | Y6: L | Z6: L | AA6: L | AB6: L | AC6: L | AD6: L | AE6: L | AF6: L | AG6: L | AH6: L | AI6: L | AJ6: L | AK6: L | AL6: L | AM6: L | AN6: L | AO6: LM | AP6: LM | AQ6: LM | AR6: LM | AS6: LM | AT6: LM | AU6: LM | AV6: LM | AW6: LM
A7: Djibouti | B7: DJI | C7: Africa | D7: Eastern Africa | E7: c | F7: 3960 | G7: 0.58 | H7: 1.184 | I7: 1.199 | J7: LM | K7: LM | L7: LM | M7: LM | N7: LM | O7: LM | P7: LM | Q7: LM | R7: LM | S7: LM | T7: LM | U7: LM | V7: LM | W7: LM | X7: LM | Y7: LM | Z7: LM | AA7: LM | AB7: LM | AC7: LM | AD7: LM | AE7: LM | AF7: LM | AG7: LM | AH7: LM | AI7: LM | AJ7: LM | AK7: LM | AL7: LM | AM7: LM | AN7: LM | AO7: LM | AP7: LM | AQ7: LM | AR7: LM | AS7: LM | AT7: LM | AU7: LM | AV7: LM | AW7: LM
A8: Eritrea | B8: ERI | C8: Africa | D8: Eastern Africa | E8: n | G8: 2.033 | H8: 3.607 | I8: 3.683 | K8: L | L8: L | O8: L | P8: L | Q8: L | R8: L | S8: L | T8: L | U8: L | V8: L | W8: L | X8: L | Y8: L | Z8: L | AA8: L | AB8: L | AC8: L | AD8: L | AE8: L | AF8: L | AG8: L | AH8: L | AI8: L | AJ8: L | AK8: L | AL8: L | AM8: L | AN8: L | AO8: L | AP8: L | AQ8: L | AR8: L | AS8: L | AT8: L | AU8: L | AV8: L | AW8: L
A9: Ethiopia | B9: ETH | C9: Africa | D9: Eastern Africa | E9: c | F9: 1110 | G9: 47.61 | H9: 135.472 | I9: 138.902 | J9: L | K9: L | L9: L | M9: L | N9: L | O9: L | P9: L | Q9: L | R9: L | S9: L | T9: L | U9: L | V9: L | W9: L | X9: L | Y9: L | Z9: L | AA9: L | AB9: L | AC9: L | AD9: L | AE9: L | AF9: L | AG9: L | AH9: L | AI9: L | AJ9: L | AK9: L | AL9: L | AM9: L | AN9: L | AO9: L | AP9: L | AQ9: L | AR9: L | AS9: L | AT9: L | AV9: L | AW9: L
A10: Kenya | B10: KEN | C10: Africa | D10: Eastern Africa | E10: c | F10: 2200 | G10: 22.893 | H10: 57.532 | I10: 58.636 | J10: L | K10: LM | L10: LM | M10: L | N10: L | O10: L | P10: L | Q10: L | R10: L | S10: L | T10: L | U10: L | V10: L | W10: L | X10: L | Y10: L | Z10: L | AA10: L | AB10: L | AC10: L | AD10: L | AE10: L | AF10: L | AG10: L | AH10: L | AI10: L | AJ10: L | AK10: LM | AL10: LM | AM10: LM | AN10: LM | AO10: LM | AP10: LM | AQ10: LM | AR10: LM | AS10: LM | AT10: LM | AU10: LM | AV10: LM | AW10: LM
A11: Madagascar | B11: MDG | C11: Africa | D11: Eastern Africa | E11: c | F11: 560 | G11: 12.056 | H11: 32.741 | I11: 33.522 | J11: L | K11: L | L11: L | M11: L | N11: L | O11: L | P11: L | Q11: L | R11: L | S11: L | T11: L | U11: L | V11: L | W11: L | X11: L | Y11: L | Z11: L | AA11: L | AB11: L | AC11: L | AD11: L | AE11: L | AF11: L | AG11: L | AH11: L | AI11: L | AJ11: L | AK11: L | AL11: L | AM11: L | AN11: L | AO11: L | AP11: L | AQ11: L | AR11: L | AS11: L | AT11: L | AU11: L | AV11: L | AW11: L
A12: Malawi | B12: MWI | C12: Africa | D12: Eastern Africa | E12: c | F12: 600 | G12: 9.546 | H12: 22.216 | I12: 22.786 | J12: L | K12: L | L12: L | M12: L | N12: L | O12: L | P12: L | Q12: L | R12: L | S12: L | T12: L | U12: L | V12: L | W12: L | X12: L | Y12: L | Z12: L | AA12: L | AB12: L | AC12: L | AD12: L | AE12: L | AF12: L | AG12: L | AH12: L | AI12: L | AJ12: L | AK12: L | AL12: L | AM12: L | AN12: L | AO12: L | AP12: L | AQ12: L | AR12: L | AS12: L | AT12: L | AU12: L | AV12: L | AW12: L
A13: Mauritius | B13: MUS | C13: Africa | D13: Eastern Africa | E13: c | F13: 14040 | G13: 1.059 | H13: 1.243 | I13: 1.241 | J13: LM | K13: UM | L13: H | M13: LM | N13: LM | O13: UM | P13: UM | Q13: UM | R13: UM | S13: UM | T13: UM | U13: UM | V13: UM | W13: UM | X13: UM | Y13: UM | Z13: UM | AA13: UM | AB13: UM | AC13: UM | AD13: UM | AE13: UM | AF13: UM | AG13: UM | AH13: UM | AI13: UM | AJ13: UM | AK13: UM | AL13: UM | AM13: UM | AN13: UM | AO13: UM | AP13: H | AQ13: UM | AR13: UM | AS13: UM | AT13: UM | AU13: UM | AV13: UM | AW13: H
A14: Mozambique | B14: MOZ | C14: Africa | D14: Eastern Africa | E14: c | F14: 570 | G14: 13.095 | H14: 35.632 | I14: 36.64 | J14: L | K14: L | L14: L | M14: L | N14: L | O14: L | P14: L | Q14: L | R14: L | S14: L | T14: L | U14: L | V14: L | W14: L | X14: L | Y14: L | Z14: L | AA14: L | AB14: L | AC14: L | AD14: L | AE14: L | AF14: L | AG14: L | AH14: L | AI14: L | AJ14: L | AK14: L | AL14: L | AM14: L | AN14: L | AO14: L | AP14: L | AQ14: L | AR14: L | AS14: L | AT14: L | AU14: L | AV14: L | AW14: L
A15: Rwanda | B15: RWA | C15: Africa | D15: Eastern Africa | E15: c | F15: 1150 | G15: 7.375 | H15: 14.569 | I15: 14.89 | J15: L | K15: L | L15: LM | M15: L | N15: L | O15: L | P15: L | Q15: L | R15: L | S15: L | T15: L | U15: L | V15: L | W15: L | X15: L | Y15: L | Z15: L | AA15: L | AB15: L | AC15: L | AD15: L | AE15: L | AF15: L | AG15: L | AH15: L | AI15: L | AJ15: L | AK15: L | AL15: L | AM15: L | AN15: L | AO15: L | AP15: L | AQ15: L | AR15: L | AS15: L | AT15: L | AU15: L | AV15: L | AW15: LM
A16: Seychelles | B16: SYC | C16: Africa | D16: Eastern Africa | E16: i | F16: 19200 | G16: 0.07 | H16: 0.124 | I16: 0.126 | J16: UM | K16: H | L16: H | M16: UM | N16: UM | O16: UM | P16: UM | Q16: UM | R16: UM | S16: UM | T16: UM | U16: UM | V16: UM | W16: UM | X16: UM | Y16: UM | Z16: UM | AA16: UM | AB16: UM | AC16: UM | AD16: UM | AE16: UM | AF16: UM | AG16: UM | AH16: UM | AI16: UM | AJ16: UM | AK16: H | AL16: H | AM16: H | AN16: H | AO16: H | AP16: H | AQ16: H | AR16: H | AS16: H | AT16: H | AU16: H | AV16: H | AW16: H
A17: Somalia, Fed. Rep. | B17: SOM | C17: Africa | D17: Eastern Africa | E17: n | F17: 640 | G17: 7.083 | H17: 19.655 | I17: 20.306 | J17: L | K17: L | L17: L | M17: L | N17: L | O17: L | P17: L | Q17: L | R17: L | S17: L | T17: L | U17: L | V17: L | W17: L | X17: L | Y17: L | Z17: L | AA17: L | AB17: L | AC17: L | AD17: L | AE17: L | AF17: L | AG17: L | AH17: L | AI17: L | AJ17: L | AK17: L | AL17: L | AM17: L | AN17: L | AO17: L | AP17: L | AQ17: L | AR17: L | AS17: L | AT17: L | AU17: L | AV17: L | AW17: L
A18: South Sudan | B18: SSD | C18: Africa | D18: Eastern Africa | E18: c | G18: 4.738 | H18: 12.189 | I18: 12.436 | K18: L | L18: L | AH18: LM | AI18: L | AJ18: LM | AK18: L | AL18: L | AM18: L | AN18: L | AO18: L | AP18: L | AQ18: L | AR18: L | AS18: L | AT18: L | AU18: L | AV18: L | AW18: L
A19: Tanzania | B19: TZA | C19: Africa | D19: Eastern Africa | E19: c | F19: 1270 | G19: 26.11 | H19: 70.546 | I19: 72.564 | J19: L | K19: LM | L19: LM | M19: L | N19: L | O19: L | P19: L | Q19: L | R19: L | S19: L | T19: L | U19: L | V19: L | W19: L | X19: L | Y19: L | Z19: L | AA19: L | AB19: L | AC19: L | AD19: L | AE19: L | AF19: L | AG19: L | AH19: L | AI19: L | AJ19: L | AK19: L | AL19: L | AM19: L | AN19: L | AO19: L | AP19: LM | AQ19: LM | AR19: LM | AS19: LM | AT19: LM | AU19: LM | AV19: LM | AW19: LM
A20: Uganda | B20: UGA | C20: Africa | D20: Eastern Africa | E20: c | F20: 1120 | G20: 17.57 | H20: 51.385 | I20: 52.761 | J20: L | K20: L | L20: L | M20: L | N20: L | O20: L | P20: L | Q20: L | R20: L | S20: L | T20: L | U20: L | V20: L | W20: L | X20: L | Y20: L | Z20: L | AA20: L | AB20: L | AC20: L | AD20: L | AE20: L | AF20: L | AG20: L | AH20: L | AI20: L | AJ20: L | AK20: L | AL20: L | AM20: L | AN20: L | AO20: L | AP20: L | AQ20: L | AR20: L | AS20: L | AT20: L | AU20: L | AV20: L | AW20: L
A21: Zambia | B21: ZMB | C21: Africa | D21: Eastern Africa | E21: c | F21: 1200 | G21: 7.786 | H21: 21.914 | I21: 22.522 | J21: L | K21: LM | L21: LM | M21: L | N21: L | O21: L | P21: L | Q21: L | R21: L | S21: L | T21: L | U21: L | V21: L | W21: L | X21: L | Y21: L | Z21: L | AA21: L | AB21: L | AC21: L | AD21: L | AE21: L | AF21: L | AG21: LM | AH21: LM | AI21: LM | AJ21: LM | AK21: LM | AL21: LM | AM21: LM | AN21: LM | AO21: LM | AP21: LM | AQ21: LM | AR21: L | AS21: LM | AT21: LM | AU21: LM | AV21: LM | AW21: LM
A22: Zimbabwe | B22: ZWE | C22: Africa | D22: Eastern Africa | E22: c | F22: 2660 | G22: 10.137 | H22: 16.951 | I22: 17.274 | J22: LM | K22: LM | L22: LM | M22: LM | N22: L | O22: L | P22: L | Q22: L | R22: L | S22: L | T22: L | U22: L | V22: L | W22: L | X22: L | Y22: L | Z22: L | AA22: L | AB22: L | AC22: L | AD22: L | AE22: L | AF22: L | AG22: L | AH22: L | AI22: L | AJ22: L | AK22: L | AL22: L | AM22: L | AN22: L | AO22: LM | AP22: LM | AQ22: LM | AR22: LM | AS22: LM | AT22: LM | AU22: LM | AV22: LM | AW22: LM
A23: Angola | B23: AGO | C23: Africa | D23: Middle Africa | E23: c | F23: 2860 | G23: 11.626 | H23: 39.04 | I23: 40.215 | J23: LM | K23: LM | L23: LM | M23: LM | N23: LM | O23: LM | P23: LM | Q23: LM | R23: L | S23: L | T23: L | U23: L | V23: L | W23: L | X23: L | Y23: L | Z23: L | AA23: LM | AB23: LM | AC23: LM | AD23: LM | AE23: LM | AF23: LM | AG23: LM | AH23: UM | AI23: UM | AJ23: UM | AK23: UM | AL23: UM | AM23: LM | AN23: LM | AO23: LM | AP23: LM | AQ23: LM | AR23: LM | AS23: LM | AT23: LM | AU23: LM | AV23: LM | AW23: LM
A24: Cameroon | B24: CMR | C24: Africa | D24: Middle Africa | E24: c | F24: 1860 | G24: 11.332 | H24: 29.879 | I24: 30.641 | J24: LM | K24: LM | L24: LM | M24: LM | N24: LM | O24: LM | P24: LM | Q24: L | R24: L | S24: L | T24: L | U24: L | V24: L | W24: L | X24: L | Y24: L | Z24: L | AA24: L | AB24: LM | AC24: LM | AD24: LM | AE24: LM | AF24: LM | AG24: LM | AH24: LM | AI24: LM | AJ24: LM | AK24: LM | AL24: LM | AM24: LM | AN24: LM | AO24: LM | AP24: LM | AQ24: LM | AR24: LM | AS24: LM | AT24: LM | AU24: LM | AV24: LM | AW24: LM
A25: Central African Republic | B25: CAF | C25: Africa | D25: Middle Africa | E25: c | F25: 560 | G25: 2.872 | H25: 5.513 | I25: 5.699 | J25: L | K25: L | L25: L | M25: L | N25: L | O25: L | P25: L | Q25: L | R25: L | S25: L | T25: L | U25: L | V25: L | W25: L | X25: L | Y25: L | Z25: L | AA25: L | AB25: L | AC25: L | AD25: L | AE25: L | AF25: L | AG25: L | AH25: L | AI25: L | AJ25: L | AK25: L | AL25: L | AM25: L | AN25: L | AO25: L | AP25: L | AQ25: L | AR25: L | AS25: L | AT25: L | AU25: L | AV25: L | AW25: L
A26: Chad | B26: TCD | C26: Africa | D26: Middle Africa | E26: c | F26: 970 | G26: 5.983 | H26: 21.004 | I26: 21.56 | J26: L | K26: L | L26: L | M26: L | N26: L | O26: L | P26: L | Q26: L | R26: L | S26: L | T26: L | U26: L | V26: L | W26: L | X26: L | Y26: L | Z26: L | AA26: L | AB26: L | AC26: L | AD26: L | AE26: L | AF26: L | AG26: L | AH26: L | AI26: L | AJ26: L | AK26: L | AL26: L | AM26: L | AN26: L | AO26: L | AP26: L | AQ26: L | AR26: L | AS26: L | AT26: L | AU26: L | AV26: L | AW26: L
A27: Congo, Dem. Rep. | B27: COD | C27: Africa | D27: Middle Africa | E27: c | F27: 720 | G27: 36.684 | H27: 112.832 | I27: 116.452 | J27: L | K27: L | L27: L | M27: L | N27: L | O27: L | P27: L | Q27: L | R27: L | S27: L | T27: L | U27: L | V27: L | W27: L | X27: L | Y27: L | Z27: L | AA27: L | AB27: L | AC27: L | AD27: L | AE27: L | AF27: L | AG27: L | AH27: L | AI27: L | AJ27: L | AK27: L | AL27: L | AM27: L | AN27: L | AO27: L | AP27: L | AQ27: L | AR27: L | AS27: L | AT27: L | AU27: L | AV27: L | AW27: L
A28: Congo, Rep. | B28: COG | C28: Africa | D28: Middle Africa | E28: c | F28: 2280 | G28: 2.381 | H28: 6.484 | I28: 6.638 | J28: LM | K28: LM | L28: LM | M28: LM | N28: LM | O28: LM | P28: LM | Q28: L | R28: L | S28: L | T28: L | U28: L | V28: L | W28: L | X28: L | Y28: L | Z28: L | AA28: L | AB28: LM | AC28: LM | AD28: LM | AE28: LM | AF28: LM | AG28: LM | AH28: LM | AI28: LM | AJ28: LM | AK28: LM | AL28: LM | AM28: LM | AN28: LM | AO28: LM | AP28: LM | AQ28: LM | AR28: LM | AS28: LM | AT28: LM | AU28: LM | AV28: LM | AW28: LM
A29: Equatorial Guinea | B29: GNQ | C29: Africa | D29: Middle Africa | E29: c | F29: 5890 | G29: 0.474 | H29: 1.938 | I29: 1.984 | J29: L | K29: UM | L29: UM | M29: L | N29: L | O29: L | P29: L | Q29: L | R29: L | S29: L | T29: LM | U29: LM | V29: LM | W29: LM | X29: L | Y29: L | Z29: L | AA29: UM | AB29: UM | AC29: UM | AD29: H | AE29: H | AF29: H | AG29: H | AH29: H | AI29: H | AJ29: H | AK29: H | AL29: UM | AM29: UM | AN29: UM | AO29: UM | AP29: UM | AQ29: UM | AR29: UM | AS29: UM | AT29: UM | AU29: UM | AV29: UM | AW29: UM
A30: Gabon | B30: GAB | C30: Africa | D30: Middle Africa | E30: c | F30: 8090 | G30: 0.984 | H30: 2.593 | I30: 2.647 | J30: UM | K30: UM | L30: UM | M30: UM | N30: UM | O30: UM | P30: UM | Q30: UM | R30: UM | S30: UM | T30: UM | U30: UM | V30: UM | W30: UM | X30: UM | Y30: UM | Z30: UM | AA30: UM | AB30: UM | AC30: UM | AD30: UM | AE30: UM | AF30: UM | AG30: UM | AH30: UM | AI30: UM | AJ30: UM | AK30: UM | AL30: UM | AM30: UM | AN30: UM | AO30: UM | AP30: UM | AQ30: UM | AR30: UM | AS30: UM | AT30: UM | AU30: UM | AV30: UM | AW30: UM
... A59: Antigua and Barbuda | B59: ATG | C59: Americas | D59: Caribbean | E59: n | F59: 23790 | G59: 0.063 | H59: 0.094 | I59: 0.095 | J59: UM | K59: H | L59: H | M59: UM | N59: UM | O59: UM | P59: UM | Q59: UM | R59: UM | S59: UM | T59: UM | U59: UM | V59: UM | W59: UM | X59: UM | Y59: H | Z59: UM | AA59: UM | AB59: H | AC59: H | AD59: H | AE59: H | AF59: UM | AG59: UM | AH59: UM | AI59: H | AJ59: H | AK59: H | AL59: H | AM59: H | AN59: H | AO59: H | AP59: H | AQ59: H | AR59: H | AS59: H | AT59: H | AU59: H | AV59: H | AW59: H
A60: Aruba | B60: ABW | C60: Americas | D60: Caribbean | E60: n | G60: 0.063 | H60: 0.108 | I60: 0.108 | J60: H | K60: H | L60: H | M60: H | N60: UM | O60: UM | P60: UM | Q60: H | R60: H | S60: H | T60: H | U60: H | V60: H | W60: H | X60: H | Y60: H | Z60: H | AA60: H | AB60: H | AC60: H | AD60: H | AE60: H | AF60: H | AG60: H | AH60: H | AI60: H | AJ60: H | AK60: H | AL60: H | AM60: H | AN60: H | AO60: H | AP60: H | AQ60: H | AR60: H | AS60: H | AT60: H | AU60: H | AV60: H | AW60: H
A61: Bahamas, The | B61: BHS | C61: Americas | D61: Caribbean | E61: n | G61: 0.276 | H61: 0.403 | I61: 0.405 | J61: H | K61: H | L61: H | M61: H | N61: H | O61: H | P61: H | Q61: H | R61: H | S61: H | T61: H | U61: H | V61: H | W61: H | X61: H | Y61: H | Z61: H | AA61: H | AB61: H | AC61: H | AD61: H | AE61: H | AF61: H | AG61: H | AH61: H | AI61: H | AJ61: H | AK61: H | AL61: H | AM61: H | AN61: H | AO61: H | AP61: H | AQ61: H | AR61: H | AS61: H | AT61: H | AU61: H | AV61: H | AW61: H
A62: Barbados | B62: BRB | C62: Americas | D62: Caribbean | E62: c | F62: 27080 | G62: 0.259 | H62: 0.283 | I62: 0.283 | J62: UM | K62: H | L62: H | M62: UM | N62: UM | O62: UM | P62: UM | Q62: UM | R62: UM | S62: UM | T62: UM | U62: UM | V62: UM | W62: H | X62: UM | Y62: H | Z62: UM | AA62: UM | AB62: UM | AC62: H | AD62: H | AE62: H | AF62: H | AG62: H | AH62: H | AI62: H | AJ62: H | AK62: H | AL62: H | AM62: H | AN62: H | AO62: H | AP62: H | AQ62: H | AR62: H | AS62: H | AT62: H | AU62: H | AV62: H | AW62: H
A63: Bermuda | B63: BMU | C63: Americas | D63: Caribbean | E63: n | G63: 0.058 | H63: 0.065 | I63: 0.064 | J63: H | K63: H | L63: H | M63: H | N63: H | O63: H | P63: H | Q63: H | R63: H | S63: H | T63: H | U63: H | V63: H | W63: H | X63: H | Y63: H | Z63: H | AA63: H | AB63: H | AC63: H | AD63: H | AE63: H | AF63: H | AG63: H | AH63: H | AI63: H | AJ63: H | AK63: H | AL63: H | AM63: H | AN63: H | AO63: H | AP63: H | AQ63: H | AR63: H | AS63: H | AT63: H | AU63: H | AV63: H | AW63: H
A64: British Virgin Islands | B64: VGB | C64: Americas | D64: Caribbean | E64: n | G64: 0.016 | H64: 0.04 | I64: 0.04 | K64: H | L64: H | AL64: H | AM64: H | AN64: H | AO64: H | AP64: H | AQ64: H | AR64: H | AS64: H | AT64: H | AU64: H | AV64: H | AW64: H
A65: Cayman Islands | B65: CYM | C65: Americas | D65: Caribbean | E65: n | G65: 0.026 | H65: 0.076 | I65: 0.077 | K65: H | L65: H | P65: H | Q65: H | R65: H | S65: H | T65: H | U65: H | V65: H | W65: H | X65: H | Y65: H | Z65: H | AA65: H | AB65: H | AC65: H | AD65: H | AE65: H | AF65: H | AG65: H | AH65: H | AI65: H | AJ65: H | AK65: H | AL65: H | AM65: H | AN65: H | AO65: H | AP65: H | AQ65: H | AR65: H | AS65: H | AT65: H | AU65: H | AV65: H | AW65: H
A66: Cuba | B66: CUB | C66: Americas | D66: Caribbean | E66: n | G66: 10.632 | H66: 10.937 | I66: 10.893 | J66: LM | K66: UM | L66: UM | M66: LM | N66: LM | O66: LM | P66: LM | Q66: LM | R66: LM | S66: LM | T66: LM | U66: LM | V66: LM | W66: LM | X66: LM | Y66: LM | Z66: LM | AA66: LM | AB66: LM | AC66: LM | AD66: UM | AE66: UM | AF66: UM | AG66: UM | AH66: UM | AI66: UM | AJ66: UM | AK66: UM | AL66: UM | AM66: UM | AN66: UM | AO66: UM | AP66: UM | AQ66: UM | AR66: UM | AS66: UM | AT66: UM | AU66: UM | AV66: UM | AW66: UM
A67: Curaçao | B67: CUW | C67: Americas | D67: Caribbean | E67: n | G67: 0.145 | H67: 0.156 | I67: 0.156 | K67: H | L67: H | AG67: H | AH67: H | AI67: H | AJ67: H | AK67: H | AL67: H | AM67: H | AN67: H | AO67: H | AP67: H | AQ67: H | AR67: H | AS67: H | AT67: H | AU67: H | AV67: H | AW67: H
A68: Dominica | B68: DMA | C68: Americas | D68: Caribbean | E68: n | F68: 10690 | G68: 0.07 | H68: 0.066 | I68: 0.066 | J68: LM | K68: UM | L68: UM | M68: LM | N68: LM | O68: LM | P68: LM | Q68: LM | R68: LM | S68: LM | T68: LM | U68: LM | V68: UM | W68: UM | X68: UM | Y68: UM | Z68: UM | AA68: UM | AB68: UM | AC68: UM | AD68: UM | AE68: UM | AF68: UM | AG68: UM | AH68: UM | AI68: UM | AJ68: UM | AK68: UM | AL68: UM | AM68: UM | AN68: UM | AO68: UM | AP68: UM | AQ68: UM | AR68: UM | AS68: UM | AT68: UM | AU68: UM | AV68: UM | AW68: UM
A69: Dominican Republic | B69: DOM | C69: Americas | D69: Caribbean | E69: i | F69: 10620 | G69: 7.151 | H69: 11.52 | I69: 11.609 | J69: LM | K69: UM | L69: UM | M69: LM | N69: LM | O69: LM | P69: LM | Q69: LM | R69: LM | S69: LM | T69: LM | U69: LM | V69: LM | W69: LM | X69: LM | Y69: LM | Z69: LM | AA69: LM | AB69: LM | AC69: LM | AD69: LM | AE69: UM | AF69: UM | AG69: UM | AH69: UM | AI69: UM | AJ69: UM | AK69: UM | AL69: UM | AM69: UM | AN69: UM | AO69: UM | AP69: UM | AQ69: UM | AR69: UM | AS69: UM | AT69: UM | AU69: UM | AV69: UM | AW69: UM
A70: Grenada | B70: GRD | C70: Americas | D70: Caribbean | E70: c | F70: 11660 | G70: 0.1 | H70: 0.117 | I70: 0.117 | J70: LM | K70: UM | L70: UM | M70: LM | N70: LM | O70: LM | P70: LM | Q70: LM | R70: LM | S70: LM | T70: UM | U70: UM | V70: UM | W70: UM | X70: UM | Y70: UM | Z70: UM | AA70: UM | AB70: UM | AC70: UM | AD70: UM | AE70: UM | AF70: UM | AG70: UM | AH70: UM | AI70: UM | AJ70: UM | AK70: UM | AL70: UM | AM70: UM | AN70: UM | AO70: UM | AP70: UM | AQ70: UM | AR70: UM | AS70: UM | AT70: UM | AU70: UM | AV70: UM | AW70: UM
A71: Haiti | B71: HTI | C71: Americas | D71: Caribbean | E71: c | F71: 2010 | G71: 6.854 | H71: 11.906 | I71: 12.038 | J71: L | K71: LM | L71: LM | M71: L | N71: L | O71: L | P71: L | Q71: L | R71: L | S71: L | T71: L | U71: L | V71: L | W71: L | X71: L | Y71: L | Z71: L | AA71: L | AB71: L | AC71: L | AD71: L | AE71: L | AF71: L | AG71: L | AH71: L | AI71: L | AJ71: L | AK71: L | AL71: L | AM71: L | AN71: L | AO71: L | AP71: L | AQ71: LM | AR71: LM | AS71: LM | AT71: LM | AU71: LM | AV71: LM | AW71: LM
A72: Jamaica | B72: JAM | C72: Americas | D72: Caribbean | E72: c | F72: 7790 | G72: 2.38 | H72: 2.837 | I72: 2.833 | J72: LM | K72: UM | L72: UM | M72: LM | N72: LM | O72: LM | P72: LM | Q72: LM | R72: LM | S72: LM | T72: LM | U72: LM | V72: LM | W72: LM | X72: LM | Y72: LM | Z72: LM | AA72: LM | AB72: LM | AC72: LM | AD72: UM | AE72: UM | AF72: UM | AG72: UM | AH72: UM | AI72: UM | AJ72: UM | AK72: UM | AL72: UM | AM72: UM | AN72: UM | AO72: UM | AP72: UM | AQ72: UM | AR72: UM | AS72: UM | AT72: UM | AU72: UM | AV72: UM | AW72: UM
A73: Puerto Rico (U.S.) | B73: PRI | C73: Americas | D73: Caribbean | E73: n | F73: 27320 | G73: 3.537 | H73: 3.191 | I73: 3.174 | J73: UM | K73: H | L73: H | M73: UM | N73: UM | O73: UM | P73: UM | Q73: UM | R73: UM | S73: UM | T73: UM | U73: UM | V73: UM | W73: UM | X73: UM | Y73: H | Z73: H | AA73: H | AB73: H | AC73: H | AD73: H | AE73: H | AF73: H | AG73: H | AH73: H | AI73: H | AJ73: H | AK73: H | AL73: H | AM73: H | AN73: H | AO73: H | AP73: H | AQ73: H | AR73: H | AS73: H | AT73: H | AU73: H | AV73: H | AW73: H
A74: Sint Maarten (Dutch part) | B74: SXM | C74: Americas | D74: Caribbean | E74: n | G74: 0.028 | H74: 0.044 | I74: 0.044 | K74: H | L74: H | AG74: H | AH74: H | AI74: H | AJ74: H | AK74: H | AL74: H | AM74: H | AN74: H | AO74: H | AP74: H | AQ74: H | AR74: H | AS74: H | AT74: H | AU74: H | AV74: H | AW74: H
A75: St. Kitts and Nevis | B75: KNA | C75: Americas | D75: Caribbean | E75: n | F75: 24530 | G75: 0.04 | H75: 0.047 | I75: 0.047 | J75: UM | K75: H | L75: H | M75: UM | N75: UM | O75: UM | P75: UM | Q75: UM | R75: UM | S75: UM | T75: UM | U75: UM | V75: UM | W75: UM | X75: UM | Y75: UM | Z75: UM | AA75: UM | AB75: UM | AC75: UM | AD75: UM | AE75: UM | AF75: UM | AG75: UM | AH75: H | AI75: H | AJ75: H | AK75: H | AL75: H | AM75: H | AN75: H | AO75: H | AP75: H | AQ75: H | AR75: H | AS75: H | AT75: H | AU75: H | AV75: H | AW75: H
A76: St. Lucia | B76: LCA | C76: Americas | D76: Caribbean | E76: c | F76: 13410 | G76: 0.138 | H76: 0.18 | I76: 0.18 | J76: LM | K76: UM | L76: UM | M76: LM | N76: LM | O76: UM | P76: UM | Q76: UM | R76: UM | S76: UM | T76: UM | U76: UM | V76: UM | W76: UM | X76: UM | Y76: UM | Z76: UM | AA76: UM | AB76: UM | AC76: UM | AD76: UM | AE76: UM | AF76: UM | AG76: UM | AH76: UM | AI76: UM | AJ76: UM | AK76: UM | AL76: UM | AM76: UM | AN76: UM | AO76: UM | AP76: UM | AQ76: UM | AR76: UM | AS76: UM | AT76: UM | AU76: UM | AV76: UM | AW76: UM
A77: St. Martin (French part) | B77: MAF | C77: Americas | D77: Caribbean | E77: n | G77: 0.028 | H77: 0.025 | I77: 0.024 | K77: H | L77: H | AG77: H | AH77: H | AI77: H | AJ77: H | AK77: H | AL77: H | AM77: H | AN77: H | AO77: H | AP77: H | AQ77: H | AR77: H | AS77: H | AT77: H | AU77: H | AV77: H | AW77: H
A78: St. Vincent and the Grenadines | B78: VCT | C78: Americas | D78: Caribbean | E78: n | F78: 12000 | G78: 0.112 | H78: 0.1 | I78: 0.099 | J78: LM | K78: UM | L78: UM | M78: LM | N78: LM | O78: LM | P78: LM | Q78: LM | R78: LM | S78: LM | T78: LM | U78: LM | V78: LM | W78: LM | X78: LM | Y78: LM | Z78: UM | AA78: UM | AB78: UM | AC78: UM | AD78: UM | AE78: UM | AF78: UM | AG78: UM | AH78: UM | AI78: UM | AJ78: UM | AK78: UM | AL78: UM | AM78: UM | AN78: UM | AO78: UM | AP78: UM | AQ78: UM | AR78: UM | AS78: UM | AT78: UM | AU78: UM | AV78: UM | AW78: UM
A79: Trinidad and Tobago | B79: TTO | C79: Americas | D79: Caribbean | E79: i | F79: 18550 | G79: 1.252 | H79: 1.371 | I79: 1.373 | J79: UM | K79: H | L79: H | M79: UM | N79: UM | O79: UM | P79: UM | Q79: UM | R79: UM | S79: UM | T79: UM | U79: UM | V79: UM | W79: UM | X79: UM | Y79: UM | Z79: UM | AA79: UM | AB79: UM | AC79: H | AD79: H | AE79: H | AF79: H | AG79: H | AH79: H | AI79: H | AJ79: H | AK79: H | AL79: H | AM79: H | AN79: H | AO79: H | AP79: H | AQ79: H | AR79: H | AS79: H | AT79: H | AU79: H | AV79: H | AW79: H
A80: Turks and Caicos Islands | B80: TCA | C80: Americas | D80: Caribbean | E80: n | G80: 0.012 | H80: 0.047 | I80: 0.047 | K80: H | L80: H | AF80: H | AG80: H | AH80: H | AI80: H | AJ80: H | AK80: H | AL80: H | AM80: H | AN80: H | AO80: H | AP80: H | AQ80: H | AR80: H | AS80: H | AT80: H | AU80: H | AV80: H | AW80: H
A81: Virgin Islands (U.S.) | B81: VIR | C81: Americas | D81: Caribbean | E81: n | G81: 0.104 | H81: 0.104 | I81: 0.103 | J81: H | K81: H | L81: H | M81: H | N81: H | O81: H | P81: H | Q81: H | R81: H | S81: H | T81: H | U81: H | V81: H | W81: H | X81: H | Y81: H | Z81: H | AA81: H | AB81: H | AC81: H | AD81: H | AE81: H | AF81: H | AG81: H | AH81: H | AI81: H | AJ81: H | AK81: H | AL81: H | AM81: H | AN81: H | AO81: H | AP81: H | AQ81: H | AR81: H | AS81: H | AT81: H | AU81: H | AV81: H | AW81: H
A82: Belize | B82: BLZ | C82: Americas | D82: Central America | E82: c | F82: 7530 | G82: 0.183 | H82: 0.423 | I82: 0.429 | J82: LM | K82: UM | L82: UM | M82: LM | N82: LM | O82: LM | P82: LM | Q82: LM | R82: LM | S82: LM | T82: LM | U82: LM | V82: LM | W82: LM | X82: LM | Y82: UM | Z82: UM | AA82: UM | AB82: UM | AC82: UM | AD82: UM | AE82: LM | AF82: LM | AG82: LM | AH82: LM | AI82: UM | AJ82: UM | AK82: UM | AL82: UM | AM82: UM | AN82: UM | AO82: UM | AP82: UM | AQ82: LM | AR82: UM | AS82: UM | AT82: UM | AU82: UM | AV82: UM | AW82: UM
A83: Costa Rica | B83: CRI | C83: Americas | D83: Central America | E83: i | F83: 17930 | G83: 3.122 | H83: 5.153 | I83: 5.175 | J83: LM | K83: H | L83: H | M83: LM | N83: LM | O83: LM | P83: LM | Q83: LM | R83: LM | S83: LM | T83: LM | U83: LM | V83: LM | W83: UM | X83: UM | Y83: UM | Z83: UM | AA83: UM | AB83: UM | AC83: UM | AD83: UM | AE83: UM | AF83: UM | AG83: UM | AH83: UM | AI83: UM | AJ83: UM | AK83: UM | AL83: UM | AM83: UM | AN83: UM | AO83: UM | AP83: UM | AQ83: UM | AR83: UM | AS83: UM | AT83: UM | AU83: H | AV83: H | AW83: H
A84: El Salvador | B84: SLV | C84: Americas | D84: Central America | E84: i | F84: 5410 | G84: 5.4 | H84: 6.366 | I84: 6.391 | J84: LM | K84: UM | L84: UM | M84: LM | N84: LM | O84: LM | P84: LM | Q84: LM | R84: LM | S84: LM | T84: LM | U84: LM | V84: LM | W84: LM | X84: LM | Y84: LM | Z84: LM | AA84: LM | AB84: LM | AC84: LM | AD84: LM | AE84: LM | AF84: LM | AG84: LM | AH84: LM | AI84: LM | AJ84: LM | AK84: LM | AL84: LM | AM84: LM | AN84: LM | AO84: LM | AP84: LM | AQ84: LM | AR84: LM | AS84: UM | AT84: UM | AU84: UM | AV84: UM | AW84: UM
A85: Guatemala | B85: GTM | C85: Americas | D85: Central America | E85: i | F85: 6360 | G85: 9.025 | H85: 18.688 | I85: 18.968 | J85: LM | K85: UM | L85: UM | M85: LM | N85: LM | O85: LM | P85: LM | Q85: LM | R85: LM | S85: LM | T85: LM | U85: LM | V85: LM | W85: LM | X85: LM | Y85: LM | Z85: LM | AA85: LM | AB85: LM | AC85: LM | AD85: LM | AE85: LM | AF85: LM | AG85: LM | AH85: LM | AI85: LM | AJ85: LM | AK85: LM | AL85: LM | AM85: LM | AN85: UM | AO85: UM | AP85: UM | AQ85: UM | AR85: UM | AS85: UM | AT85: UM | AU85: UM | AV85: UM | AW85: UM
A86: Honduras | B86: HND | C86: Americas | D86: Central America | E86: i | F86: 3270 | G86: 4.98 | H86: 11.006 | I86: 11.185 | J86: L | K86: LM | L86: LM | M86: L | N86: L | O86: L | P86: L | Q86: L | R86: L | S86: L | T86: L | U86: L | V86: LM | W86: LM | X86: LM | Y86: LM | Z86: LM | AA86: LM | AB86: LM | AC86: LM | AD86: LM | AE86: LM | AF86: LM | AG86: LM | AH86: LM | AI86: LM | AJ86: LM | AK86: LM | AL86: LM | AM86: LM | AN86: LM | AO86: LM | AP86: LM | AQ86: LM | AR86: LM | AS86: LM | AT86: LM | AU86: LM | AV86: LM | AW86: LM
A87: Mexico | B87: MEX | C87: Americas | D87: Central America | E87: i | F87: 13730 | G87: 82.82 | H87: 131.947 | I87: 132.998 | J87: UM | K87: UM | L87: UM | M87: UM | N87: UM | O87: UM | P87: UM | Q87: UM | R87: UM | S87: UM | T87: UM | U87: UM | V87: UM | W87: UM | X87: UM | Y87: UM | Z87: UM | AA87: UM | AB87: UM | AC87: UM | AD87: UM | AE87: UM | AF87: UM | AG87: UM | AH87: UM | AI87: UM | AJ87: UM | AK87: UM | AL87: UM | AM87: UM | AN87: UM | AO87: UM | AP87: UM | AQ87: UM | AR87: UM | AS87: UM | AT87: UM | AU87: UM | AV87: UM | AW87: UM
A88: Nicaragua | B88: NIC | C88: Americas | D88: Central America | E88: i | F88: 2850 | G88: 4.163 | H88: 7.008 | I88: 7.097 | J88: LM | K88: LM | L88: LM | M88: LM | N88: L | O88: L | P88: L | Q88: L | R88: L | S88: L | T88: L | U88: L | V88: L | W88: L | X88: L | Y88: L | Z88: L | AA88: L | AB88: LM | AC88: LM | AD88: LM | AE88: LM | AF88: LM | AG88: LM | AH88: LM | AI88: LM | AJ88: LM | AK88: LM | AL88: LM | AM88: LM | AN88: LM | AO88: LM | AP88: LM | AQ88: LM | AR88: LM | AS88: LM | AT88: LM | AU88: LM | AV88: LM | AW88: LM
A89: Panama | B89: PAN | C89: Americas | D89: Central America | E89: i | F89: 19140 | G89: 2.456 | H89: 4.571 | I89: 4.626 | J89: LM | K89: H | L89: H | M89: LM | N89: LM | O89: LM | P89: LM | Q89: LM | R89: LM | S89: LM | T89: LM | U89: UM | V89: UM | W89: UM | X89: UM | Y89: UM | Z89: UM | AA89: UM | AB89: UM | AC89: UM | AD89: UM | AE89: UM | AF89: UM | AG89: UM | AH89: UM | AI89: UM | AJ89: UM | AK89: UM | AL89: UM | AM89: UM | AN89: H | AO89: H | AP89: H | AQ89: UM | AR89: H | AS89: H | AT89: H | AU89: H | AV89: H | AW89: H
A90: Canada | B90: CAN | C90: Americas | D90: Northern America | E90: i | F90: 56420 | G90: 27.691 | H90: 41.635 | I90: 41.939 | J90: H | K90: H | L90: H | M90: H | N90: H | O90: H | P90: H | Q90: H | R90: H | S90: H | T90: H | U90: H | V90: H | W90: H | X90: H | Y90: H | Z90: H | AA90: H | AB90: H | AC90: H | AD90: H | AE90: H | AF90: H | AG90: H | AH90: H | AI90: H | AJ90: H | AK90: H | AL90: H | AM90: H | AN90: H | AO90: H | AP90: H | AQ90: H | AR90: H | AS90: H | AT90: H | AU90: H | AV90: H | AW90: H
A91: Greenland | B91: GRL | C91: Americas | D91: Northern America | E91: n | G91: 0.056 | H91: 0.057 | J91: H | K91: H | L91: H | M91: H | N91: H | O91: H | P91: H | Q91: H | R91: H | S91: H | T91: H | U91: H | V91: H | W91: H | X91: H | Y91: H | Z91: H | AA91: H | AB91: H | AC91: H | AD91: H | AE91: H | AF91: H | AG91: H | AH91: H | AI91: H | AJ91: H | AK91: H | AL91: H | AM91: H | AN91: H | AO91: H | AP91: H | AQ91: H | AR91: H | AS91: H | AT91: H | AU91: H | AV91: H | AW91: H
A92: United States | B92: USA | C92: Americas | D92: Northern America | E92: i | F92: 88810 | G92: 249.623 | H92: 341.808 | I92: 343.406 | J92: H | K92: H | L92: H | M92: H | N92: H | O92: H | P92: H | Q92: H | R92: H | S92: H | T92: H | U92: H | V92: H | W92: H | X92: H | Y92: H | Z92: H | AA92: H | AB92: H | AC92: H | AD92: H | AE92: H | AF92: H | AG92: H | AH92: H | AI92: H | AJ92: H | AK92: H | AL92: H | AM92: H | AN92: H | AO92: H | AP92: H | AQ92: H | AR92: H | AS92: H | AT92: H | AU92: H | AV92: H | AW92: H
A93: Argentina | B93: ARG | C93: Americas | D93: South America | E93: i | F93: 14650 | G93: 32.756 | H93: 45.851 | I93: 46.004 | J93: LM | K93: UM | L93: H | M93: LM | N93: UM | O93: UM | P93: UM | Q93: UM | R93: UM | S93: UM | T93: UM | U93: UM | V93: UM | W93: UM | X93: UM | Y93: UM | Z93: UM | AA93: UM | AB93: UM | AC93: UM | AD93: UM | AE93: UM | AF93: UM | AG93: UM | AH93: UM | AI93: UM | AJ93: UM | AK93: H | AL93: UM | AM93: UM | AN93: H | AO93: UM | AP93: UM | AQ93: UM | AR93: UM | AS93: UM | AT93: UM | AU93: UM | AV93: UM | AW93: H
A94: Bolivia | B94: BOL | C94: Americas | D94: South America | E94: i | F94: 4420 | G94: 7.13 | H94: 12.582 | I94: 12.749 | J94: LM | K94: LM | L94: LM | M94: LM | N94: LM | O94: LM | P94: LM | Q94: LM | R94: LM | S94: LM | T94: LM | U94: LM | V94: LM | W94: LM | X94: LM | Y94: LM | Z94: LM | AA94: LM | AB94: LM | AC94: LM | AD94: LM | AE94: LM | AF94: LM | AG94: LM | AH94: LM | AI94: LM | AJ94: LM | AK94: LM | AL94: LM | AM94: LM | AN94: LM | AO94: LM | AP94: LM | AQ94: LM | AR94: LM | AS94: LM | AT94: LM | AU94: LM | AV94: LM | AW94: LM
A95: Brazil | B95: BRA | C95: Americas | D95: South America | E95: i | F95: 10550 | G95: 149.143 | H95: 212.812 | I95: 213.563 | J95: UM | K95: UM | L95: UM | M95: UM | N95: UM | O95: UM | P95: UM | Q95: UM | R95: UM | S95: UM | T95: UM | U95: UM | V95: UM | W95: UM | X95: UM | Y95: LM | Z95: LM | AA95: LM | AB95: LM | AC95: UM | AD95: UM | AE95: UM | AF95: UM | AG95: UM | AH95: UM | AI95: UM | AJ95: UM | AK95: UM | AL95: UM | AM95: UM | AN95: UM | AO95: UM | AP95: UM | AQ95: UM | AR95: UM | AS95: UM | AT95: UM | AU95: UM | AV95: UM | AW95: UM
A96: Chile | B96: CHL | C96: Americas | D96: South America | E96: i | F96: 16960 | G96: 13.437 | H96: 19.86 | I96: 19.946 | J96: LM | K96: H | L96: H | M96: LM | N96: LM | O96: LM | P96: UM | Q96: UM | R96: UM | S96: UM | T96: UM | U96: UM | V96: UM | W96: UM | X96: UM | Y96: UM | Z96: UM | AA96: UM | AB96: UM | AC96: UM | AD96: UM | AE96: UM | AF96: UM | AG96: UM | AH96: UM | AI96: H | AJ96: H | AK96: H | AL96: H | AM96: H | AN96: H | AO96: H | AP96: H | AQ96: H | AR96: H | AS96: H | AT96: H | AU96: H | AV96: H | AW96: H
A97: Colombia | B97: COL | C97: Americas | D97: South America | E97: i | F97: 7900 | G97: 32.44 | H97: 53.426 | I97: 53.936 | J97: LM | K97: UM | L97: UM | M97: LM | N97: LM | O97: LM | P97: LM | Q97: LM | R97: LM | S97: LM | T97: LM | U97: LM | V97: LM | W97: LM | X97: LM | Y97: LM | Z97: LM | AA97: LM | AB97: LM | AC97: LM | AD97: LM | AE97: UM | AF97: UM | AG97: UM | AH97: UM | AI97: UM | AJ97: UM | AK97: UM | AL97: UM | AM97: UM | AN97: UM | AO97: UM | AP97: UM | AQ97: UM | AR97: UM | AS97: UM | AT97: UM | AU97: UM | AV97: UM | AW97: UM
A98: Ecuador | B98: ECU | C98: Americas | D98: South America | E98: i | F98: 6890 | G98: 10.474 | H98: 18.29 | I98: 18.445 | J98: LM | K98: UM | L98: UM | M98: LM | N98: LM | O98: LM | P98: LM | Q98: LM | R98: LM | S98: LM | T98: LM | U98: LM | V98: LM | W98: LM | X98: LM | Y98: LM | Z98: LM | AA98: LM | AB98: LM | AC98: LM | AD98: LM | AE98: LM | AF98: LM | AG98: UM | AH98: UM | AI98: UM | AJ98: UM | AK98: UM | AL98: UM | AM98: UM | AN98: UM | AO98: UM | AP98: UM | AQ98: UM | AR98: UM | AS98: UM | AT98: UM | AU98: UM | AV98: UM | AW98: UM
A99: Guyana | B99: GUY | C99: Americas | D99: South America | E99: i | F99: 28470 | G99: 0.75 | H99: 0.836 | I99: 0.841 | J99: L | K99: H | L99: H | M99: L | N99: L | O99: L | P99: L | Q99: L | R99: L | S99: L | T99: LM | U99: LM | V99: LM | W99: LM | X99: LM | Y99: LM | Z99: LM | AA99: LM | AB99: LM | AC99: LM | AD99: LM | AE99: LM | AF99: LM | AG99: LM | AH99: LM | AI99: LM | AJ99: LM | AK99: LM | AL99: UM | AM99: UM | AN99: UM | AO99: UM | AP99: UM | AQ99: UM | AR99: UM | AS99: H | AT99: H | AU99: H | AV99: H | AW99: H
A100: Paraguay | B100: PRY | C100: Americas | D100: South America | E100: i | F100: 6750 | G100: 4.036 | H100: 7.013 | I100: 7.095 | J100: LM | K100: UM | L100: UM | M100: LM | N100: LM | O100: LM | P100: LM | Q100: LM | R100: LM | S100: LM | T100: LM | U100: LM | V100: LM | W100: LM | X100: LM | Y100: LM | Z100: LM | AA100: LM | AB100: LM | AC100: LM | AD100: LM | AE100: LM | AF100: LM | AG100: LM | AH100: LM | AI100: LM | AJ100: LM | AK100: UM | AL100: UM | AM100: UM | AN100: UM | AO100: UM | AP100: UM | AQ100: UM | AR100: UM | AS100: UM | AT100: UM | AU100: UM | AV100: UM | AW100: UM
A101: Peru | B101: PER | C101: Americas | D101: South America | E101: i | F101: 8430 | G101: 22.015 | H101: 34.577 | I101: 34.922 | J101: LM | K101: UM | L101: UM | M101: LM | N101: LM | O101: LM | P101: LM | Q101: LM | R101: LM | S101: LM | T101: LM | U101: LM | V101: LM | W101: LM | X101: LM | Y101: LM | Z101: LM | AA101: LM | AB101: LM | AC101: LM | AD101: LM | AE101: UM | AF101: UM | AG101: UM | AH101: UM | AI101: UM | AJ101: UM | AK101: UM | AL101: UM | AM101: UM | AN101: UM | AO101: UM | AP101: UM | AQ101: UM | AR101: UM | AS101: UM | AT101: UM | AU101: UM | AV101: UM | AW101: UM
A102: Suriname | B102: SUR | C102: Americas | D102: South America | E102: c | F102: 6140 | G102: 0.412 | H102: 0.64 | I102: 0.645 | J102: UM | K102: UM | L102: UM | M102: UM | N102: UM | O102: UM | P102: LM | Q102: LM | R102: LM | S102: LM | T102: LM | U102: LM | V102: LM | W102: LM | X102: LM | Y102: LM | Z102: LM | AA102: LM | AB102: LM | AC102: LM | AD102: UM | AE102: UM | AF102: UM | AG102: UM | AH102: UM | AI102: UM | AJ102: UM | AK102: UM | AL102: UM | AM102: UM | AN102: UM | AO102: UM | AP102: UM | AQ102: UM | AR102: UM | AS102: UM | AT102: UM | AU102: UM | AV102: UM | AW102: UM
A103: Uruguay | B103: URY | C103: Americas | D103: South America | E103: i | F103: 24020 | G103: 3.104 | H103: 3.385 | I103: 3.383 | J103: UM | K103: H | L103: H | M103: UM | N103: UM | O103: UM | P103: UM | Q103: UM | R103: UM | S103: UM | T103: UM | U103: UM | V103: UM | W103: UM | X103: UM | Y103: UM | Z103: UM | AA103: UM | AB103: UM | AC103: UM | AD103: UM | AE103: UM | AF103: UM | AG103: UM | AH103: UM | AI103: H | AJ103: H | AK103: H | AL103: H | AM103: H | AN103: H | AO103: H | AP103: H | AQ103: H | AR103: H | AS103: H | AT103: H | AU103: H | AV103: H | AW103: H
A104: Venezuela, RB | B104: VEN | C104: Americas | D104: South America | E104: i | F104: 3860 | G104: 19.827 | H104: 28.517 | I104: 28.634 | J104: UM | K104: LM | L104: LM | M104: UM | N104: UM | O104: UM | P104: UM | Q104: LM | R104: LM | S104: LM | T104: UM | U104: UM | V104: UM | W104: UM | X104: UM | Y104: UM | Z104: UM | AA104: UM | AB104: UM | AC104: UM | AD104: UM | AE104: UM | AF104: UM | AG104: UM | AH104: UM | AI104: UM | AJ104: UM | AK104: H | AL104: UM | AM104: UM | AN104: UM | AO104: UM | AP104: UM | AV104: LM | AW104: LM
A105: Kazakhstan | B105: KAZ | C105: Asia | D105: Central Asia | E105: c | F105: 13740 | G105: 17.154 | H105: 20.844 | I105: 21.084 | K105: UM | L105: UM | N105: LM | O105: LM | P105: LM | Q105: LM | R105: LM | S105: LM | T105: LM | U105: LM | V105: LM | W105: LM | X105: LM | Y105: LM | Z105: LM | AA105: LM | AB105: LM | AC105: UM | AD105: UM | AE105: UM | AF105: UM | AG105: UM | AH105: UM | AI105: UM | AJ105: UM | AK105: UM | AL105: UM | AM105: UM | AN105: UM | AO105: UM | AP105: UM | AQ105: UM | AR105: UM | AS105: UM | AT105: UM | AU105: UM | AV105: UM | AW105: UM
A106: Kyrgyz Republic | B106: KGZ | C106: Asia | D106: Central Asia | E106: c | F106: 2800 | G106: 4.391 | H106: 7.331 | I106: 7.436 | K106: LM | L106: LM | N106: LM | O106: LM | P106: LM | Q106: L | R106: L | S106: L | T106: L | U106: L | V106: L | W106: L | X106: L | Y106: L | Z106: L | AA106: L | AB106: L | AC106: L | AD106: L | AE106: L | AF106: L | AG106: L | AH106: L | AI106: L | AJ106: LM | AK106: LM | AL106: LM | AM106: LM | AN106: LM | AO106: LM | AP106: LM | AQ106: LM | AR106: LM | AS106: LM | AT106: LM | AU106: LM | AV106: LM | AW106: LM
A107: Tajikistan | B107: TJK | C107: Asia | D107: Central Asia | E107: c | F107: 2080 | G107: 5.399 | H107: 10.787 | I107: 10.979 | K107: LM | L107: LM | N107: LM | O107: L | P107: L | Q107: L | R107: L | S107: L | T107: L | U107: L | V107: L | W107: L | X107: L | Y107: L | Z107: L | AA107: L | AB107: L | AC107: L | AD107: L | AE107: L | AF107: L | AG107: L | AH107: L | AI107: L | AJ107: L | AK107: LM | AL107: LM | AM107: LM | AN107: L | AO107: L | AP107: L | AQ107: LM | AR107: LM | AS107: LM | AT107: LM | AU107: LM | AV107: LM | AW107: LM
A108: Turkmenistan | B108: TKM | C108: Asia | D108: Central Asia | E108: c | F108: 6340 | G108: 3.761 | H108: 7.619 | I108: 7.737 | K108: UM | L108: UM | N108: LM | O108: LM | P108: LM | Q108: LM | R108: LM | S108: LM | T108: L | U108: L | V108: L | W108: LM | X108: LM | Y108: LM | Z108: LM | AA108: LM | AB108: LM | AC108: LM | AD108: LM | AE108: LM | AF108: LM | AG108: LM | AH108: UM | AI108: UM | AJ108: UM | AK108: UM | AL108: UM | AM108: UM | AN108: UM | AO108: UM | AP108: UM | AQ108: UM | AR108: UM | AS108: UM | AT108: UM | AU108: UM | AV108: UM | AW108: UM
A109: Uzbekistan | B109: UZB | C109: Asia | D109: Central Asia | E109: i | F109: 3670 | G109: 20.465 | H109: 37.053 | I109: 37.724 | K109: LM | L109: LM | N109: LM | O109: LM | P109: LM | Q109: LM | R109: LM | S109: LM | T109: LM | U109: LM | V109: L | W109: L | X109: L | Y109: L | Z109: L | AA109: L | AB109: L | AC109: L | AD109: L | AE109: L | AF109: LM | AG109: LM | AH109: LM | AI109: LM | AJ109: LM | AK109: LM | AL109: LM | AM109: LM | AN109: LM | AO109: LM | AP109: LM | AQ109: LM | AR109: LM | AS109: LM | AT109: LM | AU109: LM | AV109: LM | AW109: LM
A110: China | B110: CHN | C110: Asia | D110: Eastern Asia | E110: c | F110: 14230 | G110: 1135.185 | H110: 1405.77 | I110: 1402.845 | J110: L | K110: UM | L110: H | M110: L | N110: L | O110: L | P110: L | Q110: L | R110: L | S110: L | T110: LM | U110: L | V110: LM | W110: LM | X110: LM | Y110: LM | Z110: LM | AA110: LM | AB110: LM | AC110: LM | AD110: LM | AE110: LM | AF110: LM | AG110: UM | AH110: UM | AI110: UM | AJ110: UM | AK110: UM | AL110: UM | AM110: UM | AN110: UM | AO110: UM | AP110: UM | AQ110: UM | AR110: UM | AS110: UM | AT110: UM | AU110: UM | AV110: UM | AW110: H
A111: Hong Kong SAR, China | B111: HKG | C111: Asia | D111: Eastern Asia | E111: n | F111: 62500 | G111: 5.704 | H111: 7.522 | I111: 7.488 | J111: H | K111: H | L111: H | M111: H | N111: H | O111: H | P111: H | Q111: H | R111: H | S111: H | T111: H | U111: H | V111: H | W111: H | X111: H | Y111: H | Z111: H | AA111: H | AB111: H | AC111: H | AD111: H | AE111: H | AF111: H | AG111: H | AH111: H | AI111: H | AJ111: H | AK111: H | AL111: H | AM111: H | AN111: H | AO111: H | AP111: H | AQ111: H | AR111: H | AS111: H | AT111: H | AU111: H | AV111: H | AW111: H
A112: Japan | B112: JPN | C112: Asia | D112: Eastern Asia | E112: i | F112: 38340 | G112: 123.478 | H112: 123.206 | I112: 122.408 | J112: H | K112: H | L112: H | M112: H | N112: H | O112: H | P112: H | Q112: H | R112: H | S112: H | T112: H | U112: H | V112: H | W112: H | X112: H | Y112: H | Z112: H | AA112: H | AB112: H | AC112: H | AD112: H | AE112: H | AF112: H | AG112: H | AH112: H | AI112: H | AJ112: H | AK112: H | AL112: H | AM112: H | AN112: H | AO112: H | AP112: H | AQ112: H | AR112: H | AS112: H | AT112: H | AU112: H | AV112: H | AW112: H
A113: Korea, Dem. Rep. | B113: PRK | C113: Asia | D113: Eastern Asia | E113: n | G113: 21.112 | H113: 26.571 | I113: 26.634 | J113: LM | K113: L | L113: L | M113: LM | N113: LM | O113: LM | P113: LM | Q113: LM | R113: LM | S113: LM | T113: LM | U113: L | V113: L | W113: L | X113: L | Y113: L | Z113: L | AA113: L | AB113: L | AC113: L | AD113: L | AE113: L | AF113: L | AG113: L | AH113: L | AI113: L | AJ113: L | AK113: L | AL113: L | AM113: L | AN113: L | AO113: L | AP113: L | AQ113: L | AR113: L | AS113: L | AT113: L | AU113: L | AV113: L | AW113: L
A114: Korea, Rep. | B114: KOR | C114: Asia | D114: Eastern Asia | E114: i | F114: 37880 | G114: 42.869 | H114: 51.656 | I114: 51.55 | J114: UM | K114: H | L114: H | M114: UM | N114: UM | O114: UM | P114: UM | Q114: UM | R114: H | S114: H | T114: H | U114: UM | V114: UM | W114: UM | X114: H | Y114: H | Z114: H | AA114: H | AB114: H | AC114: H | AD114: H | AE114: H | AF114: H | AG114: H | AH114: H | AI114: H | AJ114: H | AK114: H | AL114: H | AM114: H | AN114: H | AO114: H | AP114: H | AQ114: H | AR114: H | AS114: H | AT114: H | AU114: H | AV114: H | AW114: H
A115: Macao SAR, China | B115: MAC | C115: Asia | D115: Eastern Asia | E115: n | G115: 0.335 | H115: 0.678 | I115: 0.679 | J115: UM | K115: H | L115: H | M115: UM | N115: UM | O115: UM | P115: UM | Q115: H | R115: H | S115: H | T115: H | U115: H | V115: H | W115: H | X115: H | Y115: H | Z115: H | AA115: H | AB115: H | AC115: H | AD115: H | AE115: H | AF115: H | AG115: H | AH115: H | AI115: H | AJ115: H | AK115: H | AL115: H | AM115: H | AN115: H | AO115: H | AP115: H | AQ115: H | AR115: H | AS115: H | AT115: H | AU115: H | AV115: H | AW115: H
A116: Mongolia | B116: MNG | C116: Asia | D116: Eastern Asia | E116: c | F116: 6210 | G116: 2.099 | H116: 3.567 | I116: 3.607 | J116: LM | K116: UM | L116: UM | M116: LM | N116: LM | O116: LM | P116: L | Q116: L | R116: L | S116: L | T116: L | U116: L | V116: L | W116: L | X116: L | Y116: L | Z116: L | AA116: L | AB116: L | AC116: L | AD116: LM | AE116: LM | AF116: LM | AG116: LM | AH116: LM | AI116: LM | AJ116: LM | AK116: UM | AL116: LM | AM116: LM | AN116: LM | AO116: LM | AP116: LM | AQ116: LM | AR116: LM | AS116: LM | AT116: UM | AU116: UM | AV116: UM | AW116: UM
A117: Taiwan, China | B117: TWN | C117: Asia | D117: Eastern Asia | E117: i | G117: 20.279 | H117: 23.307 | I117: 23.205 | J117: H | K117: H | L117: H | M117: H | N117: H | O117: H | P117: H | Q117: H | R117: H | S117: H | T117: H | U117: H | V117: H | W117: H | X117: H | Y117: H | Z117: H | AA117: H | AB117: H | AC117: H | AD117: H | AE117: H | AF117: H | AG117: H | AH117: H | AI117: H | AJ117: H | AK117: H | AL117: H | AM117: H | AN117: H | AO117: H | AP117: H | AQ117: H | AR117: H | AS117: H | AT117: H | AU117: H | AV117: H | AW117: H
A118: Brunei Darussalam | B118: BRN | C118: Asia | D118: South-eastern Asia | E118: n | F118: 34790 | G118: 0.255 | H118: 0.466 | I118: 0.47 | J118: H | K118: H | L118: H | M118: H | N118: H | O118: H | P118: H | Q118: H | R118: H | S118: H | T118: H | U118: H | V118: H | W118: H | X118: H | Y118: H | Z118: H | AA118: H | AB118: H | AC118: H | AD118: H | AE118: H | AF118: H | AG118: H | AH118: H | AI118: H | AJ118: H | AK118: H | AL118: H | AM118: H | AN118: H | AO118: H | AP118: H | AQ118: H | AR118: H | AS118: H | AT118: H | AU118: H | AV118: H | AW118: H
A119: Cambodia | B119: KHM | C119: Asia | D119: South-eastern Asia | E119: n | F119: 2750 | G119: 7.375 | H119: 17.848 | I119: 18.051 | J119: L | K119: LM | L119: LM | M119: L | N119: L | O119: L | P119: L | Q119: L | R119: L | S119: L | T119: L | U119: L | V119: L | W119: L | X119: L | Y119: L | Z119: L | AA119: L | AB119: L | AC119: L | AD119: L | AE119: L | AF119: L | AG119: L | AH119: L | AI119: L | AJ119: L | AK119: L | AL119: LM | AM119: LM | AN119: LM | AO119: LM | AP119: LM | AQ119: LM | AR119: LM | AS119: LM | AT119: LM | AU119: LM | AV119: LM | AW119: LM
A120: Indonesia | B120: IDN | C120: Asia | D120: South-eastern Asia | E120: c | F120: 5120 | G120: 183.501 | H120: 285.721 | I120: 287.887 | J120: L | K120: UM | L120: UM | M120: L | N120: L | O120: L | P120: LM | Q120: LM | R120: LM | S120: LM | T120: LM | U120: L | V120: L | W120: L | X120: L | Y120: L | Z120: LM | AA120: LM | AB120: LM | AC120: LM | AD120: LM | AE120: LM | AF120: LM | AG120: LM | AH120: LM | AI120: LM | AJ120: LM | AK120: LM | AL120: LM | AM120: LM | AN120: LM | AO120: LM | AP120: UM | AQ120: LM | AR120: LM | AS120: UM | AT120: UM | AU120: UM | AV120: UM | AW120: UM
A121: Lao PDR | B121: LAO | C121: Asia | D121: South-eastern Asia | E121: c | F121: 2150 | G121: 4.312 | H121: 7.873 | I121: 7.974 | J121: L | K121: LM | L121: LM | M121: L | N121: L | O121: L | P121: L | Q121: L | R121: L | S121: L | T121: L | U121: L | V121: L | W121: L | X121: L | Y121: L | Z121: L | AA121: L | AB121: L | AC121: L | AD121: L | AE121: L | AF121: L | AG121: LM | AH121: LM | AI121: LM | AJ121: LM | AK121: LM | AL121: LM | AM121: LM | AN121: LM | AO121: LM | AP121: LM | AQ121: LM | AR121: LM | AS121: LM | AT121: LM | AU121: LM | AV121: LM | AW121: LM
A122: Malaysia | B122: MYS | C122: Asia | D122: South-eastern Asia | E122: i | F122: 12380 | G122: 17.833 | H122: 35.978 | I122: 36.385 | J122: LM | K122: UM | L122: UM | M122: LM | N122: LM | O122: UM | P122: UM | Q122: UM | R122: UM | S122: UM | T122: UM | U122: UM | V122: UM | W122: UM | X122: UM | Y122: UM | Z122: UM | AA122: UM | AB122: UM | AC122: UM | AD122: UM | AE122: UM | AF122: UM | AG122: UM | AH122: UM | AI122: UM | AJ122: UM | AK122: UM | AL122: UM | AM122: UM | AN122: UM | AO122: UM | AP122: UM | AQ122: UM | AR122: UM | AS122: UM | AT122: UM | AU122: UM | AV122: UM | AW122: UM
A123: Myanmar | B123: MMR | C123: Asia | D123: South-eastern Asia | E123: c | F123: 1320 | G123: 39.817 | H123: 54.851 | I123: 55.185 | J123: L | K123: LM | L123: LM | M123: L | N123: L | O123: L | P123: L | Q123: L | R123: L | S123: L | T123: L | U123: L | V123: L | W123: L | X123: L | Y123: L | Z123: L | AA123: L | AB123: L | AC123: L | AD123: L | AE123: L | AF123: L | AG123: L | AH123: L | AI123: L | AJ123: L | AK123: LM | AL123: LM | AM123: LM | AN123: LM | AO123: LM | AP123: LM | AQ123: LM | AR123: LM | AS123: LM | AT123: LM | AU123: LM | AV123: LM | AW123: LM
A124: Philippines | B124: PHL | C124: Asia | D124: South-eastern Asia | E124: c | F124: 4850 | G124: 62.855 | H124: 116.787 | I124: 117.724 | J124: LM | K124: UM | L124: UM | M124: LM | N124: LM | O124: LM | P124: LM | Q124: LM | R124: LM | S124: LM | T124: LM | U124: LM | V124: LM | W124: LM | X124: LM | Y124: LM | Z124: LM | AA124: LM | AB124: LM | AC124: LM | AD124: LM | AE124: LM | AF124: LM | AG124: LM | AH124: LM | AI124: LM | AJ124: LM | AK124: LM | AL124: LM | AM124: LM | AN124: LM | AO124: LM | AP124: LM | AQ124: LM | AR124: LM | AS124: LM | AT124: LM | AU124: LM | AV124: UM | AW124: UM
A125: Singapore | B125: SGP | C125: Asia | D125: South-eastern Asia | E125: n | F125: 81760 | G125: 3.047 | H125: 6.072 | I125: 6.104 | J125: H | K125: H | L125: H | M125: H | N125: H | O125: H | P125: H | Q125: H | R125: H | S125: H | T125: H | U125: H | V125: H | W125: H | X125: H | Y125: H | Z125: H | AA125: H | AB125: H | AC125: H | AD125: H | AE125: H | AF125: H | AG125: H | AH125: H | AI125: H | AJ125: H | AK125: H | AL125: H | AM125: H | AN125: H | AO125: H | AP125: H | AQ125: H | AR125: H | AS125: H | AT125: H | AU125: H | AV125: H | AW125: H
A126: Thailand | B126: THA | C126: Asia | D126: South-eastern Asia | E126: c | F126: 7690 | G126: 54.738 | H126: 71.62 | I126: 71.56 | J126: LM | K126: UM | L126: UM | M126: LM | N126: LM | O126: LM | P126: LM | Q126: LM | R126: LM | S126: LM | T126: LM | U126: LM | V126: LM | W126: LM | X126: LM | Y126: LM | Z126: LM | AA126: LM | AB126: LM | AC126: LM | AD126: LM | AE126: LM | AF126: LM | AG126: UM | AH126: UM | AI126: UM | AJ126: UM | AK126: UM | AL126: UM | AM126: UM | AN126: UM | AO126: UM | AP126: UM | AQ126: UM | AR126: UM | AS126: UM | AT126: UM | AU126: UM | AV126: UM | AW126: UM
A127: Timor-Leste | B127: TLS | C127: Asia | D127: South-eastern Asia | E127: c | F127: 1510 | G127: 0.76 | H127: 1.419 | I127: 1.437 | K127: LM | L127: LM | X127: L | Y127: L | Z127: L | AA127: L | AB127: L | AC127: L | AD127: LM | AE127: LM | AF127: LM | AG127: LM | AH127: LM | AI127: LM | AJ127: LM | AK127: LM | AL127: LM | AM127: LM | AN127: LM | AO127: LM | AP127: LM | AQ127: LM | AR127: LM | AS127: LM | AT127: LM | AU127: LM | AV127: LM | AW127: LM
A128: Viet Nam | B128: VNM | C128: Asia | D128: South-eastern Asia | E128: c | F128: 4970 | G128: 65.505 | H128: 101.599 | I128: 102.177 | J128: L | K128: UM | L128: UM | M128: L | N128: L | O128: L | P128: L | Q128: L | R128: L | S128: L | T128: L | U128: L | V128: L | W128: L | X128: L | Y128: L | Z128: L | AA128: L | AB128: L | AC128: L | AD128: L | AE128: L | AF128: LM | AG128: LM | AH128: LM | AI128: LM | AJ128: LM | AK128: LM | AL128: LM | AM128: LM | AN128: LM | AO128: LM | AP128: LM | AQ128: LM | AR128: LM | AS128: LM | AT128: LM | AU128: LM | AV128: UM | AW128: UM
A129: Afghanistan | B129: AFG | C129: Asia | D129: Southern Asia | E129: n | G129: 12.046 | H129: 43.844 | I129: 45.047 | J129: L | K129: L | L129: L | M129: L | N129: L | O129: L | P129: L | Q129: L | R129: L | S129: L | T129: L | U129: L | V129: L | W129: L | X129: L | Y129: L | Z129: L | AA129: L | AB129: L | AC129: L | AD129: L | AE129: L | AF129: L | AG129: L | AH129: L | AI129: L | AJ129: L | AK129: L | AL129: L | AM129: L | AN129: L | AO129: L | AP129: L | AQ129: L | AR129: L | AS129: L | AT129: L | AU129: L | AV129: L | AW129: L
...

Sheet Bins 2025
A1: Lined-up distributions, 2025: 1,000 bins per country, mean daily welfare of each tenth of a percent of the population (2021 PPP $)
A2: World Bank 1000 Binned Global Distribution, PIP March 2026 vintage. Rows sorted ascending; bin q holds the people between percentile (q-1)/10 and q/10. Column C is the median, the average of bins 500 and 501.
A4: Economy | B4: Code | C4: Median | D4: 1 | E4: 2 | F4: 3 | G4: 4 | H4: 5 | I4: 6 | J4: 7 | K4: 8 | L4: 9 | M4: 10 | N4: 11 | O4: 12 | P4: 13 | Q4: 14 | R4: 15 | S4: 16 | T4: 17 | U4: 18 | V4: 19 | W4: 20 | X4: 21 | Y4: 22 | Z4: 23 | AA4: 24 | AB4: 25 | AC4: 26 | AD4: 27 | AE4: 28 | AF4: 29 | AG4: 30 | AH4: 31 | AI4: 32 | AJ4: 33 | AK4: 34 | AL4: 35 | AM4: 36 | AN4: 37 | AO4: 38 | AP4: 39 | AQ4: 40 | AR4: 41 | AS4: 42 | AT4: 43 | AU4: 44 | AV4: 45 | AW4: 46 | AX4: 47 | AY4: 48 | AZ4: 49 | BA4: 50 | BB4: 51 | BC4: 52 | BD4: 53 | BE4: 54 | BF4: 55 | BG4: 56 | BH4: 57 | BI4: 58 | BJ4: 59 | BK4: 60 | BL4: 61 | BM4: 62 | BN4: 63 | BO4: 64 | BP4: 65 | BQ4: 66 | BR4: 67 | BS4: 68 | BT4: 69 | BU4: 70 | BV4: 71 | BW4: 72 | BX4: 73 | BY4: 74 | BZ4: 75 | CA4: 76 | CB4: 77 | CC4: 78 | CD4: 79 | CE4: 80 | CF4: 81 | CG4: 82 | CH4: 83 | CI4: 84 | CJ4: 85 | CK4: 86 | CL4: 87 | CM4: 88 | CN4: 89 | CO4: 90 | CP4: 91 | CQ4: 92 | CR4: 93 | CS4: 94 | CT4: 95 | CU4: 96 | CV4: 97 | CW4: 98 | CX4: 99 | CY4: 100 | CZ4: 101 | DA4: 102 | DB4: 103 | DC4: 104 | DD4: 105 | DE4: 106 | DF4: 107 | DG4: 108 | DH4: 109 | DI4: 110 | DJ4: 111 | DK4: 112 | DL4: 113 | DM4: 114 | DN4: 115 | DO4: 116 | DP4: 117 | DQ4: 118 | DR4: 119 | DS4: 120 | DT4: 121 | DU4: 122 | DV4: 123 | DW4: 124 | DX4: 125 | DY4: 126 | DZ4: 127 | EA4: 128 | EB4: 129 | EC4: 130 | ED4: 131 | EE4: 132 | EF4: 133 | EG4: 134 | EH4: 135 | EI4: 136 | EJ4: 137 | EK4: 138 | EL4: 139 | EM4: 140 | EN4: 141 | EO4: 142 | EP4: 143 | EQ4: 144 | ER4: 145 | ES4: 146 | ET4: 147 | EU4: 148 | EV4: 149 | EW4: 150 | EX4: 151 | EY4: 152 | EZ4: 153 | FA4: 154 | FB4: 155 | FC4: 156 | FD4: 157 | FE4: 158 | FF4: 159 | FG4: 160 | FH4: 161 | FI4: 162 | FJ4: 163 | FK4: 164 | FL4: 165 | FM4: 166 | FN4: 167 | FO4: 168 | FP4: 169 | FQ4: 170 | FR4: 171 | FS4: 172 | FT4: 173 | FU4: 174 | FV4: 175 | FW4: 176 | FX4: 177 | FY4: 178 | FZ4: 179 | GA4: 180 | GB4: 181 | GC4: 182 | GD4: 183 | GE4: 184 | GF4: 185 | GG4: 186 | GH4: 187 | GI4: 188 | GJ4: 189 | GK4: 190 | GL4: 191 | GM4: 192 | GN4: 193 | GO4: 194 | GP4: 195 | GQ4: 196 | GR4: 197 | GS4: 198 | GT4: 199 | GU4: 200 | GV4: 201 | GW4: 202 | GX4: 203 | GY4: 204 | GZ4: 205 | HA4: 206 | HB4: 207 | HC4: 208 | HD4: 209 | HE4: 210 | HF4: 211 | HG4: 212 | HH4: 213 | HI4: 214 | HJ4: 215 | HK4: 216 | HL4: 217 | HM4: 218 | HN4: 219 | HO4: 220 | HP4: 221 | HQ4: 222 | HR4: 223 | HS4: 224 | HT4: 225 | HU4: 226 | HV4: 227 | HW4: 228 | HX4: 229 | HY4: 230 | HZ4: 231 | IA4: 232 | IB4: 233 | IC4: 234 | ID4: 235 | IE4: 236 | IF4: 237 | IG4: 238 | IH4: 239 | II4: 240 | IJ4: 241 | IK4: 242 | IL4: 243 | IM4: 244 | IN4: 245 | IO4: 246 | IP4: 247 | IQ4: 248 | IR4: 249 | IS4: 250 | IT4: 251 | IU4: 252 | IV4: 253 | IW4: 254 | IX4: 255 | IY4: 256 | IZ4: 257 | JA4: 258 | JB4: 259 | JC4: 260 | JD4: 261 | JE4: 262 | JF4: 263 | JG4: 264 | JH4: 265 | JI4: 266 | JJ4: 267 | JK4: 268 | JL4: 269 | JM4: 270 | JN4: 271 | JO4: 272 | JP4: 273 | JQ4: 274 | JR4: 275 | JS4: 276 | JT4: 277 | JU4: 278 | JV4: 279 | JW4: 280 | JX4: 281 | JY4: 282 | JZ4: 283 | KA4: 284 | KB4: 285 | KC4: 286 | KD4: 287 | KE4: 288 | KF4: 289 | KG4: 290 | KH4: 291 | KI4: 292 | KJ4: 293 | KK4: 294 | KL4: 295 | KM4: 296 | KN4: 297 | KO4: 298 | KP4: 299 | KQ4: 300 | KR4: 301 | KS4: 302 | KT4: 303 | KU4: 304 | KV4: 305 | KW4: 306 | KX4: 307 | KY4: 308 | KZ4: 309 | LA4: 310 | LB4: 311 | LC4: 312 | LD4: 313 | LE4: 314 | LF4: 315 | LG4: 316 | LH4: 317 | LI4: 318 | LJ4: 319 | LK4: 320 | LL4: 321 | LM4: 322 | LN4: 323 | LO4: 324 | LP4: 325 | LQ4: 326 | LR4: 327 | LS4: 328 | LT4: 329 | LU4: 330 | LV4: 331 | LW4: 332 | LX4: 333 | LY4: 334 | LZ4: 335 | MA4: 336 | MB4: 337 | MC4: 338 | MD4: 339 | ME4: 340 | MF4: 341 | MG4: 342 | MH4: 343 | MI4: 344 | MJ4: 345 | MK4: 346 | ML4: 347 | MM4: 348 | MN4: 349 | MO4: 350 | MP4: 351 | MQ4: 352 | MR4: 353 | MS4: 354 | MT4: 355 | MU4: 356 | MV4: 357 | MW4: 358 | MX4: 359 | MY4: 360 | MZ4: 361 | NA4: 362 | NB4: 363 | NC4: 364 | ND4: 365 | NE4: 366 | NF4: 367 | NG4: 368 | NH4: 369 | NI4: 370 | NJ4: 371 | NK4: 372 | NL4: 373 | NM4: 374 | NN4: 375 | NO4: 376 | NP4: 377 | NQ4: 378 | NR4: 379 | NS4: 380 | NT4: 381 | NU4: 382 | NV4: 383 | NW4: 384 | NX4: 385 | NY4: 386 | NZ4: 387 | OA4: 388 | OB4: 389 | OC4: 390 | OD4: 391 | OE4: 392 | OF4: 393 | OG4: 394 | OH4: 395 | OI4: 396 | OJ4: 397 | OK4: 398 | OL4: 399 | OM4: 400 | ON4: 401 | OO4: 402 | OP4: 403 | OQ4: 404 | OR4: 405 | OS4: 406 | OT4: 407 | OU4: 408 | OV4: 409 | OW4: 410 | OX4: 411 | OY4: 412 | OZ4: 413 | PA4: 414 | PB4: 415 | PC4: 416 | PD4: 417 | PE4: 418 | PF4: 419 | PG4: 420 | PH4: 421 | PI4: 422 | PJ4: 423 | PK4: 424 | PL4: 425 | PM4: 426 | PN4: 427 | PO4: 428 | PP4: 429 | PQ4: 430 | PR4: 431 | PS4: 432 | PT4: 433 | PU4: 434 | PV4: 435 | PW4: 436 | PX4: 437 | PY4: 438 | PZ4: 439 | QA4: 440 | QB4: 441 | QC4: 442 | QD4: 443 | QE4: 444 | QF4: 445 | QG4: 446 | QH4: 447 | QI4: 448 | QJ4: 449 | QK4: 450 | QL4: 451 | QM4: 452 | QN4: 453 | QO4: 454 | QP4: 455 | QQ4: 456 | QR4: 457 | QS4: 458 | QT4: 459 | QU4: 460 | QV4: 461 | QW4: 462 | QX4: 463 | QY4: 464 | QZ4: 465 | RA4: 466 | RB4: 467 | RC4: 468 | RD4: 469 | RE4: 470 | RF4: 471 | RG4: 472 | RH4: 473 | RI4: 474 | RJ4: 475 | RK4: 476 | RL4: 477 | RM4: 478 | RN4: 479 | RO4: 480 | RP4: 481 | RQ4: 482 | RR4: 483 | RS4: 484 | RT4: 485 | RU4: 486 | RV4: 487 | RW4: 488 | RX4: 489 | RY4: 490 | RZ4: 491 | SA4: 492 | SB4: 493 | SC4: 494 | SD4: 495 | SE4: 496 | SF4: 497 | SG4: 498 | SH4: 499 | SI4: 500 | SJ4: 501 | SK4: 502 | SL4: 503 | SM4: 504 | SN4: 505 | SO4: 506 | SP4: 507 | SQ4: 508 | SR4: 509 | SS4: 510 | ST4: 511 | SU4: 512 | SV4: 513 | SW4: 514 | SX4: 515 | SY4: 516 | SZ4: 517 | TA4: 518 | TB4: 519 | TC4: 520 | TD4: 521 | TE4: 522 | TF4: 523 | TG4: 524 | TH4: 525 | TI4: 526 | TJ4: 527 | TK4: 528 | TL4: 529 | TM4: 530 | TN4: 531 | TO4: 532 | TP4: 533 | TQ4: 534 | TR4: 535 | TS4: 536 | TT4: 537 | TU4: 538 | TV4: 539 | TW4: 540 | TX4: 541 | TY4: 542 | TZ4: 543 | UA4: 544 | UB4: 545 | UC4: 546 | UD4: 547 | UE4: 548 | UF4: 549 | UG4: 550 | UH4: 551 | UI4: 552 | UJ4: 553 | UK4: 554 | UL4: 555 | UM4: 556 | UN4: 557 | UO4: 558 | UP4: 559 | UQ4: 560 | UR4: 561 | US4: 562 | UT4: 563 | UU4: 564 | UV4: 565 | UW4: 566 | UX4: 567 | UY4: 568 | UZ4: 569 | VA4: 570 | VB4: 571 | VC4: 572 | VD4: 573 | VE4: 574 | VF4: 575 | VG4: 576 | VH4: 577 | VI4: 578 | VJ4: 579 | VK4: 580 | VL4: 581 | VM4: 582 | VN4: 583 | VO4: 584 | VP4: 585 | VQ4: 586 | VR4: 587 | VS4: 588 | VT4: 589 | VU4: 590 | VV4: 591 | VW4: 592 | VX4: 593 | VY4: 594 | VZ4: 595 | WA4: 596 | WB4: 597 | WC4: 598 | WD4: 599 | WE4: 600 | WF4: 601 | WG4: 602 | WH4: 603 | WI4: 604 | WJ4: 605 | WK4: 606 | WL4: 607 | WM4: 608 | WN4: 609 | WO4: 610 | WP4: 611 | WQ4: 612 | WR4: 613 | WS4: 614 | WT4: 615 | WU4: 616 | WV4: 617 | WW4: 618 | WX4: 619 | WY4: 620 | WZ4: 621 | XA4: 622 | XB4: 623 | XC4: 624 | XD4: 625 | XE4: 626 | XF4: 627 | XG4: 628 | XH4: 629 | XI4: 630 | XJ4: 631 | XK4: 632 | XL4: 633 | XM4: 634 | XN4: 635 | XO4: 636 | XP4: 637 | XQ4: 638 | XR4: 639 | XS4: 640 | XT4: 641 | XU4: 642 | XV4: 643 | XW4: 644 | XX4: 645 | XY4: 646 | XZ4: 647 | YA4: 648 | YB4: 649 | YC4: 650 | YD4: 651 | YE4: 652 | YF4: 653 | YG4: 654 | YH4: 655 | YI4: 656 | YJ4: 657 | YK4: 658 | YL4: 659 | YM4: 660 | YN4: 661 | YO4: 662 | YP4: 663 | YQ4: 664 | YR4: 665 | YS4: 666 | YT4: 667 | YU4: 668 | YV4: 669 | YW4: 670 | YX4: 671 | YY4: 672 | YZ4: 673 | ZA4: 674 | ZB4: 675 | ZC4: 676 | ZD4: 677 | ZE4: 678 | ZF4: 679 | ZG4: 680 | ZH4: 681 | ZI4: 682 | ZJ4: 683 | ZK4: 684 | ZL4: 685 | ZM4: 686 | ZN4: 687 | ZO4: 688 | ZP4: 689 | ZQ4: 690 | ZR4: 691 | ZS4: 692 | ZT4: 693 | ZU4: 694 | ZV4: 695 | ZW4: 696 | ZX4: 697 | ZY4: 698 | ZZ4: 699 | AAA4: 700 | AAB4: 701 | AAC4: 702 | AAD4: 703 | AAE4: 704 | AAF4: 705 | AAG4: 706 | AAH4: 707 | AAI4: 708 | AAJ4: 709 | AAK4: 710 | AAL4: 711 | AAM4: 712 | AAN4: 713 | AAO4: 714 | AAP4: 715 | AAQ4: 716 | AAR4: 717 | AAS4: 718 | AAT4: 719 | AAU4: 720 | AAV4: 721 | AAW4: 722 | AAX4: 723 | AAY4: 724 | AAZ4: 725 | ABA4: 726 | ABB4: 727 | ABC4: 728 | ABD4: 729 | ABE4: 730 | ABF4: 731 | ABG4: 732 | ABH4: 733 | ABI4: 734 | ABJ4: 735 | ABK4: 736 | ABL4: 737 | ABM4: 738 | ABN4: 739 | ABO4: 740 | ABP4: 741 | ABQ4: 742 | ABR4: 743 | ABS4: 744 | ABT4: 745 | ABU4: 746 | ABV4: 747 | ABW4: 748 | ABX4: 749 | ABY4: 750 | ABZ4: 751 | ACA4: 752 | ACB4: 753 | ACC4: 754 | ACD4: 755 | ACE4: 756 | ACF4: 757 | ACG4: 758 | ACH4: 759 | ACI4: 760 | ACJ4: 761 | ACK4: 762 | ACL4: 763 | ACM4: 764 | ACN4: 765 | ACO4: 766 | ACP4: 767 | ACQ4: 768 | ACR4: 769 | ACS4: 770 | ACT4: 771 | ACU4: 772 | ACV4: 773 | ACW4: 774 | ACX4: 775 | ACY4: 776 | ACZ4: 777 | ADA4: 778 | ADB4: 779 | ADC4: 780 | ADD4: 781 | ADE4: 782 | ADF4: 783 | ADG4: 784 | ADH4: 785 | ADI4: 786 | ADJ4: 787 | ADK4: 788 | ADL4: 789 | ADM4: 790 | ADN4: 791 | ADO4: 792 | ADP4: 793 | ADQ4: 794 | ADR4: 795 | ADS4: 796 | ADT4: 797 | ADU4: 798 | ADV4: 799 | ADW4: 800 | ADX4: 801 | ADY4: 802 | ADZ4: 803 | AEA4: 804 | AEB4: 805 | AEC4: 806 | AED4: 807 | AEE4: 808 | AEF4: 809 | AEG4: 810 | AEH4: 811 | AEI4: 812 | AEJ4: 813 | AEK4: 814 | AEL4: 815 | AEM4: 816 | AEN4: 817 | AEO4: 818 | AEP4: 819 | AEQ4: 820 | AER4: 821 | AES4: 822 | AET4: 823 | AEU4: 824 | AEV4: 825 | AEW4: 826 | AEX4: 827 | AEY4: 828 | AEZ4: 829 | AFA4: 830 | AFB4: 831 | AFC4: 832 | AFD4: 833 | AFE4: 834 | AFF4: 835 | AFG4: 836 | AFH4: 837 | AFI4: 838 | AFJ4: 839 | AFK4: 840 | AFL4: 841 | AFM4: 842 | AFN4: 843 | AFO4: 844 | AFP4: 845 | AFQ4: 846 | AFR4: 847 | AFS4: 848 | AFT4: 849 | AFU4: 850 | AFV4: 851 | AFW4: 852 | AFX4: 853 | AFY4: 854 | AFZ4: 855 | AGA4: 856 | AGB4: 857 | AGC4: 858 | AGD4: 859 | AGE4: 860 | AGF4: 861 | AGG4: 862 | AGH4: 863 | AGI4: 864 | AGJ4: 865 | AGK4: 866 | AGL4: 867 | AGM4: 868 | AGN4: 869 | AGO4: 870 | AGP4: 871 | AGQ4: 872 | AGR4: 873 | AGS4: 874 | AGT4: 875 | AGU4: 876 | AGV4: 877 | AGW4: 878 | AGX4: 879 | AGY4: 880 | AGZ4: 881 | AHA4: 882 | AHB4: 883 | AHC4: 884 | AHD4: 885 | AHE4: 886 | AHF4: 887 | AHG4: 888 | AHH4: 889 | AHI4: 890 | AHJ4: 891 | AHK4: 892 | AHL4: 893 | AHM4: 894 | AHN4: 895 | AHO4: 896 | AHP4: 897 | AHQ4: 898 | AHR4: 899 | AHS4: 900 | AHT4: 901 | AHU4: 902 | AHV4: 903 | AHW4: 904 | AHX4: 905 | AHY4: 906 | AHZ4: 907 | AIA4: 908 | AIB4: 909 | AIC4: 910 | AID4: 911 | AIE4: 912 | AIF4: 913 | AIG4: 914 | AIH4: 915 | AII4: 916 | AIJ4: 917 | AIK4: 918 | AIL4: 919 | AIM4: 920 | AIN4: 921 | AIO4: 922 | AIP4: 923 | AIQ4: 924 | AIR4: 925 | AIS4: 926 | AIT4: 927 | AIU4: 928 | AIV4: 929 | AIW4: 930 | AIX4: 931 | AIY4: 932 | AIZ4: 933 | AJA4: 934 | AJB4: 935 | AJC4: 936 | AJD4: 937 | AJE4: 938 | AJF4: 939 | AJG4: 940 | AJH4: 941 | AJI4: 942 | AJJ4: 943 | AJK4: 944 | AJL4: 945 | AJM4: 946 | AJN4: 947 | AJO4: 948 | AJP4: 949 | AJQ4: 950 | AJR4: 951 | AJS4: 952 | AJT4: 953 | AJU4: 954 | AJV4: 955 | AJW4: 956 | AJX4: 957 | AJY4: 958 | AJZ4: 959 | AKA4: 960 | AKB4: 961 | AKC4: 962 | AKD4: 963 | AKE4: 964 | AKF4: 965 | AKG4: 966 | AKH4: 967 | AKI4: 968 | AKJ4: 969 | AKK4: 970 | AKL4: 971 | AKM4: 972 | AKN4: 973 | AKO4: 974 | AKP4: 975 | AKQ4: 976 | AKR4: 977 | AKS4: 978 | AKT4: 979 | AKU4: 980 | AKV4: 981 | AKW4: 982 | AKX4: 983 | AKY4: 984 | AKZ4: 985 | ALA4: 986 | ALB4: 987 | ALC4: 988 | ALD4: 989 | ALE4: 990 | ALF4: 991 | ALG4: 992 | ALH4: 993 | ALI4: 994 | ALJ4: 995 | ALK4: 996 | ALL4: 997 | ALM4: 998 | ALN4: 999 | ALO4: 1000
A5: Burundi | B5: BDI | C5: =AVERAGE(SI5,SJ5) | D5: 0.29779 | E5: 0.32022 | F5: 0.36189 | G5: 0.39712 | H5: 0.4276 | I5: 0.45509 | J5: 0.47362 | K5: 0.49288 | L5: 0.49817 | M5: 0.50695 | N5: 0.516 | O5: 0.54154 | P5: 0.56204 | Q5: 0.57193 | R5: 0.58494 | S5: 0.59488 | T5: 0.60576 | U5: 0.61457 | V5: 0.6237 | W5: 0.63222 | X5: 0.64318 | Y5: 0.65166 | Z5: 0.65652 | AA5: 0.66341 | AB5: 0.66982 | AC5: 0.67426 | AD5: 0.67998 | AE5: 0.68907 | AF5: 0.69921 | AG5: 0.70407 | AH5: 0.70773 | AI5: 0.71144 | AJ5: 0.71765 | AK5: 0.72381 | AL5: 0.72864 | AM5: 0.73159 | AN5: 0.73504 | AO5: 0.74093 | AP5: 0.74854 | AQ5: 0.75338 | AR5: 0.75891 | AS5: 0.76632 | AT5: 0.7721 | AU5: 0.77749 | AV5: 0.78129 | AW5: 0.78751 | AX5: 0.79511 | AY5: 0.80018 | AZ5: 0.80777 | BA5: 0.81595 | BB5: 0.82032 | BC5: 0.82415 | BD5: 0.82935 | BE5: 0.83357 | BF5: 0.83375 | BG5: 0.83506 | BH5: 0.83746 | BI5: 0.84149 | BJ5: 0.84282 | BK5: 0.84755 | BL5: 0.85121 | BM5: 0.85483 | BN5: 0.85739 | BO5: 0.86274 | BP5: 0.86722 | BQ5: 0.86883 | BR5: 0.87348 | BS5: 0.87682 | BT5: 0.88001 | BU5: 0.8832 | BV5: 0.88584 | BW5: 0.8886 | BX5: 0.89186 | BY5: 0.89322 | BZ5: 0.89622 | CA5: 0.90079 | CB5: 0.90356 | CC5: 0.9086 | CD5: 0.91331 | CE5: 0.92231 | CF5: 0.92579 | CG5: 0.92883 | CH5: 0.93327 | CI5: 0.93581 | CJ5: 0.93738 | CK5: 0.94073 | CL5: 0.94297 | CM5: 0.94478 | CN5: 0.94708 | CO5: 0.94844 | CP5: 0.9491 | CQ5: 0.95072 | CR5: 0.95139 | CS5: 0.9547 | CT5: 0.95982 | CU5: 0.96187 | CV5: 0.96511 | CW5: 0.96707 | CX5: 0.96994 | CY5: 0.97315 | CZ5: 0.97815 | DA5: 0.98089 | DB5: 0.98287 | DC5: 0.98665 | DD5: 0.9901 | DE5: 0.99242 | DF5: 0.99841 | DG5: 1.00333 | DH5: 1.00866 | DI5: 1.01128 | DJ5: 1.01596 | DK5: 1.01927 | DL5: 1.02091 | DM5: 1.02143 | DN5: 1.0233 | DO5: 1.0249 | DP5: 1.02731 | DQ5: 1.02961 | DR5: 1.03211 | DS5: 1.03523 | DT5: 1.04078 | DU5: 1.0464 | DV5: 1.04807 | DW5: 1.04994 | DX5: 1.05224 | DY5: 1.05381 | DZ5: 1.05556 | EA5: 1.0582 | EB5: 1.06123 | EC5: 1.06333 | ED5: 1.06644 | EE5: 1.07072 | EF5: 1.07322 | EG5: 1.07554 | EH5: 1.0773 | EI5: 1.07974 | EJ5: 1.08443 | EK5: 1.08854 | EL5: 1.0907 | EM5: 1.09277 | EN5: 1.09705 | EO5: 1.10205 | EP5: 1.10505 | EQ5: 1.10843 | ER5: 1.11235 | ES5: 1.11416 | ET5: 1.11504 | EU5: 1.11621 | EV5: 1.11858 | EW5: 1.12243 | EX5: 1.12512 | EY5: 1.12703 | EZ5: 1.13049 | FA5: 1.13299 | FB5: 1.1354 | FC5: 1.13887 | FD5: 1.14325 | FE5: 1.14565 | FF5: 1.14762 | FG5: 1.14959 | FH5: 1.15143 | FI5: 1.15296 | FJ5: 1.15598 | FK5: 1.15911 | FL5: 1.1629 | FM5: 1.16481 | FN5: 1.16707 | FO5: 1.16863 | FP5: 1.17112 | FQ5: 1.17272 | FR5: 1.17367 | FS5: 1.17518 | FT5: 1.17669 | FU5: 1.17851 | FV5: 1.17916 | FW5: 1.18057 | FX5: 1.18295 | FY5: 1.1857 | FZ5: 1.18864 | GA5: 1.19048 | GB5: 1.19283 | GC5: 1.19707 | GD5: 1.20093 | GE5: 1.20353 | GF5: 1.20619 | GG5: 1.21095 | GH5: 1.21428 | GI5: 1.219 | GJ5: 1.22273 | GK5: 1.22582 | GL5: 1.22727 | GM5: 1.22945 | GN5: 1.23099 | GO5: 1.23281 | GP5: 1.23396 | GQ5: 1.23546 | GR5: 1.23868 | GS5: 1.24014 | GT5: 1.24112 | GU5: 1.24229 | GV5: 1.24413 | GW5: 1.24511 | GX5: 1.24735 | GY5: 1.25031 | GZ5: 1.25307 | HA5: 1.25476 | HB5: 1.25583 | HC5: 1.25775 | HD5: 1.25992 | HE5: 1.26313 | HF5: 1.2644 | HG5: 1.2657 | HH5: 1.26856 | HI5: 1.27293 | HJ5: 1.27514 | HK5: 1.27634 | HL5: 1.27696 | HM5: 1.27904 | HN5: 1.28161 | HO5: 1.28435 | HP5: 1.28544 | HQ5: 1.28755 | HR5: 1.29058 | HS5: 1.29372 | HT5: 1.29712 | HU5: 1.30079 | HV5: 1.30212 | HW5: 1.30451 | HX5: 1.30823 | HY5: 1.31114 | HZ5: 1.31243 | IA5: 1.3151 | IB5: 1.31691 | IC5: 1.31896 | ID5: 1.32297 | IE5: 1.32455 | IF5: 1.32669 | IG5: 1.33234 | IH5: 1.33456 | II5: 1.33617 | IJ5: 1.3378 | IK5: 1.34177 | IL5: 1.34618 | IM5: 1.34918 | IN5: 1.35098 | IO5: 1.35354 | IP5: 1.35628 | IQ5: 1.3586 | IR5: 1.35998 | IS5: 1.36257 | IT5: 1.36553 | IU5: 1.36878 | IV5: 1.3716 | IW5: 1.37347 | IX5: 1.37596 | IY5: 1.37895 | IZ5: 1.38262 | JA5: 1.38543 | JB5: 1.38664 | JC5: 1.38977 | JD5: 1.39128 | JE5: 1.39389 | JF5: 1.39684 | JG5: 1.39843 | JH5: 1.39962 | JI5: 1.40119 | JJ5: 1.40277 | JK5: 1.40501 | JL5: 1.40606 | JM5: 1.40905 | JN5: 1.41174 | JO5: 1.41563 | JP5: 1.41645 | JQ5: 1.41855 | JR5: 1.42017 | JS5: 1.42167 | JT5: 1.42367 | JU5: 1.42587 | JV5: 1.42824 | JW5: 1.43025 | JX5: 1.433 | JY5: 1.43522 | JZ5: 1.43865 | KA5: 1.44129 | KB5: 1.44321 | KC5: 1.44536 | KD5: 1.44675 | KE5: 1.44901 | KF5: 1.45097 | KG5: 1.4538 | KH5: 1.45903 | KI5: 1.46305 | KJ5: 1.46421 | KK5: 1.46578 | KL5: 1.46786 | KM5: 1.47098 | KN5: 1.47425 | KO5: 1.47602 | KP5: 1.47963 | KQ5: 1.48335 | KR5: 1.48708 | KS5: 1.48947 | KT5: 1.49328 | KU5: 1.49539 | KV5: 1.50035 | KW5: 1.50528 | KX5: 1.50772 | KY5: 1.51092 | KZ5: 1.51548 | LA5: 1.51953 | LB5: 1.52101 | LC5: 1.52487 | LD5: 1.52587 | LE5: 1.52679 | LF5: 1.5296 | LG5: 1.53283 | LH5: 1.53502 | LI5: 1.53761 | LJ5: 1.5406 | LK5: 1.54221 | LL5: 1.54574 | LM5: 1.54879 | LN5: 1.55221 | LO5: 1.55778 | LP5: 1.56005 | LQ5: 1.5643 | LR5: 1.56608 | LS5: 1.57046 | LT5: 1.57554 | LU5: 1.5768 | LV5: 1.57881 | LW5: 1.58013 | LX5: 1.58188 | LY5: 1.58513 | LZ5: 1.58798 | MA5: 1.59105 | MB5: 1.59366 | MC5: 1.59642 | MD5: 1.59733 | ME5: 1.59997 | MF5: 1.60362 | MG5: 1.60527 | MH5: 1.60966 | MI5: 1.6124 | MJ5: 1.61715 | MK5: 1.62152 | ML5: 1.62421 | MM5: 1.62664 | MN5: 1.62855 | MO5: 1.631 | MP5: 1.63472 | MQ5: 1.63628 | MR5: 1.6385 | MS5: 1.64277 | MT5: 1.64637 | MU5: 1.64859 | MV5: 1.6494 | MW5: 1.65268 | MX5: 1.65451 | MY5: 1.65677 | MZ5: 1.66071 | NA5: 1.66372 | NB5: 1.66798 | NC5: 1.67151 | ND5: 1.6763 | NE5: 1.67824 | NF5: 1.67965 | NG5: 1.68197 | NH5: 1.68429 | NI5: 1.68565 | NJ5: 1.68669 | NK5: 1.68952 | NL5: 1.69094 | NM5: 1.69226 | NN5: 1.69367 | NO5: 1.69484 | NP5: 1.69645 | NQ5: 1.69778 | NR5: 1.70012 | NS5: 1.70269 | NT5: 1.70666 | NU5: 1.70821 | NV5: 1.70993 | NW5: 1.7111 | NX5: 1.7137 | NY5: 1.71706 | NZ5: 1.72067 | OA5: 1.72287 | OB5: 1.72517 | OC5: 1.72741 | OD5: 1.73099 | OE5: 1.73309 | OF5: 1.73583 | OG5: 1.73933 | OH5: 1.74245 | OI5: 1.74719 | OJ5: 1.75066 | OK5: 1.75365 | OL5: 1.75979 | OM5: 1.76188 | ON5: 1.76493 | OO5: 1.76697 | OP5: 1.77045 | OQ5: 1.77314 | OR5: 1.77809 | OS5: 1.77975 | OT5: 1.78248 | OU5: 1.78593 | OV5: 1.78904 | OW5: 1.79388 | OX5: 1.79694 | OY5: 1.79851 | OZ5: 1.80036 | PA5: 1.80164 | PB5: 1.80399 | PC5: 1.80527 | PD5: 1.80705 | PE5: 1.81063 | PF5: 1.81358 | PG5: 1.81683 | PH5: 1.81809 | PI5: 1.81992 | PJ5: 1.82229 | PK5: 1.82426 | PL5: 1.82733 | PM5: 1.82947 | PN5: 1.8314 | PO5: 1.83352 | PP5: 1.83689 | PQ5: 1.83966 | PR5: 1.84132 | PS5: 1.84302 | PT5: 1.84451 | PU5: 1.84684 | PV5: 1.84832 | PW5: 1.84971 | PX5: 1.85347 | PY5: 1.85659 | PZ5: 1.86077 | QA5: 1.86517 | QB5: 1.8692 | QC5: 1.87263 | QD5: 1.87469 | QE5: 1.87643 | QF5: 1.88062 | QG5: 1.8838 | QH5: 1.88559 | QI5: 1.88996 | QJ5: 1.89259 | QK5: 1.89568 | QL5: 1.89767 | QM5: 1.90071 | QN5: 1.90297 | QO5: 1.90633 | QP5: 1.90926 | QQ5: 1.9123 | QR5: 1.91475 | QS5: 1.91793 | QT5: 1.92081 | QU5: 1.92566 | QV5: 1.92935 | QW5: 1.93168 | QX5: 1.93327 | QY5: 1.93413 | QZ5: 1.93682 | RA5: 1.94104 | RB5: 1.94372 | RC5: 1.94598 | RD5: 1.94735 | RE5: 1.94979 | RF5: 1.95204 | RG5: 1.95458 | RH5: 1.95738 | RI5: 1.96015 | RJ5: 1.96575 | RK5: 1.96855 | RL5: 1.97174 | RM5: 1.97803 | RN5: 1.98237 | RO5: 1.98731 | RP5: 1.9913 | RQ5: 1.99338 | RR5: 1.999 | RS5: 2.00247 | RT5: 2.00425 | RU5: 2.00747 | RV5: 2.01297 | RW5: 2.01778 | RX5: 2.02189 | RY5: 2.0238 | RZ5: 2.02589 | SA5: 2.02787 | SB5: 2.03209 | SC5: 2.03567 | SD5: 2.04005 | SE5: 2.04267 | SF5: 2.04509 | SG5: 2.04723 | SH5: 2.04949 | SI5: 2.05207 | SJ5: 2.05357 | SK5: 2.05626 | SL5: 2.05814 | SM5: 2.06042 | SN5: 2.06306 | SO5: 2.06681 | SP5: 2.07048 | SQ5: 2.07274 | SR5: 2.0742 | SS5: 2.07836 | ST5: 2.08236 | SU5: 2.08412 | SV5: 2.08665 | SW5: 2.09106 | SX5: 2.09583 | SY5: 2.09771 | SZ5: 2.10035 | TA5: 2.1033 | TB5: 2.10697 | TC5: 2.11039 | TD5: 2.11246 | TE5: 2.11537 | TF5: 2.12013 | TG5: 2.12592 | TH5: 2.12969 | TI5: 2.13095 | TJ5: 2.13396 | TK5: 2.13554 | TL5: 2.13793 | TM5: 2.14202 | TN5: 2.14579 | TO5: 2.14745 | TP5: 2.14873 | TQ5: 2.15245 | TR5: 2.15583 | TS5: 2.15727 | TT5: 2.16045 | TU5: 2.16421 | TV5: 2.17096 | TW5: 2.17533 | TX5: 2.18174 | TY5: 2.18574 | TZ5: 2.18777 | UA5: 2.19084 | UB5: 2.19235 | UC5: 2.19514 | UD5: 2.19674 | UE5: 2.19995 | UF5: 2.20274 | UG5: 2.20721 | UH5: 2.21005 | UI5: 2.21266 | UJ5: 2.21604 | UK5: 2.21911 | UL5: 2.2218 | UM5: 2.2248 | UN5: 2.2277 | UO5: 2.23004 | UP5: 2.23401 | UQ5: 2.23569 | UR5: 2.23828 | US5: 2.24152 | UT5: 2.24526 | UU5: 2.2473 | UV5: 2.2493 | UW5: 2.24982 | UX5: 2.2522 | UY5: 2.25421 | UZ5: 2.25611 | VA5: 2.25823 | VB5: 2.26011 | VC5: 2.26269 | VD5: 2.26574 | VE5: 2.26957 | VF5: 2.27169 | VG5: 2.27548 | VH5: 2.27856 | VI5: 2.28311 | VJ5: 2.28621 | VK5: 2.29012 | VL5: 2.29352 | VM5: 2.29775 | VN5: 2.29998 | VO5: 2.30412 | VP5: 2.31016 | VQ5: 2.31391 | VR5: 2.31822 | VS5: 2.32306 | VT5: 2.32678 | VU5: 2.33095 | VV5: 2.33519 | VW5: 2.33869 | VX5: 2.34138 | VY5: 2.3439 | VZ5: 2.34766 | WA5: 2.35161 | WB5: 2.35329 | WC5: 2.35799 | WD5: 2.36444 | WE5: 2.36674 | WF5: 2.36859 | WG5: 2.37301 | WH5: 2.37888 | WI5: 2.38136 | WJ5: 2.38271 | WK5: 2.38689 | WL5: 2.38979 | WM5: 2.39279 | WN5: 2.39776 | WO5: 2.40191 | WP5: 2.40481 | WQ5: 2.40643 | WR5: 2.40964 | WS5: 2.41638 | WT5: 2.42188 | WU5: 2.42762 | WV5: 2.43325 | WW5: 2.44245 | WX5: 2.44792 | WY5: 2.45195 | WZ5: 2.45668 | XA5: 2.46115 | XB5: 2.4663 | XC5: 2.46853 | XD5: 2.47212 | XE5: 2.47574 | XF5: 2.47925 | XG5: 2.48367 | XH5: 2.48933 | XI5: 2.49447 | XJ5: 2.49789 | XK5: 2.5012 | XL5: 2.50621 | XM5: 2.51053 | XN5: 2.51504 | XO5: 2.51935 | XP5: 2.5257 | XQ5: 2.53021 | XR5: 2.53234 | XS5: 2.53604 | XT5: 2.53978 | XU5: 2.54258 | XV5: 2.548 | XW5: 2.55531 | XX5: 2.56115 | XY5: 2.56522 | XZ5: 2.57089 | YA5: 2.58023 | YB5: 2.58657 | YC5: 2.58891 | YD5: 2.59207 | YE5: 2.59634 | YF5: 2.59901 | YG5: 2.60299 | YH5: 2.60899 | YI5: 2.61505 | YJ5: 2.62136 | YK5: 2.62644 | YL5: 2.63074 | YM5: 2.63342 | YN5: 2.63489 | YO5: 2.63647 | YP5: 2.63832 | YQ5: 2.64076 | YR5: 2.64604 | YS5: 2.65526 | YT5: 2.663 | YU5: 2.66761 | YV5: 2.67385 | YW5: 2.67783 | YX5: 2.68398 | YY5: 2.68896 | YZ5: 2.69713 | ZA5: 2.70057 | ZB5: 2.70315 | ZC5: 2.7058 | ZD5: 2.70879 | ZE5: 2.71402 | ZF5: 2.7188 | ZG5: 2.72396 | ZH5: 2.73072 | ZI5: 2.74383 | ZJ5: 2.74987 | ZK5: 2.75418 | ZL5: 2.75936 | ZM5: 2.76324 | ZN5: 2.76996 | ZO5: 2.77442 | ZP5: 2.78016 | ZQ5: 2.78745 | ZR5: 2.79514 | ZS5: 2.80361 | ZT5: 2.80865 | ZU5: 2.8117 | ZV5: 2.81449 | ZW5: 2.81783 | ZX5: 2.82151 | ZY5: 2.82643 | ZZ5: 2.83199 | AAA5: 2.83851 | AAB5: 2.84255 | AAC5: 2.84698 | AAD5: 2.85139 | AAE5: 2.85437 | AAF5: 2.85939 | AAG5: 2.86383 | AAH5: 2.86748 | AAI5: 2.87093 | AAJ5: 2.87599 | AAK5: 2.8839 | AAL5: 2.88868 | AAM5: 2.89514 | AAN5: 2.90008 | AAO5: 2.90387 | AAP5: 2.9102 | AAQ5: 2.91385 | AAR5: 2.91753 | AAS5: 2.92115 | AAT5: 2.92629 | AAU5: 2.93331 | AAV5: 2.93812 | AAW5: 2.94431 | AAX5: 2.94795 | AAY5: 2.95452 | AAZ5: 2.95878 | ABA5: 2.96683 | ABB5: 2.97393 | ABC5: 2.98536 | ABD5: 2.99474 | ABE5: 2.99871 | ABF5: 3.00078 | ABG5: 3.00566 | ABH5: 3.01047 | ABI5: 3.01475 | ABJ5: 3.02059 | ABK5: 3.0289 | ABL5: 3.04036 | ABM5: 3.04445 | ABN5: 3.05037 | ABO5: 3.05698 | ABP5: 3.06132 | ABQ5: 3.06709 | ABR5: 3.07336 | ABS5: 3.07629 | ABT5: 3.08173 | ABU5: 3.08904 | ABV5: 3.09294 | ABW5: 3.09597 | ABX5: 3.10056 | ABY5: 3.10875 | ABZ5: 3.1183 | ACA5: 3.12833 | ACB5: 3.13471 | ACC5: 3.13843 | ACD5: 3.14778 | ACE5: 3.15344 | ACF5: 3.16163 | ACG5: 3.16902 | ACH5: 3.17549 | ACI5: 3.17971 | ACJ5: 3.18867 | ACK5: 3.19949 | ACL5: 3.20884 | ACM5: 3.21708 | ACN5: 3.22401 | ACO5: 3.23198 | ACP5: 3.23911 | ACQ5: 3.24638 | ACR5: 3.25576 | ACS5: 3.26774 | ACT5: 3.27551 | ACU5: 3.28038 | ACV5: 3.29125 | ACW5: 3.29956 | ACX5: 3.3013 | ACY5: 3.30648 | ACZ5: 3.31173 | ADA5: 3.32126 | ADB5: 3.32771 | ADC5: 3.33951 | ADD5: 3.34481 | ADE5: 3.35019 | ADF5: 3.35776 | ADG5: 3.36922 | ADH5: 3.37494 | ADI5: 3.38067 | ADJ5: 3.38602 | ADK5: 3.38939 | ADL5: 3.39867 | ADM5: 3.41003 | ADN5: 3.41898 | ADO5: 3.42709 | ADP5: 3.42923 | ADQ5: 3.43599 | ADR5: 3.44204 | ADS5: 3.45238 | ADT5: 3.45693 | ADU5: 3.46718 | ADV5: 3.47037 | ADW5: 3.47526 | ADX5: 3.48788 | ADY5: 3.50533 | ADZ5: 3.51417 | AEA5: 3.52018 | AEB5: 3.52571 | AEC5: 3.53337 | AED5: 3.5446 | AEE5: 3.55345 | AEF5: 3.55977 | AEG5: 3.56474 | AEH5: 3.57808 | AEI5: 3.58949 | AEJ5: 3.59633 | AEK5: 3.60922 | AEL5: 3.61883 | AEM5: 3.63155 | AEN5: 3.64309 | AEO5: 3.65038 | AEP5: 3.6576 | AEQ5: 3.67201 | AER5: 3.68268 | AES5: 3.69016 | AET5: 3.7028 | AEU5: 3.71637 | AEV5: 3.72737 | AEW5: 3.7381 | AEX5: 3.75116 | AEY5: 3.76405 | AEZ5: 3.7749 | AFA5: 3.78303 | AFB5: 3.79699 | AFC5: 3.80807 | AFD5: 3.81951 | AFE5: 3.83379 | AFF5: 3.84716 | AFG5: 3.85499 | AFH5: 3.86384 | AFI5: 3.87106 | AFJ5: 3.88848 | AFK5: 3.89877 | AFL5: 3.90241 | AFM5: 3.90584 | AFN5: 3.91531 | AFO5: 3.93133 | AFP5: 3.93958 | AFQ5: 3.95522 | AFR5: 3.97453 | AFS5: 3.98801 | AFT5: 4.00214 | AFU5: 4.01184 | AFV5: 4.02107 | AFW5: 4.03345 | AFX5: 4.04901 | AFY5: 4.05991 | AFZ5: 4.0661 | AGA5: 4.07697 | AGB5: 4.09108 | AGC5: 4.11453 | AGD5: 4.12731 | AGE5: 4.13547 | AGF5: 4.14623 | AGG5: 4.16913 | AGH5: 4.20065 | AGI5: 4.20929 | AGJ5: 4.21777 | AGK5: 4.22422 | AGL5: 4.23635 | AGM5: 4.2498 | AGN5: 4.26594 | AGO5: 4.27372 | AGP5: 4.27796 | AGQ5: 4.28932 | AGR5: 4.31195 | AGS5: 4.32583 | AGT5: 4.34838 | AGU5: 4.3705 | AGV5: 4.39558 | AGW5: 4.42114 | AGX5: 4.44181 | AGY5: 4.45542 | AGZ5: 4.47703 | AHA5: 4.48673 | AHB5: 4.50929 | AHC5: 4.52501 | AHD5: 4.5401 | AHE5: 4.55844 | AHF5: 4.56967 | AHG5: 4.58399 | AHH5: 4.59624 | AHI5: 4.61332 | AHJ5: 4.63302 | AHK5: 4.65694 | AHL5: 4.66723 | AHM5: 4.6803 | AHN5: 4.69597 | AHO5: 4.71435 | AHP5: 4.73163 | AHQ5: 4.7458 | AHR5: 4.78204 | AHS5: 4.80933 | AHT5: 4.83037 | AHU5: 4.85685 | AHV5: 4.87301 | AHW5: 4.89447 | AHX5: 4.92256 | AHY5: 4.94085 | AHZ5: 4.96197 | AIA5: 4.97965 | AIB5: 5.00287 | AIC5: 5.04702 | AID5: 5.07413 | AIE5: 5.11257 | AIF5: 5.14176 | AIG5: 5.17485 | AIH5: 5.20958 | AII5: 5.22065 | AIJ5: 5.26143 | AIK5: 5.30221 | AIL5: 5.32673 | AIM5: 5.34864 | AIN5: 5.37869 | AIO5: 5.39448 | AIP5: 5.43547 | AIQ5: 5.45527 | AIR5: 5.49951 | AIS5: 5.53597 | AIT5: 5.56522 | AIU5: 5.60028 | AIV5: 5.64674 | AIW5: 5.66554 | AIX5: 5.70546 | AIY5: 5.73956 | AIZ5: 5.77774 | AJA5: 5.80679 | AJB5: 5.84059 | AJC5: 5.89282 | AJD5: 5.92185 | AJE5: 5.93661 | AJF5: 5.98236 | AJG5: 6.00905 | AJH5: 6.02492 | AJI5: 6.05075 | AJJ5: 6.10985 | AJK5: 6.15603 | AJL5: 6.20294 | AJM5: 6.27168 | AJN5: 6.34804 | AJO5: 6.38847 | AJP5: 6.4587 | AJQ5: 6.49391 | AJR5: 6.54139 | AJS5: 6.61128 | AJT5: 6.67889 | AJU5: 6.72878 | AJV5: 6.7951 | AJW5: 6.87529 | AJX5: 6.91872 | AJY5: 7.03717 | AJZ5: 7.10924 | AKA5: 7.16716 | AKB5: 7.20803 | AKC5: 7.2533 | AKD5: 7.33277 | AKE5: 7.43236 | AKF5: 7.50402 | AKG5: 7.58961 | AKH5: 7.63427 | AKI5: 7.74635 | AKJ5: 7.9065 | AKK5: 8.01213 | AKL5: 8.11071 | AKM5: 8.20479 | AKN5: 8.29773 | AKO5: 8.39117 | AKP5: 8.52431 | AKQ5: 8.71702 | AKR5: 8.877 | AKS5: 8.94404 | AKT5: 9.099 | AKU5: 9.2493 | AKV5: 9.53262 | AKW5: 9.82181 | AKX5: 10.07268 | AKY5: 10.29787 | AKZ5: 10.48782 | ALA5: 10.74716 | ALB5: 10.98214 | ALC5: 11.43599 | ALD5: 11.82183 | ALE5: 12.18546 | ALF5: 12.61512 | ALG5: 13.25996 | ALH5: 13.79471 | ALI5: 14.50374 | ALJ5: 15.52744 | ALK5: 16.65661 | ALL5: 17.88422 | ALM5: 19.85095 | ALN5: 23.31097 | ALO5: 35.81334
A6: Comoros | B6: COM | C6: =AVERAGE(SI6,SJ6) | D6: 0.94453 | E6: 1.44735 | F6: 1.83307 | G6: 1.92221 | H6: 1.99188 | I6: 2.03991 | J6: 2.0962 | K6: 2.11092 | L6: 2.13235 | M6: 2.20482 | N6: 2.25727 | O6: 2.26221 | P6: 2.2875 | Q6: 2.31613 | R6: 2.32693 | S6: 2.3395 | T6: 2.34715 | U6: 2.36356 | V6: 2.38287 | W6: 2.39592 | X6: 2.42416 | Y6: 2.45001 | Z6: 2.46575 | AA6: 2.4722 | AB6: 2.48396 | AC6: 2.50456 | AD6: 2.51545 | AE6: 2.5285 | AF6: 2.54983 | AG6: 2.56992 | AH6: 2.58493 | AI6: 2.60283 | AJ6: 2.63499 | AK6: 2.66709 | AL6: 2.70722 | AM6: 2.72686 | AN6: 2.76679 | AO6: 2.79609 | AP6: 2.82273 | AQ6: 2.85436 | AR6: 2.87384 | AS6: 2.89324 | AT6: 2.90808 | AU6: 2.91905 | AV6: 2.9411 | AW6: 2.96309 | AX6: 2.9799 | AY6: 3.00311 | AZ6: 3.01921 | BA6: 3.02446 | BB6: 3.03315 | BC6: 3.05647 | BD6: 3.06997 | BE6: 3.09163 | BF6: 3.11295 | BG6: 3.13296 | BH6: 3.14735 | BI6: 3.16933 | BJ6: 3.17696 | BK6: 3.1887 | BL6: 3.19582 | BM6: 3.21206 | BN6: 3.22416 | BO6: 3.23982 | BP6: 3.26509 | BQ6: 3.27902 | BR6: 3.28917 | BS6: 3.30305 | BT6: 3.31602 | BU6: 3.32785 | BV6: 3.33705 | BW6: 3.35972 | BX6: 3.37702 | BY6: 3.38784 | BZ6: 3.39545 | CA6: 3.39946 | CB6: 3.40549 | CC6: 3.40994 | CD6: 3.41202 | CE6: 3.41884 | CF6: 3.42181 | CG6: 3.4232 | CH6: 3.43199 | CI6: 3.43851 | CJ6: 3.44211 | CK6: 3.45195 | CL6: 3.46973 | CM6: 3.4853 | CN6: 3.49842 | CO6: 3.5128 | CP6: 3.51759 | CQ6: 3.53897 | CR6: 3.54648 | CS6: 3.55612 | CT6: 3.56038 | CU6: 3.56641 | CV6: 3.57365 | CW6: 3.58383 | CX6: 3.5911 | CY6: 3.60846 | CZ6: 3.61591 | DA6: 3.62505 | DB6: 3.64417 | DC6: 3.65679 | DD6: 3.66724 | DE6: 3.67144 | DF6: 3.67676 | DG6: 3.68393 | DH6: 3.6966 | DI6: 3.70157 | DJ6: 3.70779 | DK6: 3.71023 | DL6: 3.71189 | DM6: 3.71403 | DN6: 3.71966 | DO6: 3.73029 | DP6: 3.73923 | DQ6: 3.74292 | DR6: 3.74845 | DS6: 3.75639 | DT6: 3.76219 | DU6: 3.76871 | DV6: 3.77524 | DW6: 3.78062 | DX6: 3.78573 | DY6: 3.79628 | DZ6: 3.81004 | EA6: 3.82009 | EB6: 3.82661 | EC6: 3.84176 | ED6: 3.8463 | EE6: 3.84979 | EF6: 3.85476 | EG6: 3.86109 | EH6: 3.86552 | EI6: 3.87297 | EJ6: 3.87834 | EK6: 3.88782 | EL6: 3.89164 | EM6: 3.9014 | EN6: 3.9101 | EO6: 3.91891 | EP6: 3.92827 | EQ6: 3.93531 | ER6: 3.94936 | ES6: 3.9652 | ET6: 3.97334 | EU6: 3.98337 | EV6: 3.99546 | EW6: 4.005 | EX6: 4.01432 | EY6: 4.02079 | EZ6: 4.03589 | FA6: 4.04523 | FB6: 4.05499 | FC6: 4.06257 | FD6: 4.0663 | FE6: 4.07162 | FF6: 4.08211 | FG6: 4.09125 | FH6: 4.10273 | FI6: 4.11136 | FJ6: 4.11527 | FK6: 4.12236 | FL6: 4.12811 | FM6: 4.13946 | FN6: 4.14614 | FO6: 4.15113 | FP6: 4.15998 | FQ6: 4.16857 | FR6: 4.1742 | FS6: 4.17818 | FT6: 4.18043 | FU6: 4.18953 | FV6: 4.19354 | FW6: 4.19948 | FX6: 4.20681 | FY6: 4.21282 | FZ6: 4.23112 | GA6: 4.23686 | GB6: 4.2532 | GC6: 4.26668 | GD6: 4.27424 | GE6: 4.27917 | GF6: 4.28287 | GG6: 4.28668 | GH6: 4.2901 | GI6: 4.29555 | GJ6: 4.29809 | GK6: 4.30516 | GL6: 4.31096 | GM6: 4.32307 | GN6: 4.33481 | GO6: 4.33942 | GP6: 4.34744 | GQ6: 4.3575 | GR6: 4.36608 | GS6: 4.37062 | GT6: 4.3756 | GU6: 4.38196 | GV6: 4.38411 | GW6: 4.39395 | GX6: 4.39978 | GY6: 4.40531 | GZ6: 4.41068 | HA6: 4.41869 | HB6: 4.42497 | HC6: 4.4343 | HD6: 4.44059 | HE6: 4.4553 | HF6: 4.46474 | HG6: 4.47342 | HH6: 4.4809 | HI6: 4.49087 | HJ6: 4.50424 | HK6: 4.51004 | HL6: 4.51625 | HM6: 4.52427 | HN6: 4.52965 | HO6: 4.53515 | HP6: 4.54333 | HQ6: 4.55213 | HR6: 4.56352 | HS6: 4.56979 | HT6: 4.57666 | HU6: 4.58803 | HV6: 4.60436 | HW6: 4.60817 | HX6: 4.61139 | HY6: 4.61212 | HZ6: 4.61866 | IA6: 4.62587 | IB6: 4.63698 | IC6: 4.64791 | ID6: 4.65544 | IE6: 4.66474 | IF6: 4.67241 | IG6: 4.68054 | IH6: 4.68418 | II6: 4.69105 | IJ6: 4.70062 | IK6: 4.70421 | IL6: 4.71347 | IM6: 4.71961 | IN6: 4.72715 | IO6: 4.72947 | IP6: 4.7299 | IQ6: 4.73247 | IR6: 4.73979 | IS6: 4.74896 | IT6: 4.75877 | IU6: 4.77129 | IV6: 4.77834 | IW6: 4.78614 | IX6: 4.79167 | IY6: 4.80398 | IZ6: 4.8111 | JA6: 4.8243 | JB6: 4.83078 | JC6: 4.83965 | JD6: 4.84469 | JE6: 4.8497 | JF6: 4.85261 | JG6: 4.85892 | JH6: 4.86346 | JI6: 4.86959 | JJ6: 4.87441 | JK6: 4.87868 | JL6: 4.8826 | JM6: 4.8881 | JN6: 4.89361 | JO6: 4.89845 | JP6: 4.91207 | JQ6: 4.91922 | JR6: 4.93206 | JS6: 4.94465 | JT6: 4.94835 | JU6: 4.95866 | JV6: 4.96915 | JW6: 4.97129 | JX6: 4.97554 | JY6: 4.98592 | JZ6: 4.99746 | KA6: 5.00306 | KB6: 5.01338 | KC6: 5.0157 | KD6: 5.01949 | KE6: 5.02507 | KF6: 5.02857 | KG6: 5.03227 | KH6: 5.03883 | KI6: 5.04479 | KJ6: 5.04947 | KK6: 5.05523 | KL6: 5.05752 | KM6: 5.06143 | KN6: 5.06958 | KO6: 5.07681 | KP6: 5.07969 | KQ6: 5.08052 | KR6: 5.08457 | KS6: 5.08872 | KT6: 5.09472 | KU6: 5.09862 | KV6: 5.10386 | KW6: 5.10875 | KX6: 5.11755 | KY6: 5.12561 | KZ6: 5.13148 | LA6: 5.13583 | LB6: 5.14163 | LC6: 5.14743 | LD6: 5.15598 | LE6: 5.15994 | LF6: 5.16079 | LG6: 5.16895 | LH6: 5.17794 | LI6: 5.18507 | LJ6: 5.19521 | LK6: 5.20385 | LL6: 5.20909 | LM6: 5.21694 | LN6: 5.22616 | LO6: 5.24114 | LP6: 5.25135 | LQ6: 5.25686 | LR6: 5.265 | LS6: 5.27178 | LT6: 5.28198 | LU6: 5.29013 | LV6: 5.29407 | LW6: 5.30519 | LX6: 5.31654 | LY6: 5.32564 | LZ6: 5.33067 | MA6: 5.33222 | MB6: 5.33837 | MC6: 5.3483 | MD6: 5.35639 | ME6: 5.36441 | MF6: 5.36873 | MG6: 5.37752 | MH6: 5.38941 | MI6: 5.39626 | MJ6: 5.40137 | MK6: 5.4055 | ML6: 5.41496 | MM6: 5.42312 | MN6: 5.43325 | MO6: 5.44021 | MP6: 5.44418 | MQ6: 5.44894 | MR6: 5.45258 | MS6: 5.46209 | MT6: 5.47562 | MU6: 5.48413 | MV6: 5.49677 | MW6: 5.5018 | MX6: 5.51322 | MY6: 5.51885 | MZ6: 5.52656 | NA6: 5.53731 | NB6: 5.54171 | NC6: 5.5485 | ND6: 5.55619 | NE6: 5.55994 | NF6: 5.56825 | NG6: 5.56993 | NH6: 5.57777 | NI6: 5.58485 | NJ6: 5.58966 | NK6: 5.59317 | NL6: 5.60017 | NM6: 5.61949 | NN6: 5.62562 | NO6: 5.63532 | NP6: 5.64213 | NQ6: 5.64528 | NR6: 5.65317 | NS6: 5.65709 | NT6: 5.66336 | NU6: 5.67212 | NV6: 5.68295 | NW6: 5.69406 | NX6: 5.69765 | NY6: 5.70828 | NZ6: 5.71547 | OA6: 5.72013 | OB6: 5.72791 | OC6: 5.73648 | OD6: 5.74109 | OE6: 5.74843 | OF6: 5.75339 | OG6: 5.75865 | OH6: 5.76417 | OI6: 5.76841 | OJ6: 5.77378 | OK6: 5.77819 | OL6: 5.78215 | OM6: 5.78736 | ON6: 5.79855 | OO6: 5.80854 | OP6: 5.8225 | OQ6: 5.8311 | OR6: 5.83521 | OS6: 5.84135 | OT6: 5.84979 | OU6: 5.85191 | OV6: 5.85517 | OW6: 5.86724 | OX6: 5.87453 | OY6: 5.88159 | OZ6: 5.8885 | PA6: 5.89808 | PB6: 5.90617 | PC6: 5.91254 | PD6: 5.92161 | PE6: 5.92942 | PF6: 5.93302 | PG6: 5.94119 | PH6: 5.94887 | PI6: 5.95425 | PJ6: 5.96495 | PK6: 5.97542 | PL6: 5.99258 | PM6: 5.99907 | PN6: 6.00796 | PO6: 6.01658 | PP6: 6.02088 | PQ6: 6.0249 | PR6: 6.03427 | PS6: 6.03825 | PT6: 6.04552 | PU6: 6.04936 | PV6: 6.06068 | PW6: 6.06948 | PX6: 6.07856 | PY6: 6.0835 | PZ6: 6.08794 | QA6: 6.09146 | QB6: 6.09804 | QC6: 6.10566 | QD6: 6.11861 | QE6: 6.12502 | QF6: 6.13518 | QG6: 6.14383 | QH6: 6.14777 | QI6: 6.15532 | QJ6: 6.16086 | QK6: 6.16385 | QL6: 6.17395 | QM6: 6.19092 | QN6: 6.20049 | QO6: 6.20689 | QP6: 6.21365 | QQ6: 6.22021 | QR6: 6.22581 | QS6: 6.23896 | QT6: 6.24775 | QU6: 6.25336 | QV6: 6.2638 | QW6: 6.27644 | QX6: 6.28419 | QY6: 6.29183 | QZ6: 6.29925 | RA6: 6.30593 | RB6: 6.31286 | RC6: 6.31976 | RD6: 6.32678 | RE6: 6.3335 | RF6: 6.34157 | RG6: 6.34891 | RH6: 6.36272 | RI6: 6.37157 | RJ6: 6.37897 | RK6: 6.38742 | RL6: 6.39774 | RM6: 6.40145 | RN6: 6.40615 | RO6: 6.41335 | RP6: 6.41762 | RQ6: 6.42078 | RR6: 6.42622 | RS6: 6.43935 | RT6: 6.44658 | RU6: 6.44977 | RV6: 6.45829 | RW6: 6.46523 | RX6: 6.47349 | RY6: 6.48584 | RZ6: 6.48997 | SA6: 6.49354 | SB6: 6.49962 | SC6: 6.50368 | SD6: 6.51039 | SE6: 6.51976 | SF6: 6.53107 | SG6: 6.5362 | SH6: 6.5407 | SI6: 6.54416 | SJ6: 6.55006 | SK6: 6.55541 | SL6: 6.56446 | SM6: 6.57186 | SN6: 6.57427 | SO6: 6.58446 | SP6: 6.59409 | SQ6: 6.60335 | SR6: 6.61208 | SS6: 6.62254 | ST6: 6.62696 | SU6: 6.63107 | SV6: 6.63638 | SW6: 6.64149 | SX6: 6.65375 | SY6: 6.66334 | SZ6: 6.68436 | TA6: 6.70081 | TB6: 6.7174 | TC6: 6.72876 | TD6: 6.73467 | TE6: 6.74075 | TF6: 6.74482 | TG6: 6.75329 | TH6: 6.76058 | TI6: 6.76595 | TJ6: 6.78113 | TK6: 6.79335 | TL6: 6.80321 | TM6: 6.81565 | TN6: 6.82349 | TO6: 6.82893 | TP6: 6.84126 | TQ6: 6.85234 | TR6: 6.86352 | TS6: 6.8769 | TT6: 6.89101 | TU6: 6.89815 | TV6: 6.90251 | TW6: 6.91001 | TX6: 6.92121 | TY6: 6.93091 | TZ6: 6.94077 | UA6: 6.94642 | UB6: 6.95466 | UC6: 6.9644 | UD6: 6.97401 | UE6: 6.98405 | UF6: 6.99159 | UG6: 7.00542 | UH6: 7.01606 | UI6: 7.02019 | UJ6: 7.02529 | UK6: 7.0329 | UL6: 7.03866 | UM6: 7.04392 | UN6: 7.05543 | UO6: 7.06586 | UP6: 7.08118 | UQ6: 7.08959 | UR6: 7.09622 | US6: 7.10196 | UT6: 7.11426 | UU6: 7.12472 | UV6: 7.13204 | UW6: 7.13959 | UX6: 7.14292 | UY6: 7.15028 | UZ6: 7.15745 | VA6: 7.16098 | VB6: 7.16765 | VC6: 7.17565 | VD6: 7.17769 | VE6: 7.19061 | VF6: 7.19992 | VG6: 7.20982 | VH6: 7.21991 | VI6: 7.23474 | VJ6: 7.24978 | VK6: 7.26032 | VL6: 7.2743 | VM6: 7.2874 | VN6: 7.2958 | VO6: 7.30284 | VP6: 7.31559 | VQ6: 7.31788 | VR6: 7.32482 | VS6: 7.33666 | VT6: 7.34462 | VU6: 7.35182 | VV6: 7.35965 | VW6: 7.36636 | VX6: 7.37854 | VY6: 7.38719 | VZ6: 7.39255 | WA6: 7.40558 | WB6: 7.4137 | WC6: 7.42983 | WD6: 7.44551 | WE6: 7.45667 | WF6: 7.46898 | WG6: 7.48303 | WH6: 7.48984 | WI6: 7.49818 | WJ6: 7.50481 | WK6: 7.51928 | WL6: 7.52864 | WM6: 7.53445 | WN6: 7.54377 | WO6: 7.55248 | WP6: 7.5576 | WQ6: 7.56492 | WR6: 7.57816 | WS6: 7.59595 | WT6: 7.60513 | WU6: 7.61534 | WV6: 7.62036 | WW6: 7.62862 | WX6: 7.63947 | WY6: 7.6448 | WZ6: 7.65267 | XA6: 7.6623 | XB6: 7.67523 | XC6: 7.68587 | XD6: 7.70265 | XE6: 7.71987 | XF6: 7.73187 | XG6: 7.74307 | XH6: 7.7567 | XI6: 7.76923 | XJ6: 7.77757 | XK6: 7.79786 | XL6: 7.81525 | XM6: 7.82801 | XN6: 7.83578 | XO6: 7.83888 | XP6: 7.84062 | XQ6: 7.85778 | XR6: 7.87468 | XS6: 7.89086 | XT6: 7.89784 | XU6: 7.90183 | XV6: 7.9159 | XW6: 7.92316 | XX6: 7.93034 | XY6: 7.94442 | XZ6: 7.96238 | YA6: 7.96986 | YB6: 7.98377 | YC6: 7.99536 | YD6: 8.00418 | YE6: 8.01019 | YF6: 8.02415 | YG6: 8.02841 | YH6: 8.03632 | YI6: 8.04177 | YJ6: 8.05339 | YK6: 8.06765 | YL6: 8.08004 | YM6: 8.0965 | YN6: 8.10903 | YO6: 8.124 | YP6: 8.15071 | YQ6: 8.17154 | YR6: 8.1853 | YS6: 8.1976 | YT6: 8.21775 | YU6: 8.23561 | YV6: 8.2474 | YW6: 8.25606 | YX6: 8.27088 | YY6: 8.27446 | YZ6: 8.28424 | ZA6: 8.29134 | ZB6: 8.30417 | ZC6: 8.31862 | ZD6: 8.32733 | ZE6: 8.33627 | ZF6: 8.35013 | ZG6: 8.35923 | ZH6: 8.36632 | ZI6: 8.38446 | ZJ6: 8.39956 | ZK6: 8.41751 | ZL6: 8.43471 | ZM6: 8.44627 | ZN6: 8.45571 | ZO6: 8.46523 | ZP6: 8.47515 | ZQ6: 8.48635 | ZR6: 8.49708 | ZS6: 8.51144 | ZT6: 8.51698 | ZU6: 8.53065 | ZV6: 8.54248 | ZW6: 8.55695 | ZX6: 8.56703 | ZY6: 8.58842 | ZZ6: 8.60107 | AAA6: 8.61629 | AAB6: 8.628 | AAC6: 8.64208 | AAD6: 8.66105 | AAE6: 8.67209 | AAF6: 8.68138 | AAG6: 8.70376 | AAH6: 8.71466 | AAI6: 8.73053 | AAJ6: 8.74825 | AAK6: 8.76995 | AAL6: 8.77096 | AAM6: 8.77352 | AAN6: 8.79046 | AAO6: 8.80294 | AAP6: 8.81898 | AAQ6: 8.83648 | AAR6: 8.8576 | AAS6: 8.87558 | AAT6: 8.88806 | AAU6: 8.90774 | AAV6: 8.91988 | AAW6: 8.93631 | AAX6: 8.95646 | AAY6: 8.97247 | AAZ6: 8.9942 | ABA6: 9.01334 | ABB6: 9.04575 | ABC6: 9.06641 | ABD6: 9.08874 | ABE6: 9.09784 | ABF6: 9.10482 | ABG6: 9.11456 | ABH6: 9.13277 | ABI6: 9.14809 | ABJ6: 9.16304 | ABK6: 9.17505 | ABL6: 9.18802 | ABM6: 9.19653 | ABN6: 9.21857 | ABO6: 9.24078 | ABP6: 9.26611 | ABQ6: 9.28205 | ABR6: 9.30002 | ABS6: 9.33368 | ABT6: 9.34708 | ABU6: 9.35298 | ABV6: 9.38394 | ABW6: 9.41217 | ABX6: 9.42611 | ABY6: 9.44596 | ABZ6: 9.46545 | ACA6: 9.48257 | ACB6: 9.51081 | ACC6: 9.5321 | ACD6: 9.54435 | ACE6: 9.55079 | ACF6: 9.56219 | ACG6: 9.56973 | ACH6: 9.57751 | ACI6: 9.59606 | ACJ6: 9.61517 | ACK6: 9.62835 | ACL6: 9.64633 | ACM6: 9.6773 | ACN6: 9.70375 | ACO6: 9.71761 | ACP6: 9.73057 | ACQ6: 9.75424 | ACR6: 9.78251 | ACS6: 9.79245 | ACT6: 9.80579 | ACU6: 9.814 | ACV6: 9.83069 | ACW6: 9.84476 | ACX6: 9.86108 | ACY6: 9.88342 | ACZ6: 9.90165 | ADA6: 9.915 | ADB6: 9.92675 | ADC6: 9.93456 | ADD6: 9.94556 | ADE6: 9.95505 | ADF6: 9.97435 | ADG6: 10.00374 | ADH6: 10.03784 | ADI6: 10.0591 | ADJ6: 10.09048 | ADK6: 10.12059 | ADL6: 10.13321 | ADM6: 10.14694 | ADN6: 10.16977 | ADO6: 10.19518 | ADP6: 10.21592 | ADQ6: 10.22192 | ADR6: 10.24495 | ADS6: 10.26538 | ADT6: 10.28159 | ADU6: 10.30175 | ADV6: 10.33223 | ADW6: 10.35414 | ADX6: 10.3724 | ADY6: 10.3904 | ADZ6: 10.4054 | AEA6: 10.41546 | AEB6: 10.43897 | AEC6: 10.45619 | AED6: 10.46824 | AEE6: 10.48724 | AEF6: 10.51895 | AEG6: 10.54222 | AEH6: 10.56103 | AEI6: 10.5828 | AEJ6: 10.60168 | AEK6: 10.60826 | AEL6: 10.6132 | AEM6: 10.62639 | AEN6: 10.65293 | AEO6: 10.69099 | AEP6: 10.71582 | AEQ6: 10.73307 | AER6: 10.77032 | AES6: 10.79416 | AET6: 10.81533 | AEU6: 10.84991 | AEV6: 10.88295 | AEW6: 10.89535 | AEX6: 10.90822 | AEY6: 10.9176 | AEZ6: 10.94642 | AFA6: 10.96263 | AFB6: 10.98753 | AFC6: 11.00955 | AFD6: 11.01888 | AFE6: 11.03242 | AFF6: 11.04836 | AFG6: 11.08117 | AFH6: 11.09841 | AFI6: 11.12341 | AFJ6: 11.14583 | AFK6: 11.16565 | AFL6: 11.18631 | AFM6: 11.2103 | AFN6: 11.23734 | AFO6: 11.24853 | AFP6: 11.26418 | AFQ6: 11.28003 | AFR6: 11.29981 | AFS6: 11.34571 | AFT6: 11.39888 | AFU6: 11.42307 | AFV6: 11.44191 | AFW6: 11.47352 | AFX6: 11.5049 | AFY6: 11.52386 | AFZ6: 11.54663 | AGA6: 11.58298 | AGB6: 11.61118 | AGC6: 11.63313 | AGD6: 11.68592 | AGE6: 11.70088 | AGF6: 11.74693 | AGG6: 11.7783 | AGH6: 11.82062 | AGI6: 11.87619 | AGJ6: 11.91037 | AGK6: 11.93993 | AGL6: 11.96403 | AGM6: 12.01285 | AGN6: 12.04324 | AGO6: 12.06847 | AGP6: 12.09208 | AGQ6: 12.1198 | AGR6: 12.1625 | AGS6: 12.20049 | AGT6: 12.23301 | AGU6: 12.27408 | AGV6: 12.31967 | AGW6: 12.35473 | AGX6: 12.39576 | AGY6: 12.43184 | AGZ6: 12.47179 | AHA6: 12.49503 | AHB6: 12.52905 | AHC6: 12.56259 | AHD6: 12.59472 | AHE6: 12.67019 | AHF6: 12.72208 | AHG6: 12.76454 | AHH6: 12.79875 | AHI6: 12.82013 | AHJ6: 12.86224 | AHK6: 12.90114 | AHL6: 12.96322 | AHM6: 13.01912 | AHN6: 13.05237 | AHO6: 13.08651 | AHP6: 13.12508 | AHQ6: 13.18453 | AHR6: 13.23985 | AHS6: 13.26798 | AHT6: 13.29018 | AHU6: 13.34303 | AHV6: 13.41832 | AHW6: 13.45404 | AHX6: 13.47627 | AHY6: 13.50247 | AHZ6: 13.53468 | AIA6: 13.55734 | AIB6: 13.60762 | AIC6: 13.64152 | AID6: 13.68879 | AIE6: 13.7761 | AIF6: 13.83043 | AIG6: 13.93852 | AIH6: 13.97224 | AII6: 14.00001 | AIJ6: 14.05358 | AIK6: 14.1187 | AIL6: 14.18086 | AIM6: 14.19695 | AIN6: 14.24143 | AIO6: 14.30501 | AIP6: 14.41816 | AIQ6: 14.50774 | AIR6: 14.56941 | AIS6: 14.61507 | AIT6: 14.64791 | AIU6: 14.70069 | AIV6: 14.72216 | AIW6: 14.7572 | AIX6: 14.80926 | AIY6: 14.92211 | AIZ6: 15.00971 | AJA6: 15.04947 | AJB6: 15.11655 | AJC6: 15.21345 | AJD6: 15.29792 | AJE6: 15.35827 | AJF6: 15.41441 | AJG6: 15.47624 | AJH6: 15.59202 | AJI6: 15.65972 | AJJ6: 15.7339 | AJK6: 15.85587 | AJL6: 15.99695 | AJM6: 16.09807 | AJN6: 16.16377 | AJO6: 16.31182 | AJP6: 16.42119 | AJQ6: 16.53895 | AJR6: 16.61802 | AJS6: 16.69512 | AJT6: 16.77669 | AJU6: 16.88201 | AJV6: 16.96607 | AJW6: 17.07611 | AJX6: 17.12014 | AJY6: 17.25301 | AJZ6: 17.35404 | AKA6: 17.45357 | AKB6: 17.57657 | AKC6: 17.76924 | AKD6: 17.91998 | AKE6: 18.04587 | AKF6: 18.12657 | AKG6: 18.30654 | AKH6: 18.49348 | AKI6: 18.62625 | AKJ6: 18.77353 | AKK6: 19.01712 | AKL6: 19.40356 | AKM6: 19.73225 | AKN6: 20.02316 | AKO6: 20.29963 | AKP6: 20.5464 | AKQ6: 20.76468 | AKR6: 21.04938 | AKS6: 21.43766 | AKT6: 21.65282 | AKU6: 21.81105 | AKV6: 22.12793 | AKW6: 22.49925 | AKX6: 22.8499 | AKY6: 23.25341 | AKZ6: 23.76543 | ALA6: 24.53721 | ALB6: 24.81192 | ALC6: 25.6034 | ALD6: 26.36166 | ALE6: 27.02281 | ALF6: 27.99124 | ALG6: 28.6719 | ALH6: 30.37568 | ALI6: 32.21478 | ALJ6: 34.099 | ALK6: 35.8383 | ALL6: 38.8869 | ALM6: 43.40751 | ALN6: 50.91776 | ALO6: 76.00826
A7: Djibouti | B7: DJI | C7: =AVERAGE(SI7,SJ7) | D7: 0.34173 | E7: 0.35171 | F7: 0.44373 | G7: 0.45617 | H7: 0.51526 | I7: 0.58426 | J7: 0.62831 | K7: 0.67386 | L7: 0.72581 | M7: 0.75305 | N7: 0.77829 | O7: 0.80402 | P7: 0.82062 | Q7: 0.8447 | R7: 0.86696 | S7: 0.88344 | T7: 0.91278 | U7: 0.93932 | V7: 0.96823 | W7: 0.98549 | X7: 1.02134 | Y7: 1.0649 | Z7: 1.08098 | AA7: 1.08244 | AB7: 1.10184 | AC7: 1.11562 | AD7: 1.13731 | AE7: 1.1642 | AF7: 1.19668 | AG7: 1.23144 | AH7: 1.2559 | AI7: 1.28265 | AJ7: 1.32017 | AK7: 1.34965 | AL7: 1.35967 | AM7: 1.38422 | AN7: 1.41264 | AO7: 1.42542 | AP7: 1.44169 | AQ7: 1.45425 | AR7: 1.47872 | AS7: 1.48321 | AT7: 1.48787 | AU7: 1.4985 | AV7: 1.51721 | AW7: 1.53581 | AX7: 1.53757 | AY7: 1.54396 | AZ7: 1.55681 | BA7: 1.56853 | BB7: 1.5782 | BC7: 1.58813 | BD7: 1.61028 | BE7: 1.62783 | BF7: 1.63935 | BG7: 1.6522 | BH7: 1.67679 | BI7: 1.69147 | BJ7: 1.70474 | BK7: 1.71641 | BL7: 1.73385 | BM7: 1.73933 | BN7: 1.74022 | BO7: 1.74363 | BP7: 1.75739 | BQ7: 1.7715 | BR7: 1.78252 | BS7: 1.79862 | BT7: 1.80473 | BU7: 1.80905 | BV7: 1.82435 | BW7: 1.83773 | BX7: 1.85491 | BY7: 1.8623 | BZ7: 1.86882 | CA7: 1.87917 | CB7: 1.89048 | CC7: 1.89614 | CD7: 1.91008 | CE7: 1.92929 | CF7: 1.94889 | CG7: 1.96144 | CH7: 1.97406 | CI7: 1.99359 | CJ7: 2.01086 | CK7: 2.02166 | CL7: 2.03389 | CM7: 2.03538 | CN7: 2.04456 | CO7: 2.06383 | CP7: 2.07932 | CQ7: 2.08889 | CR7: 2.09048 | CS7: 2.10071 | CT7: 2.1206 | CU7: 2.14148 | CV7: 2.14356 | CW7: 2.15213 | CX7: 2.16472 | CY7: 2.17954 | CZ7: 2.188 | DA7: 2.19726 | DB7: 2.20815 | DC7: 2.21876 | DD7: 2.23112 | DE7: 2.24506 | DF7: 2.25614 | DG7: 2.25899 | DH7: 2.26466 | DI7: 2.2687 | DJ7: 2.27333 | DK7: 2.2753 | DL7: 2.28305 | DM7: 2.29209 | DN7: 2.2972 | DO7: 2.30601 | DP7: 2.30861 | DQ7: 2.32125 | DR7: 2.33321 | DS7: 2.34716 | DT7: 2.36045 | DU7: 2.37592 | DV7: 2.38478 | DW7: 2.39302 | DX7: 2.39919 | DY7: 2.40777 | DZ7: 2.41565 | EA7: 2.41926 | EB7: 2.42469 | EC7: 2.42759 | ED7: 2.43625 | EE7: 2.44092 | EF7: 2.45275 | EG7: 2.45347 | EH7: 2.45926 | EI7: 2.49768 | EJ7: 2.50815 | EK7: 2.51518 | EL7: 2.52341 | EM7: 2.52855 | EN7: 2.5417 | EO7: 2.5522 | EP7: 2.57085 | EQ7: 2.59068 | ER7: 2.59743 | ES7: 2.60149 | ET7: 2.60767 | EU7: 2.61794 | EV7: 2.62242 | EW7: 2.62492 | EX7: 2.62815 | EY7: 2.63509 | EZ7: 2.64305 | FA7: 2.65296 | FB7: 2.66762 | FC7: 2.68371 | FD7: 2.71542 | FE7: 2.72568 | FF7: 2.73392 | FG7: 2.74917 | FH7: 2.75329 | FI7: 2.75589 | FJ7: 2.76032 | FK7: 2.77224 | FL7: 2.77435 | FM7: 2.78719 | FN7: 2.79752 | FO7: 2.80656 | FP7: 2.8098 | FQ7: 2.82422 | FR7: 2.84889 | FS7: 2.86816 | FT7: 2.87911 | FU7: 2.88926 | FV7: 2.89584 | FW7: 2.90911 | FX7: 2.91351 | FY7: 2.92177 | FZ7: 2.93728 | GA7: 2.94422 | GB7: 2.94753 | GC7: 2.95438 | GD7: 2.96174 | GE7: 2.96447 | GF7: 2.96659 | GG7: 2.97182 | GH7: 2.98501 | GI7: 2.99035 | GJ7: 2.99955 | GK7: 3.00216 | GL7: 3.0131 | GM7: 3.03085 | GN7: 3.03833 | GO7: 3.04814 | GP7: 3.06045 | GQ7: 3.07832 | GR7: 3.08148 | GS7: 3.10896 | GT7: 3.12815 | GU7: 3.14634 | GV7: 3.16071 | GW7: 3.17999 | GX7: 3.1971 | GY7: 3.20248 | GZ7: 3.20309 | HA7: 3.21428 | HB7: 3.22115 | HC7: 3.23775 | HD7: 3.25129 | HE7: 3.26292 | HF7: 3.27329 | HG7: 3.29029 | HH7: 3.2974 | HI7: 3.2988 | HJ7: 3.3044 | HK7: 3.31089 | HL7: 3.31701 | HM7: 3.32968 | HN7: 3.33689 | HO7: 3.35329 | HP7: 3.36002 | HQ7: 3.37221 | HR7: 3.37615 | HS7: 3.37956 | HT7: 3.38887 | HU7: 3.39834 | HV7: 3.40844 | HW7: 3.41983 | HX7: 3.42387 | HY7: 3.4267 | HZ7: 3.4421 | IA7: 3.45712 | IB7: 3.46574 | IC7: 3.46739 | ID7: 3.47272 | IE7: 3.48938 | IF7: 3.49908 | IG7: 3.51958 | IH7: 3.53062 | II7: 3.53679 | IJ7: 3.55133 | IK7: 3.56027 | IL7: 3.56596 | IM7: 3.5687 | IN7: 3.57304 | IO7: 3.57587 | IP7: 3.58836 | IQ7: 3.59775 | IR7: 3.60877 | IS7: 3.62795 | IT7: 3.65129 | IU7: 3.65627 | IV7: 3.6576 | IW7: 3.65982 | IX7: 3.66402 | IY7: 3.66498 | IZ7: 3.66628 | JA7: 3.66847 | JB7: 3.68217 | JC7: 3.68996 | JD7: 3.69808 | JE7: 3.70251 | JF7: 3.70846 | JG7: 3.71791 | JH7: 3.72832 | JI7: 3.73106 | JJ7: 3.7408 | JK7: 3.74573 | JL7: 3.75148 | JM7: 3.75229 | JN7: 3.76183 | JO7: 3.76968 | JP7: 3.77228 | JQ7: 3.78001 | JR7: 3.79104 | JS7: 3.7949 | JT7: 3.79666 | JU7: 3.7995 | JV7: 3.80208 | JW7: 3.80773 | JX7: 3.82237 | JY7: 3.82855 | JZ7: 3.83543 | KA7: 3.83745 | KB7: 3.84727 | KC7: 3.85479 | KD7: 3.86356 | KE7: 3.86793 | KF7: 3.86826 | KG7: 3.86972 | KH7: 3.87007 | KI7: 3.87936 | KJ7: 3.88918 | KK7: 3.89652 | KL7: 3.90674 | KM7: 3.91721 | KN7: 3.93054 | KO7: 3.93566 | KP7: 3.94319 | KQ7: 3.96455 | KR7: 3.977 | KS7: 3.98755 | KT7: 3.99427 | KU7: 4.00078 | KV7: 4.01276 | KW7: 4.01873 | KX7: 4.02258 | KY7: 4.02917 | KZ7: 4.03457 | LA7: 4.04393 | LB7: 4.05517 | LC7: 4.06144 | LD7: 4.07926 | LE7: 4.08768 | LF7: 4.09202 | LG7: 4.10135 | LH7: 4.114 | LI7: 4.11969 | LJ7: 4.13051 | LK7: 4.1361 | LL7: 4.14954 | LM7: 4.16122 | LN7: 4.16661 | LO7: 4.17136 | LP7: 4.17254 | LQ7: 4.17674 | LR7: 4.17878 | LS7: 4.18635 | LT7: 4.20007 | LU7: 4.20567 | LV7: 4.21094 | LW7: 4.2174 | LX7: 4.22249 | LY7: 4.23451 | LZ7: 4.24274 | MA7: 4.24523 | MB7: 4.25365 | MC7: 4.26086 | MD7: 4.26678 | ME7: 4.27599 | MF7: 4.28664 | MG7: 4.29362 | MH7: 4.29467 | MI7: 4.30234 | MJ7: 4.30928 | MK7: 4.31894 | ML7: 4.33236 | MM7: 4.34954 | MN7: 4.36226 | MO7: 4.36824 | MP7: 4.37872 | MQ7: 4.38838 | MR7: 4.40002 | MS7: 4.40592 | MT7: 4.41041 | MU7: 4.41717 | MV7: 4.42603 | MW7: 4.43319 | MX7: 4.4504 | MY7: 4.45636 | MZ7: 4.45757 | NA7: 4.4694 | NB7: 4.48198 | NC7: 4.48727 | ND7: 4.4994 | NE7: 4.50762 | NF7: 4.51857 | NG7: 4.53736 | NH7: 4.54383 | NI7: 4.55479 | NJ7: 4.56309 | NK7: 4.57035 | NL7: 4.5736 | NM7: 4.57846 | NN7: 4.58252 | NO7: 4.5877 | NP7: 4.60081 | NQ7: 4.6138 | NR7: 4.62135 | NS7: 4.62904 | NT7: 4.63854 | NU7: 4.65797 | NV7: 4.66808 | NW7: 4.67395 | NX7: 4.67465 | NY7: 4.68003 | NZ7: 4.68951 | OA7: 4.69513 | OB7: 4.69946 | OC7: 4.70371 | OD7: 4.70606 | OE7: 4.71481 | OF7: 4.7276 | OG7: 4.73199 | OH7: 4.73708 | OI7: 4.74322 | OJ7: 4.75373 | OK7: 4.76103 | OL7: 4.78208 | OM7: 4.79526 | ON7: 4.81323 | OO7: 4.8225 | OP7: 4.85448 | OQ7: 4.86347 | OR7: 4.87227 | OS7: 4.87941 | OT7: 4.88223 | OU7: 4.88943 | OV7: 4.90483 | OW7: 4.91949 | OX7: 4.92809 | OY7: 4.93512 | OZ7: 4.94863 | PA7: 4.96027 | PB7: 4.9665 | PC7: 4.97018 | PD7: 4.97895 | PE7: 4.98221 | PF7: 4.98895 | PG7: 4.99427 | PH7: 5.01169 | PI7: 5.02605 | PJ7: 5.03256 | PK7: 5.04004 | PL7: 5.04236 | PM7: 5.05181 | PN7: 5.06239 | PO7: 5.06271 | PP7: 5.07104 | PQ7: 5.08113 | PR7: 5.08366 | PS7: 5.09301 | PT7: 5.09848 | PU7: 5.10694 | PV7: 5.11764 | PW7: 5.12005 | PX7: 5.12227 | PY7: 5.12653 | PZ7: 5.13268 | QA7: 5.13716 | QB7: 5.15078 | QC7: 5.16117 | QD7: 5.17559 | QE7: 5.18581 | QF7: 5.18815 | QG7: 5.20412 | QH7: 5.22313 | QI7: 5.23717 | QJ7: 5.24349 | QK7: 5.25001 | QL7: 5.253 | QM7: 5.25524 | QN7: 5.26042 | QO7: 5.2761 | QP7: 5.28409 | QQ7: 5.31127 | QR7: 5.31669 | QS7: 5.32253 | QT7: 5.33729 | QU7: 5.34111 | QV7: 5.343 | QW7: 5.34871 | QX7: 5.35421 | QY7: 5.37378 | QZ7: 5.38435 | RA7: 5.39263 | RB7: 5.39749 | RC7: 5.40551 | RD7: 5.41985 | RE7: 5.42792 | RF7: 5.44194 | RG7: 5.4569 | RH7: 5.46122 | RI7: 5.46643 | RJ7: 5.4771 | RK7: 5.48544 | RL7: 5.50018 | RM7: 5.50998 | RN7: 5.51559 | RO7: 5.5264 | RP7: 5.53232 | RQ7: 5.54208 | RR7: 5.55841 | RS7: 5.57356 | RT7: 5.58374 | RU7: 5.59674 | RV7: 5.60302 | RW7: 5.61642 | RX7: 5.62952 | RY7: 5.63651 | RZ7: 5.64314 | SA7: 5.64712 | SB7: 5.6552 | SC7: 5.66473 | SD7: 5.67778 | SE7: 5.69189 | SF7: 5.69449 | SG7: 5.70202 | SH7: 5.71682 | SI7: 5.7377 | SJ7: 5.74352 | SK7: 5.75721 | SL7: 5.76898 | SM7: 5.78041 | SN7: 5.78593 | SO7: 5.79854 | SP7: 5.81756 | SQ7: 5.81949 | SR7: 5.82067 | SS7: 5.82639 | ST7: 5.82919 | SU7: 5.83354 | SV7: 5.8467 | SW7: 5.85531 | SX7: 5.86074 | SY7: 5.87044 | SZ7: 5.88498 | TA7: 5.89411 | TB7: 5.89901 | TC7: 5.90702 | TD7: 5.91872 | TE7: 5.93573 | TF7: 5.94689 | TG7: 5.96449 | TH7: 5.96815 | TI7: 5.97843 | TJ7: 5.98353 | TK7: 6.01287 | TL7: 6.03814 | TM7: 6.04928 | TN7: 6.06615 | TO7: 6.07729 | TP7: 6.08538 | TQ7: 6.09428 | TR7: 6.10252 | TS7: 6.10771 | TT7: 6.12314 | TU7: 6.13122 | TV7: 6.13742 | TW7: 6.13902 | TX7: 6.13972 | TY7: 6.14377 | TZ7: 6.15205 | UA7: 6.15959 | UB7: 6.17934 | UC7: 6.18648 | UD7: 6.19428 | UE7: 6.2101 | UF7: 6.21253 | UG7: 6.21981 | UH7: 6.24279 | UI7: 6.25108 | UJ7: 6.25391 | UK7: 6.26551 | UL7: 6.28886 | UM7: 6.3098 | UN7: 6.31947 | UO7: 6.33111 | UP7: 6.34092 | UQ7: 6.35135 | UR7: 6.35644 | US7: 6.36775 | UT7: 6.37461 | UU7: 6.38045 | UV7: 6.39101 | UW7: 6.41065 | UX7: 6.42574 | UY7: 6.45754 | UZ7: 6.48053 | VA7: 6.48764 | VB7: 6.498 | VC7: 6.50188 | VD7: 6.50814 | VE7: 6.52728 | VF7: 6.54125 | VG7: 6.55164 | VH7: 6.56312 | VI7: 6.57361 | VJ7: 6.57655 | VK7: 6.5797 | VL7: 6.58348 | VM7: 6.58547 | VN7: 6.58883 | VO7: 6.59533 | VP7: 6.59867 | VQ7: 6.60049 | VR7: 6.62239 | VS7: 6.63829 | VT7: 6.64096 | VU7: 6.64846 | VV7: 6.66698 | VW7: 6.67593 | VX7: 6.67889 | VY7: 6.68578 | VZ7: 6.69798 | WA7: 6.73252 | WB7: 6.74151 | WC7: 6.75355 | WD7: 6.76781 | WE7: 6.77883 | WF7: 6.79329 | WG7: 6.82336 | WH7: 6.83282 | WI7: 6.84129 | WJ7: 6.84621 | WK7: 6.85779 | WL7: 6.8676 | WM7: 6.87545 | WN7: 6.88972 | WO7: 6.90685 | WP7: 6.9127 | WQ7: 6.92148 | WR7: 6.94027 | WS7: 6.96174 | WT7: 6.98412 | WU7: 7.00113 | WV7: 7.00563 | WW7: 7.01654 | WX7: 7.04753 | WY7: 7.05891 | WZ7: 7.07061 | XA7: 7.07766 | XB7: 7.08442 | XC7: 7.10272 | XD7: 7.11305 | XE7: 7.1182 | XF7: 7.13682 | XG7: 7.14787 | XH7: 7.18585 | XI7: 7.19823 | XJ7: 7.20228 | XK7: 7.20979 | XL7: 7.21328 | XM7: 7.22828 | XN7: 7.23259 | XO7: 7.23636 | XP7: 7.24137 | XQ7: 7.25172 | XR7: 7.26425 | XS7: 7.29195 | XT7: 7.308 | XU7: 7.32201 | XV7: 7.33568 | XW7: 7.33792 | XX7: 7.34329 | XY7: 7.37303 | XZ7: 7.39269 | YA7: 7.39384 | YB7: 7.39812 | YC7: 7.4175 | YD7: 7.44505 | YE7: 7.45203 | YF7: 7.48941 | YG7: 7.52204 | YH7: 7.52741 | YI7: 7.53775 | YJ7: 7.54813 | YK7: 7.56477 | YL7: 7.58135 | YM7: 7.59366 | YN7: 7.60638 | YO7: 7.61835 | YP7: 7.62973 | YQ7: 7.64136 | YR7: 7.66122 | YS7: 7.67075 | YT7: 7.68504 | YU7: 7.70592 | YV7: 7.71487 | YW7: 7.73554 | YX7: 7.75243 | YY7: 7.76459 | YZ7: 7.78186 | ZA7: 7.82173 | ZB7: 7.8353 | ZC7: 7.83686 | ZD7: 7.84084 | ZE7: 7.85239 | ZF7: 7.86066 | ZG7: 7.87742 | ZH7: 7.90707 | ZI7: 7.92767 | ZJ7: 7.93978 | ZK7: 7.95193 | ZL7: 7.98269 | ZM7: 7.98573 | ZN7: 7.98789 | ZO7: 7.99319 | ZP7: 7.99986 | ZQ7: 8.00542 | ZR7: 8.02724 | ZS7: 8.03345 | ZT7: 8.05336 | ZU7: 8.09269 | ZV7: 8.10962 | ZW7: 8.12038 | ZX7: 8.14457 | ZY7: 8.15362 | ZZ7: 8.17356 | AAA7: 8.18682 | AAB7: 8.19785 | AAC7: 8.20463 | AAD7: 8.24267 | AAE7: 8.25261 | AAF7: 8.26448 | AAG7: 8.27466 | AAH7: 8.30869 | AAI7: 8.31763 | AAJ7: 8.33609 | AAK7: 8.34847 | AAL7: 8.35347 | AAM7: 8.3615 | AAN7: 8.38277 | AAO7: 8.39836 | AAP7: 8.42933 | AAQ7: 8.44169 | AAR7: 8.44645 | AAS7: 8.45723 | AAT7: 8.47961 | AAU7: 8.48269 | AAV7: 8.49138 | AAW7: 8.50315 | AAX7: 8.51738 | AAY7: 8.51823 | AAZ7: 8.53836 | ABA7: 8.56154 | ABB7: 8.59183 | ABC7: 8.60502 | ABD7: 8.60993 | ABE7: 8.6167 | ABF7: 8.6309 | ABG7: 8.6563 | ABH7: 8.66399 | ABI7: 8.67846 | ABJ7: 8.70766 | ABK7: 8.7223 | ABL7: 8.73901 | ABM7: 8.74863 | ABN7: 8.77392 | ABO7: 8.79305 | ABP7: 8.81647 | ABQ7: 8.85072 | ABR7: 8.8786 | ABS7: 8.88506 | ABT7: 8.89466 | ABU7: 8.9034 | ABV7: 8.9095 | ABW7: 8.93313 | ABX7: 8.9579 | ABY7: 8.96378 | ABZ7: 8.97265 | ACA7: 8.98954 | ACB7: 9.00435 | ACC7: 9.0233 | ACD7: 9.04457 | ACE7: 9.05375 | ACF7: 9.07081 | ACG7: 9.09955 | ACH7: 9.14395 | ACI7: 9.1503 | ACJ7: 9.16608 | ACK7: 9.17612 | ACL7: 9.19417 | ACM7: 9.20941 | ACN7: 9.22985 | ACO7: 9.243 | ACP7: 9.2564 | ACQ7: 9.27554 | ACR7: 9.29732 | ACS7: 9.32587 | ACT7: 9.33282 | ACU7: 9.33682 | ACV7: 9.35745 | ACW7: 9.37479 | ACX7: 9.41135 | ACY7: 9.45233 | ACZ7: 9.48023 | ADA7: 9.51019 | ADB7: 9.54301 | ADC7: 9.55736 | ADD7: 9.57295 | ADE7: 9.59221 | ADF7: 9.5964 | ADG7: 9.59849 | ADH7: 9.6068 | ADI7: 9.63123 | ADJ7: 9.65173 | ADK7: 9.69852 | ADL7: 9.73939 | ADM7: 9.76064 | ADN7: 9.78067 | ADO7: 9.78858 | ADP7: 9.80077 | ADQ7: 9.81349 | ADR7: 9.82798 | ADS7: 9.87844 | ADT7: 9.91531 | ADU7: 9.92028 | ADV7: 9.92392 | ADW7: 9.94757 | ADX7: 9.96404 | ADY7: 9.97824 | ADZ7: 10.00939 | AEA7: 10.01239 | AEB7: 10.02036 | AEC7: 10.03365 | AED7: 10.07767 | AEE7: 10.12079 | AEF7: 10.14841 | AEG7: 10.16945 | AEH7: 10.19106 | AEI7: 10.24709 | AEJ7: 10.30355 | AEK7: 10.33956 | AEL7: 10.36932 | AEM7: 10.39279 | AEN7: 10.42272 | AEO7: 10.42991 | AEP7: 10.46022 | AEQ7: 10.50529 | AER7: 10.51865 | AES7: 10.54471 | AET7: 10.55643 | AEU7: 10.57161 | AEV7: 10.59306 | AEW7: 10.62251 | AEX7: 10.65543 | AEY7: 10.68525 | AEZ7: 10.69783 | AFA7: 10.73533 | AFB7: 10.77281 | AFC7: 10.78433 | AFD7: 10.79415 | AFE7: 10.81156 | AFF7: 10.87266 | AFG7: 10.91681 | AFH7: 10.97918 | AFI7: 11.00557 | AFJ7: 11.0374 | AFK7: 11.06404 | AFL7: 11.08832 | AFM7: 11.12157 | AFN7: 11.17023 | AFO7: 11.21034 | AFP7: 11.25044 | AFQ7: 11.29115 | AFR7: 11.31249 | AFS7: 11.3349 | AFT7: 11.37758 | AFU7: 11.469 | AFV7: 11.49233 | AFW7: 11.51441 | AFX7: 11.57903 | AFY7: 11.66582 | AFZ7: 11.67442 | AGA7: 11.69479 | AGB7: 11.75748 | AGC7: 11.82295 | AGD7: 11.84757 | AGE7: 11.9434 | AGF7: 12.01519 | AGG7: 12.04608 | AGH7: 12.12884 | AGI7: 12.16556 | AGJ7: 12.20459 | AGK7: 12.24878 | AGL7: 12.30651 | AGM7: 12.33681 | AGN7: 12.3632 | AGO7: 12.42567 | AGP7: 12.48821 | AGQ7: 12.51528 | AGR7: 12.54333 | AGS7: 12.55589 | AGT7: 12.60471 | AGU7: 12.63079 | AGV7: 12.65092 | AGW7: 12.73017 | AGX7: 12.80252 | AGY7: 12.86422 | AGZ7: 12.90077 | AHA7: 12.92301 | AHB7: 12.99324 | AHC7: 13.1048 | AHD7: 13.22976 | AHE7: 13.35864 | AHF7: 13.37838 | AHG7: 13.43805 | AHH7: 13.4683 | AHI7: 13.51104 | AHJ7: 13.59648 | AHK7: 13.64162 | AHL7: 13.68682 | AHM7: 13.78282 | AHN7: 13.85477 | AHO7: 13.96649 | AHP7: 14.01127 | AHQ7: 14.08206 | AHR7: 14.18487 | AHS7: 14.24515 | AHT7: 14.29358 | AHU7: 14.32233 | AHV7: 14.35831 | AHW7: 14.40747 | AHX7: 14.49077 | AHY7: 14.63892 | AHZ7: 14.68763 | AIA7: 14.72223 | AIB7: 14.79523 | AIC7: 14.8329 | AID7: 14.96422 | AIE7: 15.00846 | AIF7: 15.13577 | AIG7: 15.26336 | AIH7: 15.40259 | AII7: 15.51061 | AIJ7: 15.56107 | AIK7: 15.61452 | AIL7: 15.72787 | AIM7: 15.81489 | AIN7: 15.92168 | AIO7: 16.10527 | AIP7: 16.2705 | AIQ7: 16.38266 | AIR7: 16.49932 | AIS7: 16.57277 | AIT7: 16.68594 | AIU7: 16.8966 | AIV7: 17.01385 | AIW7: 17.13213 | AIX7: 17.19531 | AIY7: 17.31182 | AIZ7: 17.39538 | AJA7: 17.48687 | AJB7: 17.56205 | AJC7: 17.70077 | AJD7: 17.84027 | AJE7: 17.93288 | AJF7: 18.11356 | AJG7: 18.4597 | AJH7: 18.71154 | AJI7: 18.9355 | AJJ7: 19.21467 | AJK7: 19.49183 | AJL7: 19.59747 | AJM7: 19.75696 | AJN7: 20.00291 | AJO7: 20.15077 | AJP7: 20.31116 | AJQ7: 20.45957 | AJR7: 20.52775 | AJS7: 20.57067 | AJT7: 20.62151 | AJU7: 20.74454 | AJV7: 20.90204 | AJW7: 21.04229 | AJX7: 21.15755 | AJY7: 21.17945 | AJZ7: 21.33278 | AKA7: 21.43205 | AKB7: 21.59134 | AKC7: 21.83191 | AKD7: 22.06787 | AKE7: 22.2903 | AKF7: 22.50371 | AKG7: 22.76114 | AKH7: 23.23802 | AKI7: 23.39997 | AKJ7: 23.67464 | AKK7: 24.06069 | AKL7: 24.17149 | AKM7: 24.45595 | AKN7: 24.7602 | AKO7: 25.16723 | AKP7: 25.41247 | AKQ7: 26.03548 | AKR7: 26.38787 | AKS7: 26.76063 | AKT7: 27.52809 | AKU7: 28.13954 | AKV7: 29.26146 | AKW7: 30.8542 | AKX7: 31.51508 | AKY7: 32.46267 | AKZ7: 33.88017 | ALA7: 35.21302 | ALB7: 35.78536 | ALC7: 36.46994 | ALD7: 37.60415 | ALE7: 38.70789 | ALF7: 40.50955 | ALG7: 43.03621 | ALH7: 45.92123 | ALI7: 48.4635 | ALJ7: 50.62426 | ALK7: 53.79167 | ALL7: 58.84742 | ALM7: 64.07032 | ALN7: 71.89254 | ALO7: 112.65202
A8: Eritrea | B8: ERI | C8: =AVERAGE(SI8,SJ8) | D8: 0.28 | E8: 0.3277 | F8: 0.40577 | G8: 0.46664 | H8: 0.5179 | I8: 0.56285 | J8: 0.60323 | K8: 0.64015 | L8: 0.67432 | M8: 0.70624 | N8: 0.73628 | O8: 0.76471 | P8: 0.79176 | Q8: 0.81761 | R8: 0.84238 | S8: 0.86621 | T8: 0.88917 | U8: 0.91137 | V8: 0.93286 | W8: 0.9537 | X8: 0.97396 | Y8: 0.99367 | Z8: 1.01288 | AA8: 1.03162 | AB8: 1.04992 | AC8: 1.06781 | AD8: 1.08532 | AE8: 1.10247 | AF8: 1.11928 | AG8: 1.13577 | AH8: 1.15196 | AI8: 1.16786 | AJ8: 1.18349 | AK8: 1.19887 | AL8: 1.214 | AM8: 1.22889 | AN8: 1.24356 | AO8: 1.25802 | AP8: 1.27227 | AQ8: 1.28633 | AR8: 1.3002 | AS8: 1.31389 | AT8: 1.32741 | AU8: 1.34076 | AV8: 1.35395 | AW8: 1.36699 | AX8: 1.37987 | AY8: 1.39262 | AZ8: 1.40523 | BA8: 1.4177 | BB8: 1.43005 | BC8: 1.44227 | BD8: 1.45437 | BE8: 1.46635 | BF8: 1.47822 | BG8: 1.48998 | BH8: 1.50163 | BI8: 1.51318 | BJ8: 1.52463 | BK8: 1.53598 | BL8: 1.54723 | BM8: 1.5584 | BN8: 1.56947 | BO8: 1.58046 | BP8: 1.59136 | BQ8: 1.60218 | BR8: 1.61292 | BS8: 1.62358 | BT8: 1.63417 | BU8: 1.64468 | BV8: 1.65511 | BW8: 1.66548 | BX8: 1.67578 | BY8: 1.68601 | BZ8: 1.69617 | CA8: 1.70627 | CB8: 1.7163 | CC8: 1.72628 | CD8: 1.73619 | CE8: 1.74604 | CF8: 1.75584 | CG8: 1.76558 | CH8: 1.77527 | CI8: 1.7849 | CJ8: 1.79448 | CK8: 1.804 | CL8: 1.81348 | CM8: 1.82291 | CN8: 1.83228 | CO8: 1.84161 | CP8: 1.8509 | CQ8: 1.86013 | CR8: 1.86933 | CS8: 1.87848 | CT8: 1.88758 | CU8: 1.89664 | CV8: 1.90567 | CW8: 1.91465 | CX8: 1.92359 | CY8: 1.93249 | CZ8: 1.94135 | DA8: 1.95018 | DB8: 1.95896 | DC8: 1.96771 | DD8: 1.97643 | DE8: 1.98511 | DF8: 1.99375 | DG8: 2.00237 | DH8: 2.01094 | DI8: 2.01949 | DJ8: 2.028 | DK8: 2.03648 | DL8: 2.04493 | DM8: 2.05335 | DN8: 2.06174 | DO8: 2.0701 | DP8: 2.07843 | DQ8: 2.08673 | DR8: 2.095 | DS8: 2.10325 | DT8: 2.11147 | DU8: 2.11966 | DV8: 2.12782 | DW8: 2.13596 | DX8: 2.14408 | DY8: 2.15216 | DZ8: 2.16023 | EA8: 2.16826 | EB8: 2.17628 | EC8: 2.18427 | ED8: 2.19224 | EE8: 2.20018 | EF8: 2.2081 | EG8: 2.216 | EH8: 2.22388 | EI8: 2.23174 | EJ8: 2.23957 | EK8: 2.24739 | EL8: 2.25518 | EM8: 2.26296 | EN8: 2.27071 | EO8: 2.27844 | EP8: 2.28616 | EQ8: 2.29385 | ER8: 2.30153 | ES8: 2.30919 | ET8: 2.31682 | EU8: 2.32445 | EV8: 2.33205 | EW8: 2.33964 | EX8: 2.3472 | EY8: 2.35476 | EZ8: 2.36229 | FA8: 2.36981 | FB8: 2.37731 | FC8: 2.3848 | FD8: 2.39227 | FE8: 2.39972 | FF8: 2.40716 | FG8: 2.41459 | FH8: 2.422 | FI8: 2.42939 | FJ8: 2.43677 | FK8: 2.44414 | FL8: 2.45149 | FM8: 2.45883 | FN8: 2.46616 | FO8: 2.47347 | FP8: 2.48077 | FQ8: 2.48805 | FR8: 2.49532 | FS8: 2.50258 | FT8: 2.50983 | FU8: 2.51706 | FV8: 2.52429 | FW8: 2.5315 | FX8: 2.5387 | FY8: 2.54588 | FZ8: 2.55306 | GA8: 2.56022 | GB8: 2.56737 | GC8: 2.57452 | GD8: 2.58165 | GE8: 2.58877 | GF8: 2.59588 | GG8: 2.60298 | GH8: 2.61007 | GI8: 2.61715 | GJ8: 2.62422 | GK8: 2.63128 | GL8: 2.63833 | GM8: 2.64537 | GN8: 2.6524 | GO8: 2.65942 | GP8: 2.66643 | GQ8: 2.67344 | GR8: 2.68043 | GS8: 2.68742 | GT8: 2.6944 | GU8: 2.70137 | GV8: 2.70833 | GW8: 2.71528 | GX8: 2.72223 | GY8: 2.72917 | GZ8: 2.7361 | HA8: 2.74302 | HB8: 2.74993 | HC8: 2.75684 | HD8: 2.76374 | HE8: 2.77064 | HF8: 2.77752 | HG8: 2.7844 | HH8: 2.79127 | HI8: 2.79814 | HJ8: 2.805 | HK8: 2.81185 | HL8: 2.8187 | HM8: 2.82554 | HN8: 2.83237 | HO8: 2.8392 | HP8: 2.84602 | HQ8: 2.85283 | HR8: 2.85964 | HS8: 2.86645 | HT8: 2.87325 | HU8: 2.88004 | HV8: 2.88683 | HW8: 2.89361 | HX8: 2.90039 | HY8: 2.90716 | HZ8: 2.91393 | IA8: 2.92069 | IB8: 2.92745 | IC8: 2.93421 | ID8: 2.94095 | IE8: 2.9477 | IF8: 2.95444 | IG8: 2.96117 | IH8: 2.96791 | II8: 2.97463 | IJ8: 2.98136 | IK8: 2.98808 | IL8: 2.99479 | IM8: 3.0015 | IN8: 3.00821 | IO8: 3.01492 | IP8: 3.02162 | IQ8: 3.02832 | IR8: 3.03501 | IS8: 3.0417 | IT8: 3.04839 | IU8: 3.05507 | IV8: 3.06176 | IW8: 3.06843 | IX8: 3.07511 | IY8: 3.08178 | IZ8: 3.08845 | JA8: 3.09512 | JB8: 3.10179 | JC8: 3.10845 | JD8: 3.11511 | JE8: 3.12177 | JF8: 3.12842 | JG8: 3.13508 | JH8: 3.14173 | JI8: 3.14838 | JJ8: 3.15503 | JK8: 3.16167 | JL8: 3.16831 | JM8: 3.17496 | JN8: 3.1816 | JO8: 3.18824 | JP8: 3.19487 | JQ8: 3.20151 | JR8: 3.20814 | JS8: 3.21478 | JT8: 3.22141 | JU8: 3.22804 | JV8: 3.23467 | JW8: 3.2413 | JX8: 3.24793 | JY8: 3.25455 | JZ8: 3.26118 | KA8: 3.2678 | KB8: 3.27443 | KC8: 3.28105 | KD8: 3.28768 | KE8: 3.2943 | KF8: 3.30092 | KG8: 3.30754 | KH8: 3.31416 | KI8: 3.32079 | KJ8: 3.32741 | KK8: 3.33403 | KL8: 3.34065 | KM8: 3.34727 | KN8: 3.35389 | KO8: 3.36051 | KP8: 3.36714 | KQ8: 3.37376 | KR8: 3.38038 | KS8: 3.387 | KT8: 3.39363 | KU8: 3.40025 | KV8: 3.40687 | KW8: 3.4135 | KX8: 3.42013 | KY8: 3.42675 | KZ8: 3.43338 | LA8: 3.44001 | LB8: 3.44664 | LC8: 3.45327 | LD8: 3.4599 | LE8: 3.46653 | LF8: 3.47316 | LG8: 3.4798 | LH8: 3.48643 | LI8: 3.49307 | LJ8: 3.49971 | LK8: 3.50635 | LL8: 3.51299 | LM8: 3.51964 | LN8: 3.52628 | LO8: 3.53293 | LP8: 3.53958 | LQ8: 3.54623 | LR8: 3.55288 | LS8: 3.55954 | LT8: 3.56619 | LU8: 3.57285 | LV8: 3.57951 | LW8: 3.58618 | LX8: 3.59284 | LY8: 3.59951 | LZ8: 3.60618 | MA8: 3.61285 | MB8: 3.61952 | MC8: 3.6262 | MD8: 3.63288 | ME8: 3.63956 | MF8: 3.64625 | MG8: 3.65294 | MH8: 3.65963 | MI8: 3.66632 | MJ8: 3.67302 | MK8: 3.67972 | ML8: 3.68642 | MM8: 3.69313 | MN8: 3.69984 | MO8: 3.70655 | MP8: 3.71326 | MQ8: 3.71998 | MR8: 3.7267 | MS8: 3.73343 | MT8: 3.74016 | MU8: 3.74689 | MV8: 3.75363 | MW8: 3.76037 | MX8: 3.76711 | MY8: 3.77386 | MZ8: 3.78061 | NA8: 3.78736 | NB8: 3.79412 | NC8: 3.80089 | ND8: 3.80765 | NE8: 3.81443 | NF8: 3.8212 | NG8: 3.82798 | NH8: 3.83476 | NI8: 3.84155 | NJ8: 3.84835 | NK8: 3.85514 | NL8: 3.86194 | NM8: 3.86875 | NN8: 3.87556 | NO8: 3.88238 | NP8: 3.8892 | NQ8: 3.89602 | NR8: 3.90285 | NS8: 3.90969 | NT8: 3.91653 | NU8: 3.92337 | NV8: 3.93022 | NW8: 3.93708 | NX8: 3.94394 | NY8: 3.9508 | NZ8: 3.95767 | OA8: 3.96455 | OB8: 3.97143 | OC8: 3.97832 | OD8: 3.98521 | OE8: 3.99211 | OF8: 3.99901 | OG8: 4.00592 | OH8: 4.01283 | OI8: 4.01976 | OJ8: 4.02668 | OK8: 4.03362 | OL8: 4.04055 | OM8: 4.0475 | ON8: 4.05445 | OO8: 4.06141 | OP8: 4.06837 | OQ8: 4.07534 | OR8: 4.08231 | OS8: 4.0893 | OT8: 4.09629 | OU8: 4.10328 | OV8: 4.11028 | OW8: 4.11729 | OX8: 4.12431 | OY8: 4.13133 | OZ8: 4.13836 | PA8: 4.14539 | PB8: 4.15244 | PC8: 4.15949 | PD8: 4.16654 | PE8: 4.17361 | PF8: 4.18068 | PG8: 4.18775 | PH8: 4.19484 | PI8: 4.20193 | PJ8: 4.20903 | PK8: 4.21614 | PL8: 4.22326 | PM8: 4.23038 | PN8: 4.23751 | PO8: 4.24465 | PP8: 4.25179 | PQ8: 4.25895 | PR8: 4.26611 | PS8: 4.27328 | PT8: 4.28046 | PU8: 4.28764 | PV8: 4.29484 | PW8: 4.30204 | PX8: 4.30925 | PY8: 4.31647 | PZ8: 4.32369 | QA8: 4.33093 | QB8: 4.33817 | QC8: 4.34543 | QD8: 4.35269 | QE8: 4.35996 | QF8: 4.36724 | QG8: 4.37453 | QH8: 4.38182 | QI8: 4.38913 | QJ8: 4.39644 | QK8: 4.40377 | QL8: 4.4111 | QM8: 4.41844 | QN8: 4.4258 | QO8: 4.43316 | QP8: 4.44053 | QQ8: 4.44791 | QR8: 4.4553 | QS8: 4.4627 | QT8: 4.47011 | QU8: 4.47753 | QV8: 4.48496 | QW8: 4.49239 | QX8: 4.49984 | QY8: 4.5073 | QZ8: 4.51477 | RA8: 4.52225 | RB8: 4.52974 | RC8: 4.53724 | RD8: 4.54475 | RE8: 4.55227 | RF8: 4.55981 | RG8: 4.56735 | RH8: 4.5749 | RI8: 4.58247 | RJ8: 4.59004 | RK8: 4.59763 | RL8: 4.60522 | RM8: 4.61283 | RN8: 4.62045 | RO8: 4.62808 | RP8: 4.63572 | RQ8: 4.64338 | RR8: 4.65104 | RS8: 4.65872 | RT8: 4.66641 | RU8: 4.67411 | RV8: 4.68182 | RW8: 4.68954 | RX8: 4.69728 | RY8: 4.70503 | RZ8: 4.71279 | SA8: 4.72056 | SB8: 4.72834 | SC8: 4.73614 | SD8: 4.74395 | SE8: 4.75177 | SF8: 4.7596 | SG8: 4.76745 | SH8: 4.77531 | SI8: 4.78318 | SJ8: 4.79107 | SK8: 4.79897 | SL8: 4.80688 | SM8: 4.8148 | SN8: 4.82274 | SO8: 4.83069 | SP8: 4.83866 | SQ8: 4.84664 | SR8: 4.85463 | SS8: 4.86263 | ST8: 4.87065 | SU8: 4.87869 | SV8: 4.88673 | SW8: 4.8948 | SX8: 4.90287 | SY8: 4.91096 | SZ8: 4.91907 | TA8: 4.92718 | TB8: 4.93532 | TC8: 4.94347 | TD8: 4.95163 | TE8: 4.95981 | TF8: 4.968 | TG8: 4.97621 | TH8: 4.98443 | TI8: 4.99267 | TJ8: 5.00092 | TK8: 5.00919 | TL8: 5.01747 | TM8: 5.02577 | TN8: 5.03409 | TO8: 5.04242 | TP8: 5.05077 | TQ8: 5.05913 | TR8: 5.06751 | TS8: 5.0759 | TT8: 5.08431 | TU8: 5.09274 | TV8: 5.10119 | TW8: 5.10965 | TX8: 5.11813 | TY8: 5.12662 | TZ8: 5.13513 | UA8: 5.14366 | UB8: 5.15221 | UC8: 5.16077 | UD8: 5.16935 | UE8: 5.17795 | UF8: 5.18657 | UG8: 5.1952 | UH8: 5.20385 | UI8: 5.21252 | UJ8: 5.22121 | UK8: 5.22991 | UL8: 5.23864 | UM8: 5.24738 | UN8: 5.25614 | UO8: 5.26492 | UP8: 5.27372 | UQ8: 5.28253 | UR8: 5.29137 | US8: 5.30022 | UT8: 5.3091 | UU8: 5.31799 | UV8: 5.32691 | UW8: 5.33584 | UX8: 5.34479 | UY8: 5.35376 | UZ8: 5.36276 | VA8: 5.37177 | VB8: 5.3808 | VC8: 5.38986 | VD8: 5.39893 | VE8: 5.40802 | VF8: 5.41714 | VG8: 5.42628 | VH8: 5.43543 | VI8: 5.44461 | VJ8: 5.45381 | VK8: 5.46303 | VL8: 5.47228 | VM8: 5.48154 | VN8: 5.49083 | VO8: 5.50014 | VP8: 5.50947 | VQ8: 5.51882 | VR8: 5.5282 | VS8: 5.5376 | VT8: 5.54702 | VU8: 5.55646 | VV8: 5.56593 | VW8: 5.57542 | VX8: 5.58493 | VY8: 5.59447 | VZ8: 5.60403 | WA8: 5.61362 | WB8: 5.62322 | WC8: 5.63286 | WD8: 5.64252 | WE8: 5.6522 | WF8: 5.6619 | WG8: 5.67164 | WH8: 5.68139 | WI8: 5.69117 | WJ8: 5.70098 | WK8: 5.71081 | WL8: 5.72067 | WM8: 5.73056 | WN8: 5.74047 | WO8: 5.7504 | WP8: 5.76036 | WQ8: 5.77035 | WR8: 5.78037 | WS8: 5.79041 | WT8: 5.80048 | WU8: 5.81058 | WV8: 5.8207 | WW8: 5.83086 | WX8: 5.84104 | WY8: 5.85124 | WZ8: 5.86148 | XA8: 5.87174 | XB8: 5.88204 | XC8: 5.89236 | XD8: 5.90271 | XE8: 5.91309 | XF8: 5.9235 | XG8: 5.93394 | XH8: 5.94441 | XI8: 5.95491 | XJ8: 5.96544 | XK8: 5.976 | XL8: 5.98659 | XM8: 5.99721 | XN8: 6.00786 | XO8: 6.01855 | XP8: 6.02926 | XQ8: 6.04001 | XR8: 6.05079 | XS8: 6.0616 | XT8: 6.07244 | XU8: 6.08332 | XV8: 6.09423 | XW8: 6.10517 | XX8: 6.11615 | XY8: 6.12716 | XZ8: 6.1382 | YA8: 6.14928 | YB8: 6.16039 | YC8: 6.17154 | YD8: 6.18272 | YE8: 6.19394 | YF8: 6.20519 | YG8: 6.21648 | YH8: 6.2278 | YI8: 6.23916 | YJ8: 6.25056 | YK8: 6.26199 | YL8: 6.27346 | YM8: 6.28496 | YN8: 6.29651 | YO8: 6.30809 | YP8: 6.31971 | YQ8: 6.33137 | YR8: 6.34307 | YS8: 6.3548 | YT8: 6.36658 | YU8: 6.37839 | YV8: 6.39025 | YW8: 6.40214 | YX8: 6.41408 | YY8: 6.42605 | YZ8: 6.43807 | ZA8: 6.45013 | ZB8: 6.46223 | ZC8: 6.47437 | ZD8: 6.48656 | ZE8: 6.49878 | ZF8: 6.51105 | ZG8: 6.52337 | ZH8: 6.53572 | ZI8: 6.54813 | ZJ8: 6.56057 | ZK8: 6.57306 | ZL8: 6.5856 | ZM8: 6.59818 | ZN8: 6.6108 | ZO8: 6.62348 | ZP8: 6.63619 | ZQ8: 6.64896 | ZR8: 6.66177 | ZS8: 6.67463 | ZT8: 6.68754 | ZU8: 6.7005 | ZV8: 6.71351 | ZW8: 6.72656 | ZX8: 6.73967 | ZY8: 6.75282 | ZZ8: 6.76603 | AAA8: 6.77928 | AAB8: 6.79259 | AAC8: 6.80595 | AAD8: 6.81936 | AAE8: 6.83282 | AAF8: 6.84634 | AAG8: 6.85991 | AAH8: 6.87353 | AAI8: 6.88721 | AAJ8: 6.90094 | AAK8: 6.91473 | AAL8: 6.92857 | AAM8: 6.94247 | AAN8: 6.95643 | AAO8: 6.97044 | AAP8: 6.98451 | AAQ8: 6.99864 | AAR8: 7.01283 | AAS8: 7.02708 | AAT8: 7.04138 | AAU8: 7.05575 | AAV8: 7.07018 | AAW8: 7.08467 | AAX8: 7.09922 | AAY8: 7.11383 | AAZ8: 7.1285 | ABA8: 7.14324 | ABB8: 7.15805 | ABC8: 7.17291 | ABD8: 7.18785 | ABE8: 7.20285 | ABF8: 7.21791 | ABG8: 7.23304 | ABH8: 7.24824 | ABI8: 7.26351 | ABJ8: 7.27884 | ABK8: 7.29425 | ABL8: 7.30973 | ABM8: 7.32527 | ABN8: 7.34089 | ABO8: 7.35658 | ABP8: 7.37234 | ABQ8: 7.38818 | ABR8: 7.40409 | ABS8: 7.42007 | ABT8: 7.43613 | ABU8: 7.45227 | ABV8: 7.46848 | ABW8: 7.48478 | ABX8: 7.50115 | ABY8: 7.51759 | ABZ8: 7.53412 | ACA8: 7.55073 | ACB8: 7.56742 | ACC8: 7.5842 | ACD8: 7.60106 | ACE8: 7.618 | ACF8: 7.63502 | ACG8: 7.65213 | ACH8: 7.66933 | ACI8: 7.68662 | ACJ8: 7.70399 | ACK8: 7.72145 | ACL8: 7.73901 | ACM8: 7.75665 | ACN8: 7.77439 | ACO8: 7.79222 | ACP8: 7.81014 | ACQ8: 7.82816 | ACR8: 7.84627 | ACS8: 7.86448 | ACT8: 7.88279 | ACU8: 7.9012 | ACV8: 7.9197 | ACW8: 7.93831 | ACX8: 7.95702 | ACY8: 7.97584 | ACZ8: 7.99475 | ADA8: 8.01378 | ADB8: 8.03291 | ADC8: 8.05215 | ADD8: 8.07149 | ADE8: 8.09095 | ADF8: 8.11052 | ADG8: 8.1302 | ADH8: 8.14999 | ADI8: 8.1699 | ADJ8: 8.18993 | ADK8: 8.21007 | ADL8: 8.23034 | ADM8: 8.25072 | ADN8: 8.27123 | ADO8: 8.29186 | ADP8: 8.31261 | ADQ8: 8.33349 | ADR8: 8.3545 | ADS8: 8.37563 | ADT8: 8.3969 | ADU8: 8.4183 | ADV8: 8.43984 | ADW8: 8.4615 | ADX8: 8.48331 | ADY8: 8.50526 | ADZ8: 8.52734 | AEA8: 8.54957 | AEB8: 8.57194 | AEC8: 8.59446 | AED8: 8.61712 | AEE8: 8.63994 | AEF8: 8.6629 | AEG8: 8.68602 | AEH8: 8.70929 | AEI8: 8.73272 | AEJ8: 8.75631 | AEK8: 8.78006 | AEL8: 8.80398 | AEM8: 8.82805 | AEN8: 8.8523 | AEO8: 8.87672 | AEP8: 8.9013 | AEQ8: 8.92607 | AER8: 8.951 | AES8: 8.97612 | AET8: 9.00142 | AEU8: 9.0269 | AEV8: 9.05257 | AEW8: 9.07843 | AEX8: 9.10448 | AEY8: 9.13072 | AEZ8: 9.15716 | AFA8: 9.1838 | AFB8: 9.21065 | AFC8: 9.23769 | AFD8: 9.26495 | AFE8: 9.29242 | AFF8: 9.3201 | AFG8: 9.348 | AFH8: 9.37612 | AFI8: 9.40446 | AFJ8: 9.43303 | AFK8: 9.46184 | AFL8: 9.49087 | AFM8: 9.52015 | AFN8: 9.54966 | AFO8: 9.57942 | AFP8: 9.60943 | AFQ8: 9.63969 | AFR8: 9.67021 | AFS8: 9.70099 | AFT8: 9.73203 | AFU8: 9.76334 | AFV8: 9.79493 | AFW8: 9.82679 | AFX8: 9.85894 | AFY8: 9.89137 | AFZ8: 9.92409 | AGA8: 9.95711 | AGB8: 9.99043 | AGC8: 10.02406 | AGD8: 10.058 | AGE8: 10.09225 | AGF8: 10.12683 | AGG8: 10.16174 | AGH8: 10.19698 | AGI8: 10.23256 | AGJ8: 10.26848 | AGK8: 10.30476 | AGL8: 10.34139 | AGM8: 10.37839 | AGN8: 10.41576 | AGO8: 10.4535 | AGP8: 10.49164 | AGQ8: 10.53016 | AGR8: 10.56908 | AGS8: 10.60841 | AGT8: 10.64816 | AGU8: 10.68832 | AGV8: 10.72892 | AGW8: 10.76996 | AGX8: 10.81144 | AGY8: 10.85338 | AGZ8: 10.89579 | AHA8: 10.93868 | AHB8: 10.98204 | AHC8: 11.02591 | AHD8: 11.07028 | AHE8: 11.11516 | AHF8: 11.16057 | AHG8: 11.20652 | AHH8: 11.25302 | AHI8: 11.30008 | AHJ8: 11.34771 | AHK8: 11.39593 | AHL8: 11.44475 | AHM8: 11.49418 | AHN8: 11.54424 | AHO8: 11.59494 | AHP8: 11.64629 | AHQ8: 11.69832 | AHR8: 11.75103 | AHS8: 11.80445 | AHT8: 11.85859 | AHU8: 11.91346 | AHV8: 11.96909 | AHW8: 12.0255 | AHX8: 12.0827 | AHY8: 12.14071 | AHZ8: 12.19956 | AIA8: 12.25927 | AIB8: 12.31985 | AIC8: 12.38134 | AID8: 12.44375 | AIE8: 12.50712 | AIF8: 12.57146 | AIG8: 12.63681 | AIH8: 12.70319 | AII8: 12.77063 | AIJ8: 12.83916 | AIK8: 12.90882 | AIL8: 12.97963 | AIM8: 13.05164 | AIN8: 13.12487 | AIO8: 13.19937 | AIP8: 13.27517 | AIQ8: 13.35232 | AIR8: 13.43085 | AIS8: 13.51081 | AIT8: 13.59226 | AIU8: 13.67522 | AIV8: 13.75977 | AIW8: 13.84595 | AIX8: 13.93382 | AIY8: 14.02343 | AIZ8: 14.11485 | AJA8: 14.20815 | AJB8: 14.30339 | AJC8: 14.40064 | AJD8: 14.49998 | AJE8: 14.60149 | AJF8: 14.70526 | AJG8: 14.81137 | AJH8: 14.91991 | AJI8: 15.031 | AJJ8: 15.14472 | AJK8: 15.2612 | AJL8: 15.38056 | AJM8: 15.50291 | AJN8: 15.6284 | AJO8: 15.75716 | AJP8: 15.88935 | AJQ8: 16.02514 | AJR8: 16.16468 | AJS8: 16.30818 | AJT8: 16.45582 | AJU8: 16.60783 | AJV8: 16.76442 | AJW8: 16.92585 | AJX8: 17.09238 | AJY8: 17.26431 | AJZ8: 17.44193 | AKA8: 17.62559 | AKB8: 17.81565 | AKC8: 18.0125 | AKD8: 18.21659 | AKE8: 18.42838 | AKF8: 18.64839 | AKG8: 18.87719 | AKH8: 19.11541 | AKI8: 19.36373 | AKJ8: 19.62292 | AKK8: 19.89384 | AKL8: 20.17743 | AKM8: 20.47475 | AKN8: 20.78699 | AKO8: 21.11548 | AKP8: 21.46176 | AKQ8: 21.82754 | AKR8: 22.21481 | AKS8: 22.62582 | AKT8: 23.06322 | AKU8: 23.53005 | AKV8: 24.02991 | AKW8: 24.56702 | AKX8: 25.14644 | AKY8: 25.77425 | AKZ8: 26.45784 | ALA8: 27.2063 | ALB8: 28.031 | ALC8: 28.94633 | ALD8: 29.97084 | ALE8: 31.12901 | ALF8: 32.45387 | ALG8: 33.99131 | ALH8: 35.80751 | ALI8: 38.0022 | ALJ8: 40.73463 | ALK8: 44.27962 | ALL8: 49.16657 | ALM8: 56.60572 | ALN8: 70.39332 | ALO8: 131.74754
A9: Ethiopia | B9: ETH | C9: =AVERAGE(SI9,SJ9) | D9: 0.66071 | E9: 0.79419 | F9: 0.88341 | G9: 0.95359 | H9: 1.00323 | I9: 1.041 | J9: 1.07964 | K9: 1.11339 | L9: 1.14535 | M9: 1.1689 | N9: 1.18305 | O9: 1.21237 | P9: 1.23032 | Q9: 1.25208 | R9: 1.27453 | S9: 1.29827 | T9: 1.32467 | U9: 1.34597 | V9: 1.35959 | W9: 1.37737 | X9: 1.39154 | Y9: 1.40736 | Z9: 1.42043 | AA9: 1.43598 | AB9: 1.44782 | AC9: 1.4633 | AD9: 1.47292 | AE9: 1.48243 | AF9: 1.49988 | AG9: 1.51218 | AH9: 1.526 | AI9: 1.53873 | AJ9: 1.55217 | AK9: 1.55892 | AL9: 1.57016 | AM9: 1.57883 | AN9: 1.58463 | AO9: 1.59344 | AP9: 1.60184 | AQ9: 1.60838 | AR9: 1.61292 | AS9: 1.62486 | AT9: 1.63758 | AU9: 1.64985 | AV9: 1.65807 | AW9: 1.66385 | AX9: 1.67452 | AY9: 1.68597 | AZ9: 1.69471 | BA9: 1.70216 | BB9: 1.70995 | BC9: 1.71657 | BD9: 1.72356 | BE9: 1.73183 | BF9: 1.74045 | BG9: 1.74977 | BH9: 1.75684 | BI9: 1.76352 | BJ9: 1.7727 | BK9: 1.78392 | BL9: 1.79108 | BM9: 1.79766 | BN9: 1.80437 | BO9: 1.81 | BP9: 1.81842 | BQ9: 1.82729 | BR9: 1.83467 | BS9: 1.84226 | BT9: 1.84785 | BU9: 1.85349 | BV9: 1.85765 | BW9: 1.86561 | BX9: 1.87361 | BY9: 1.88013 | BZ9: 1.88937 | CA9: 1.89647 | CB9: 1.90203 | CC9: 1.90832 | CD9: 1.91439 | CE9: 1.92008 | CF9: 1.92653 | CG9: 1.92994 | CH9: 1.93354 | CI9: 1.93757 | CJ9: 1.94299 | CK9: 1.94869 | CL9: 1.95832 | CM9: 1.96215 | CN9: 1.96879 | CO9: 1.9769 | CP9: 1.98562 | CQ9: 1.98988 | CR9: 1.9955 | CS9: 2.00327 | CT9: 2.01007 | CU9: 2.01654 | CV9: 2.02221 | CW9: 2.02581 | CX9: 2.03053 | CY9: 2.03724 | CZ9: 2.04408 | DA9: 2.04973 | DB9: 2.05468 | DC9: 2.05939 | DD9: 2.06695 | DE9: 2.07165 | DF9: 2.07497 | DG9: 2.08031 | DH9: 2.08499 | DI9: 2.09235 | DJ9: 2.09819 | DK9: 2.10363 | DL9: 2.10821 | DM9: 2.11319 | DN9: 2.12116 | DO9: 2.12521 | DP9: 2.12923 | DQ9: 2.13422 | DR9: 2.13813 | DS9: 2.14228 | DT9: 2.146 | DU9: 2.15203 | DV9: 2.15572 | DW9: 2.16172 | DX9: 2.16887 | DY9: 2.17611 | DZ9: 2.18103 | EA9: 2.18853 | EB9: 2.19452 | EC9: 2.19905 | ED9: 2.20519 | EE9: 2.21216 | EF9: 2.21643 | EG9: 2.22207 | EH9: 2.22722 | EI9: 2.23225 | EJ9: 2.23654 | EK9: 2.24023 | EL9: 2.24536 | EM9: 2.25005 | EN9: 2.2555 | EO9: 2.26055 | EP9: 2.26621 | EQ9: 2.26916 | ER9: 2.27361 | ES9: 2.27867 | ET9: 2.28319 | EU9: 2.28775 | EV9: 2.29143 | EW9: 2.29612 | EX9: 2.30311 | EY9: 2.30863 | EZ9: 2.31407 | FA9: 2.31751 | FB9: 2.32182 | FC9: 2.32688 | FD9: 2.33275 | FE9: 2.34099 | FF9: 2.34789 | FG9: 2.35119 | FH9: 2.35522 | FI9: 2.3614 | FJ9: 2.36569 | FK9: 2.36937 | FL9: 2.37636 | FM9: 2.38342 | FN9: 2.38806 | FO9: 2.39105 | FP9: 2.39533 | FQ9: 2.40063 | FR9: 2.40618 | FS9: 2.41169 | FT9: 2.41772 | FU9: 2.42298 | FV9: 2.42687 | FW9: 2.43041 | FX9: 2.43335 | FY9: 2.43802 | FZ9: 2.4413 | GA9: 2.44693 | GB9: 2.45438 | GC9: 2.45852 | GD9: 2.46474 | GE9: 2.47076 | GF9: 2.47517 | GG9: 2.48252 | GH9: 2.48797 | GI9: 2.49134 | GJ9: 2.49532 | GK9: 2.49962 | GL9: 2.50342 | GM9: 2.50728 | GN9: 2.51026 | GO9: 2.5145 | GP9: 2.51875 | GQ9: 2.52147 | GR9: 2.52766 | GS9: 2.53221 | GT9: 2.53683 | GU9: 2.54159 | GV9: 2.54546 | GW9: 2.55152 | GX9: 2.55836 | GY9: 2.56477 | GZ9: 2.57074 | HA9: 2.57537 | HB9: 2.57894 | HC9: 2.58184 | HD9: 2.58616 | HE9: 2.5892 | HF9: 2.59397 | HG9: 2.59835 | HH9: 2.60356 | HI9: 2.60779 | HJ9: 2.61153 | HK9: 2.61461 | HL9: 2.61999 | HM9: 2.62495 | HN9: 2.62944 | HO9: 2.63368 | HP9: 2.64077 | HQ9: 2.64609 | HR9: 2.6512 | HS9: 2.65386 | HT9: 2.65893 | HU9: 2.664 | HV9: 2.66665 | HW9: 2.67077 | HX9: 2.67408 | HY9: 2.68133 | HZ9: 2.686 | IA9: 2.69027 | IB9: 2.69437 | IC9: 2.69809 | ID9: 2.7037 | IE9: 2.70762 | IF9: 2.71422 | IG9: 2.72305 | IH9: 2.72805 | II9: 2.73096 | IJ9: 2.73455 | IK9: 2.73934 | IL9: 2.74392 | IM9: 2.75153 | IN9: 2.75589 | IO9: 2.76325 | IP9: 2.76979 | IQ9: 2.7753 | IR9: 2.78025 | IS9: 2.78499 | IT9: 2.79007 | IU9: 2.79508 | IV9: 2.80018 | IW9: 2.8045 | IX9: 2.80956 | IY9: 2.8153 | IZ9: 2.81889 | JA9: 2.82426 | JB9: 2.82994 | JC9: 2.83652 | JD9: 2.8422 | JE9: 2.8486 | JF9: 2.85389 | JG9: 2.85694 | JH9: 2.86129 | JI9: 2.8644 | JJ9: 2.86742 | JK9: 2.87118 | JL9: 2.87736 | JM9: 2.88239 | JN9: 2.8864 | JO9: 2.8918 | JP9: 2.89622 | JQ9: 2.9009 | JR9: 2.90648 | JS9: 2.91318 | JT9: 2.91707 | JU9: 2.91976 | JV9: 2.92558 | JW9: 2.9306 | JX9: 2.93539 | JY9: 2.94022 | JZ9: 2.94456 | KA9: 2.94921 | KB9: 2.95383 | KC9: 2.95788 | KD9: 2.96181 | KE9: 2.96665 | KF9: 2.97113 | KG9: 2.97419 | KH9: 2.98001 | KI9: 2.98405 | KJ9: 2.9881 | KK9: 2.99344 | KL9: 2.99643 | KM9: 3.00131 | KN9: 3.00504 | KO9: 3.00919 | KP9: 3.01285 | KQ9: 3.0163 | KR9: 3.02278 | KS9: 3.02877 | KT9: 3.03471 | KU9: 3.03894 | KV9: 3.04301 | KW9: 3.04767 | KX9: 3.05274 | KY9: 3.05881 | KZ9: 3.06325 | LA9: 3.06677 | LB9: 3.07076 | LC9: 3.07504 | LD9: 3.07894 | LE9: 3.08188 | LF9: 3.08602 | LG9: 3.08896 | LH9: 3.09426 | LI9: 3.09922 | LJ9: 3.10344 | LK9: 3.10647 | LL9: 3.11056 | LM9: 3.11742 | LN9: 3.12292 | LO9: 3.12703 | LP9: 3.13037 | LQ9: 3.13523 | LR9: 3.13967 | LS9: 3.14303 | LT9: 3.14646 | LU9: 3.15076 | LV9: 3.15701 | LW9: 3.1628 | LX9: 3.16782 | LY9: 3.1725 | LZ9: 3.17596 | MA9: 3.17911 | MB9: 3.18317 | MC9: 3.18802 | MD9: 3.19085 | ME9: 3.19454 | MF9: 3.20128 | MG9: 3.20499 | MH9: 3.20977 | MI9: 3.21504 | MJ9: 3.22057 | MK9: 3.22526 | ML9: 3.23179 | MM9: 3.2378 | MN9: 3.24179 | MO9: 3.24535 | MP9: 3.24941 | MQ9: 3.254 | MR9: 3.2568 | MS9: 3.2596 | MT9: 3.26351 | MU9: 3.26693 | MV9: 3.27226 | MW9: 3.27819 | MX9: 3.28346 | MY9: 3.28642 | MZ9: 3.29221 | NA9: 3.29635 | NB9: 3.30087 | NC9: 3.30424 | ND9: 3.30779 | NE9: 3.31344 | NF9: 3.31783 | NG9: 3.32172 | NH9: 3.32542 | NI9: 3.32876 | NJ9: 3.33181 | NK9: 3.33499 | NL9: 3.34074 | NM9: 3.34492 | NN9: 3.34864 | NO9: 3.35167 | NP9: 3.35625 | NQ9: 3.36056 | NR9: 3.36384 | NS9: 3.36763 | NT9: 3.37288 | NU9: 3.37902 | NV9: 3.38505 | NW9: 3.39196 | NX9: 3.39828 | NY9: 3.40366 | NZ9: 3.40717 | OA9: 3.41254 | OB9: 3.41646 | OC9: 3.42115 | OD9: 3.42463 | OE9: 3.42819 | OF9: 3.43139 | OG9: 3.43544 | OH9: 3.44155 | OI9: 3.4464 | OJ9: 3.45009 | OK9: 3.45548 | OL9: 3.45953 | OM9: 3.46284 | ON9: 3.46785 | OO9: 3.47383 | OP9: 3.47815 | OQ9: 3.4827 | OR9: 3.48687 | OS9: 3.4908 | OT9: 3.49308 | OU9: 3.49984 | OV9: 3.5057 | OW9: 3.51248 | OX9: 3.51877 | OY9: 3.52353 | OZ9: 3.52925 | PA9: 3.53264 | PB9: 3.53644 | PC9: 3.5411 | PD9: 3.54713 | PE9: 3.55205 | PF9: 3.55625 | PG9: 3.56077 | PH9: 3.56508 | PI9: 3.56989 | PJ9: 3.57407 | PK9: 3.57875 | PL9: 3.58327 | PM9: 3.58935 | PN9: 3.59493 | PO9: 3.5999 | PP9: 3.60479 | PQ9: 3.60926 | PR9: 3.61408 | PS9: 3.6211 | PT9: 3.62752 | PU9: 3.63297 | PV9: 3.63851 | PW9: 3.64161 | PX9: 3.64487 | PY9: 3.64868 | PZ9: 3.65439 | QA9: 3.66003 | QB9: 3.66695 | QC9: 3.67305 | QD9: 3.676 | QE9: 3.68205 | QF9: 3.68893 | QG9: 3.6935 | QH9: 3.69752 | QI9: 3.70433 | QJ9: 3.70957 | QK9: 3.71418 | QL9: 3.71798 | QM9: 3.72219 | QN9: 3.72853 | QO9: 3.73319 | QP9: 3.73754 | QQ9: 3.74135 | QR9: 3.74543 | QS9: 3.75004 | QT9: 3.75551 | QU9: 3.75904 | QV9: 3.76359 | QW9: 3.76951 | QX9: 3.77324 | QY9: 3.77686 | QZ9: 3.78081 | RA9: 3.78631 | RB9: 3.78919 | RC9: 3.79191 | RD9: 3.7969 | RE9: 3.80144 | RF9: 3.80491 | RG9: 3.80924 | RH9: 3.81363 | RI9: 3.81816 | RJ9: 3.82362 | RK9: 3.82984 | RL9: 3.83367 | RM9: 3.83739 | RN9: 3.84233 | RO9: 3.84774 | RP9: 3.85299 | RQ9: 3.8586 | RR9: 3.86307 | RS9: 3.86901 | RT9: 3.87373 | RU9: 3.87733 | RV9: 3.88225 | RW9: 3.88782 | RX9: 3.89243 | RY9: 3.89661 | RZ9: 3.90246 | SA9: 3.90828 | SB9: 3.91556 | SC9: 3.92133 | SD9: 3.9267 | SE9: 3.93299 | SF9: 3.93879 | SG9: 3.94647 | SH9: 3.95243 | SI9: 3.95723 | SJ9: 3.96259 | SK9: 3.96941 | SL9: 3.97509 | SM9: 3.9798 | SN9: 3.98706 | SO9: 3.99391 | SP9: 3.99898 | SQ9: 4.00196 | SR9: 4.00594 | SS9: 4.01004 | ST9: 4.01423 | SU9: 4.01874 | SV9: 4.02267 | SW9: 4.02788 | SX9: 4.03425 | SY9: 4.04047 | SZ9: 4.04566 | TA9: 4.05144 | TB9: 4.05636 | TC9: 4.0606 | TD9: 4.06477 | TE9: 4.06938 | TF9: 4.07521 | TG9: 4.07946 | TH9: 4.08621 | TI9: 4.09461 | TJ9: 4.10121 | TK9: 4.10522 | TL9: 4.11063 | TM9: 4.11633 | TN9: 4.1217 | TO9: 4.1269 | TP9: 4.13055 | TQ9: 4.13543 | TR9: 4.14314 | TS9: 4.14864 | TT9: 4.15425 | TU9: 4.15833 | TV9: 4.16436 | TW9: 4.1713 | TX9: 4.17608 | TY9: 4.18207 | TZ9: 4.18886 | UA9: 4.19434 | UB9: 4.20017 | UC9: 4.20524 | UD9: 4.21003 | UE9: 4.21538 | UF9: 4.22013 | UG9: 4.22548 | UH9: 4.23138 | UI9: 4.23723 | UJ9: 4.24093 | UK9: 4.24762 | UL9: 4.25425 | UM9: 4.25881 | UN9: 4.26297 | UO9: 4.268 | UP9: 4.2709 | UQ9: 4.27729 | UR9: 4.28217 | US9: 4.28792 | UT9: 4.29419 | UU9: 4.29963 | UV9: 4.30631 | UW9: 4.31192 | UX9: 4.31659 | UY9: 4.32113 | UZ9: 4.32707 | VA9: 4.33426 | VB9: 4.34311 | VC9: 4.34813 | VD9: 4.35339 | VE9: 4.35872 | VF9: 4.36318 | VG9: 4.36968 | VH9: 4.37731 | VI9: 4.38729 | VJ9: 4.39335 | VK9: 4.39921 | VL9: 4.40716 | VM9: 4.41253 | VN9: 4.4185 | VO9: 4.42261 | VP9: 4.42844 | VQ9: 4.43424 | VR9: 4.44099 | VS9: 4.44822 | VT9: 4.45421 | VU9: 4.45885 | VV9: 4.46503 | VW9: 4.46922 | VX9: 4.47333 | VY9: 4.47965 | VZ9: 4.48653 | WA9: 4.49234 | WB9: 4.49883 | WC9: 4.50484 | WD9: 4.50951 | WE9: 4.51578 | WF9: 4.52364 | WG9: 4.53117 | WH9: 4.53617 | WI9: 4.54457 | WJ9: 4.5529 | WK9: 4.55726 | WL9: 4.56452 | WM9: 4.56986 | WN9: 4.57515 | WO9: 4.58205 | WP9: 4.58883 | WQ9: 4.59604 | WR9: 4.60177 | WS9: 4.60757 | WT9: 4.61445 | WU9: 4.61982 | WV9: 4.62685 | WW9: 4.63468 | WX9: 4.64255 | WY9: 4.64849 | WZ9: 4.65342 | XA9: 4.66149 | XB9: 4.66903 | XC9: 4.67416 | XD9: 4.68066 | XE9: 4.69062 | XF9: 4.69773 | XG9: 4.70334 | XH9: 4.71014 | XI9: 4.71392 | XJ9: 4.72084 | XK9: 4.72848 | XL9: 4.73501 | XM9: 4.73941 | XN9: 4.7457 | XO9: 4.75244 | XP9: 4.75818 | XQ9: 4.76725 | XR9: 4.77589 | XS9: 4.78313 | XT9: 4.78919 | XU9: 4.79492 | XV9: 4.80404 | XW9: 4.81233 | XX9: 4.8213 | XY9: 4.83079 | XZ9: 4.83764 | YA9: 4.8446 | YB9: 4.84995 | YC9: 4.86145 | YD9: 4.87239 | YE9: 4.88027 | YF9: 4.88671 | YG9: 4.89344 | YH9: 4.90021 | YI9: 4.90839 | YJ9: 4.91462 | YK9: 4.92184 | YL9: 4.92797 | YM9: 4.93708 | YN9: 4.9457 | YO9: 4.95262 | YP9: 4.96038 | YQ9: 4.96948 | YR9: 4.9782 | YS9: 4.98574 | YT9: 4.9951 | YU9: 5.00378 | YV9: 5.00973 | YW9: 5.01435 | YX9: 5.0219 | YY9: 5.03034 | YZ9: 5.03567 | ZA9: 5.04014 | ZB9: 5.04797 | ZC9: 5.05762 | ZD9: 5.06743 | ZE9: 5.07503 | ZF9: 5.08468 | ZG9: 5.09423 | ZH9: 5.10314 | ZI9: 5.11008 | ZJ9: 5.11708 | ZK9: 5.12559 | ZL9: 5.1355 | ZM9: 5.14311 | ZN9: 5.15086 | ZO9: 5.15951 | ZP9: 5.16564 | ZQ9: 5.17469 | ZR9: 5.18549 | ZS9: 5.19217 | ZT9: 5.19913 | ZU9: 5.20588 | ZV9: 5.21305 | ZW9: 5.21917 | ZX9: 5.22855 | ZY9: 5.23338 | ZZ9: 5.24071 | AAA9: 5.24623 | AAB9: 5.25589 | AAC9: 5.26654 | AAD9: 5.2726 | AAE9: 5.28104 | AAF9: 5.28952 | AAG9: 5.29992 | AAH9: 5.30947 | AAI9: 5.3186 | AAJ9: 5.32691 | AAK9: 5.33438 | AAL9: 5.34109 | AAM9: 5.34958 | AAN9: 5.35768 | AAO9: 5.36601 | AAP9: 5.37117 | AAQ9: 5.37984 | AAR9: 5.39003 | AAS9: 5.4007 | AAT9: 5.40865 | AAU9: 5.41926 | AAV9: 5.42562 | AAW9: 5.4341 | AAX9: 5.44074 | AAY9: 5.44906 | AAZ9: 5.45518 | ABA9: 5.46263 | ABB9: 5.47391 | ABC9: 5.48507 | ABD9: 5.49245 | ABE9: 5.49972 | ABF9: 5.50679 | ABG9: 5.51596 | ABH9: 5.52541 | ABI9: 5.53443 | ABJ9: 5.54355 | ABK9: 5.55283 | ABL9: 5.56349 | ABM9: 5.57174 | ABN9: 5.58277 | ABO9: 5.59102 | ABP9: 5.60163 | ABQ9: 5.61169 | ABR9: 5.62103 | ABS9: 5.63125 | ABT9: 5.64044 | ABU9: 5.64984 | ABV9: 5.66037 | ABW9: 5.67086 | ABX9: 5.68161 | ABY9: 5.69246 | ABZ9: 5.70285 | ACA9: 5.71138 | ACB9: 5.72066 | ACC9: 5.73038 | ACD9: 5.73933 | ACE9: 5.74824 | ACF9: 5.75631 | ACG9: 5.76555 | ACH9: 5.77979 | ACI9: 5.79042 | ACJ9: 5.80339 | ACK9: 5.81295 | ACL9: 5.82218 | ACM9: 5.82803 | ACN9: 5.84143 | ACO9: 5.85595 | ACP9: 5.86929 | ACQ9: 5.88223 | ACR9: 5.89292 | ACS9: 5.9051 | ACT9: 5.91438 | ACU9: 5.92636 | ACV9: 5.93588 | ACW9: 5.94647 | ACX9: 5.95643 | ACY9: 5.96887 | ACZ9: 5.9754 | ADA9: 5.98438 | ADB9: 5.99448 | ADC9: 6.0028 | ADD9: 6.01314 | ADE9: 6.02942 | ADF9: 6.04466 | ADG9: 6.05971 | ADH9: 6.07312 | ADI9: 6.08762 | ADJ9: 6.0997 | ADK9: 6.11257 | ADL9: 6.12568 | ADM9: 6.13662 | ADN9: 6.14645 | ADO9: 6.15564 | ADP9: 6.16411 | ADQ9: 6.17754 | ADR9: 6.19326 | ADS9: 6.203 | ADT9: 6.21369 | ADU9: 6.22652 | ADV9: 6.23996 | ADW9: 6.25547 | ADX9: 6.26692 | ADY9: 6.28216 | ADZ9: 6.29505 | AEA9: 6.3123 | AEB9: 6.32616 | AEC9: 6.34223 | AED9: 6.35205 | AEE9: 6.36373 | AEF9: 6.37555 | AEG9: 6.38473 | AEH9: 6.39734 | AEI9: 6.41022 | AEJ9: 6.42054 | AEK9: 6.43159 | AEL9: 6.44491 | AEM9: 6.45985 | AEN9: 6.47115 | AEO9: 6.47861 | AEP9: 6.49004 | AEQ9: 6.50272 | AER9: 6.51847 | AES9: 6.536 | AET9: 6.54826 | AEU9: 6.56693 | AEV9: 6.58137 | AEW9: 6.59489 | AEX9: 6.60933 | AEY9: 6.62229 | AEZ9: 6.63696 | AFA9: 6.65273 | AFB9: 6.66886 | AFC9: 6.68709 | AFD9: 6.70181 | AFE9: 6.71497 | AFF9: 6.73534 | AFG9: 6.74929 | AFH9: 6.76547 | AFI9: 6.7845 | AFJ9: 6.80375 | AFK9: 6.82334 | AFL9: 6.84617 | AFM9: 6.86241 | AFN9: 6.88057 | AFO9: 6.89807 | AFP9: 6.90872 | AFQ9: 6.92314 | AFR9: 6.93483 | AFS9: 6.94993 | AFT9: 6.96878 | AFU9: 6.98467 | AFV9: 7.00467 | AFW9: 7.02085 | AFX9: 7.03858 | AFY9: 7.06038 | AFZ9: 7.07522 | AGA9: 7.09274 | AGB9: 7.1107 | AGC9: 7.13026 | AGD9: 7.14654 | AGE9: 7.16522 | AGF9: 7.18882 | AGG9: 7.20892 | AGH9: 7.23066 | AGI9: 7.25253 | AGJ9: 7.27244 | AGK9: 7.30395 | AGL9: 7.32448 | AGM9: 7.34413 | AGN9: 7.36307 | AGO9: 7.38083 | AGP9: 7.39271 | AGQ9: 7.40995 | AGR9: 7.44025 | AGS9: 7.46639 | AGT9: 7.49161 | AGU9: 7.51639 | AGV9: 7.54039 | AGW9: 7.56603 | AGX9: 7.5858 | AGY9: 7.60876 | AGZ9: 7.63349 | AHA9: 7.65563 | AHB9: 7.67236 | AHC9: 7.69085 | AHD9: 7.71096 | AHE9: 7.73697 | AHF9: 7.7595 | AHG9: 7.78834 | AHH9: 7.81411 | AHI9: 7.84375 | AHJ9: 7.87382 | AHK9: 7.90054 | AHL9: 7.92397 | AHM9: 7.95469 | AHN9: 7.98068 | AHO9: 8.01066 | AHP9: 8.02912 | AHQ9: 8.05875 | AHR9: 8.09506 | AHS9: 8.12658 | AHT9: 8.15575 | AHU9: 8.19318 | AHV9: 8.22393 | AHW9: 8.2466 | AHX9: 8.27911 | AHY9: 8.30417 | AHZ9: 8.33321 | AIA9: 8.36462 | AIB9: 8.38848 | AIC9: 8.42183 | AID9: 8.46065 | AIE9: 8.49368 | AIF9: 8.52789 | AIG9: 8.564 | AIH9: 8.59377 | AII9: 8.62592 | AIJ9: 8.66113 | AIK9: 8.69694 | AIL9: 8.73328 | AIM9: 8.7645 | AIN9: 8.80676 | AIO9: 8.84929 | AIP9: 8.89126 | AIQ9: 8.92935 | AIR9: 8.97151 | AIS9: 9.01157 | AIT9: 9.05576 | AIU9: 9.10956 | AIV9: 9.15816 | AIW9: 9.19624 | AIX9: 9.25103 | AIY9: 9.29707 | AIZ9: 9.3326 | AJA9: 9.37271 | AJB9: 9.41103 | AJC9: 9.4774 | AJD9: 9.52911 | AJE9: 9.58572 | AJF9: 9.63752 | AJG9: 9.67813 | AJH9: 9.72495 | AJI9: 9.79859 | AJJ9: 9.85565 | AJK9: 9.89845 | AJL9: 9.95286 | AJM9: 10.00576 | AJN9: 10.06404 | AJO9: 10.13271 | AJP9: 10.19725 | AJQ9: 10.2571 | AJR9: 10.31699 | AJS9: 10.39287 | AJT9: 10.46641 | AJU9: 10.53491 | AJV9: 10.61325 | AJW9: 10.68806 | AJX9: 10.76087 | AJY9: 10.85186 | AJZ9: 10.91444 | AKA9: 10.9959 | AKB9: 11.10112 | AKC9: 11.189 | AKD9: 11.27757 | AKE9: 11.35759 | AKF9: 11.45044 | AKG9: 11.54435 | AKH9: 11.64652 | AKI9: 11.7709 | AKJ9: 11.86667 | AKK9: 11.96753 | AKL9: 12.1082 | AKM9: 12.24769 | AKN9: 12.36872 | AKO9: 12.52975 | AKP9: 12.71849 | AKQ9: 12.83026 | AKR9: 12.95072 | AKS9: 13.13576 | AKT9: 13.32298 | AKU9: 13.49691 | AKV9: 13.65319 | AKW9: 13.85844 | AKX9: 14.06259 | AKY9: 14.32909 | AKZ9: 14.63113 | ALA9: 14.89167 | ALB9: 15.16792 | ALC9: 15.47441 | ALD9: 15.80599 | ALE9: 16.23252 | ALF9: 16.67859 | ALG9: 17.2334 | ALH9: 17.8678 | ALI9: 18.51068 | ALJ9: 19.19534 | ALK9: 20.33854 | ALL9: 21.84485 | ALM9: 23.89581 | ALN9: 27.02802 | ALO9: 37.27911
A10: Kenya | B10: KEN | C10: =AVERAGE(SI10,SJ10) | D10: 0.29895 | E10: 0.44271 | F10: 0.55534 | G10: 0.62209 | H10: 0.69127 | I10: 0.73864 | J10: 0.78056 | K10: 0.84038 | L10: 0.87094 | M10: 0.89966 | N10: 0.92887 | O10: 0.94833 | P10: 0.96848 | Q10: 0.97992 | R10: 0.99256 | S10: 1.01902 | T10: 1.03819 | U10: 1.05273 | V10: 1.07081 | W10: 1.08541 | X10: 1.10158 | Y10: 1.11265 | Z10: 1.12727 | AA10: 1.14239 | AB10: 1.15361 | AC10: 1.16184 | AD10: 1.17244 | AE10: 1.18217 | AF10: 1.19074 | AG10: 1.20907 | AH10: 1.22226 | AI10: 1.23613 | AJ10: 1.24521 | AK10: 1.25483 | AL10: 1.26269 | AM10: 1.27133 | AN10: 1.28398 | AO10: 1.29584 | AP10: 1.30445 | AQ10: 1.31144 | AR10: 1.32111 | AS10: 1.32767 | AT10: 1.33419 | AU10: 1.34606 | AV10: 1.35774 | AW10: 1.36599 | AX10: 1.38038 | AY10: 1.39492 | AZ10: 1.40292 | BA10: 1.41349 | BB10: 1.42472 | BC10: 1.43463 | BD10: 1.44377 | BE10: 1.4506 | BF10: 1.45546 | BG10: 1.46038 | BH10: 1.46969 | BI10: 1.47656 | BJ10: 1.48472 | BK10: 1.49323 | BL10: 1.49914 | BM10: 1.50333 | BN10: 1.50975 | BO10: 1.51825 | BP10: 1.52362 | BQ10: 1.52975 | BR10: 1.53832 | BS10: 1.54716 | BT10: 1.55178 | BU10: 1.55654 | BV10: 1.56211 | BW10: 1.56808 | BX10: 1.5762 | BY10: 1.58198 | BZ10: 1.58844 | CA10: 1.59499 | CB10: 1.59959 | CC10: 1.60425 | CD10: 1.61233 | CE10: 1.6181 | CF10: 1.62253 | CG10: 1.62959 | CH10: 1.63938 | CI10: 1.6458 | CJ10: 1.65164 | CK10: 1.65656 | CL10: 1.66325 | CM10: 1.66852 | CN10: 1.67602 | CO10: 1.68248 | CP10: 1.68791 | CQ10: 1.69446 | CR10: 1.69942 | CS10: 1.70402 | CT10: 1.71139 | CU10: 1.71639 | CV10: 1.71912 | CW10: 1.72204 | CX10: 1.7257 | CY10: 1.72925 | CZ10: 1.73507 | DA10: 1.74098 | DB10: 1.74446 | DC10: 1.74914 | DD10: 1.75379 | DE10: 1.75794 | DF10: 1.76449 | DG10: 1.76996 | DH10: 1.77643 | DI10: 1.78167 | DJ10: 1.78641 | DK10: 1.79211 | DL10: 1.79805 | DM10: 1.80327 | DN10: 1.80836 | DO10: 1.81323 | DP10: 1.81791 | DQ10: 1.82228 | DR10: 1.82686 | DS10: 1.83036 | DT10: 1.83299 | DU10: 1.83558 | DV10: 1.83899 | DW10: 1.84321 | DX10: 1.84677 | DY10: 1.85263 | DZ10: 1.85931 | EA10: 1.8653 | EB10: 1.86922 | EC10: 1.87424 | ED10: 1.87945 | EE10: 1.88282 | EF10: 1.88607 | EG10: 1.8896 | EH10: 1.89416 | EI10: 1.89851 | EJ10: 1.90516 | EK10: 1.9124 | EL10: 1.91727 | EM10: 1.92062 | EN10: 1.92354 | EO10: 1.92735 | EP10: 1.93071 | EQ10: 1.93369 | ER10: 1.93854 | ES10: 1.94189 | ET10: 1.94491 | EU10: 1.95027 | EV10: 1.95432 | EW10: 1.95853 | EX10: 1.96204 | EY10: 1.96508 | EZ10: 1.96919 | FA10: 1.97295 | FB10: 1.97853 | FC10: 1.98398 | FD10: 1.98799 | FE10: 1.99208 | FF10: 1.99801 | FG10: 2.00088 | FH10: 2.00486 | FI10: 2.01064 | FJ10: 2.01509 | FK10: 2.01938 | FL10: 2.02373 | FM10: 2.02879 | FN10: 2.03228 | FO10: 2.03618 | FP10: 2.03987 | FQ10: 2.0442 | FR10: 2.04944 | FS10: 2.05399 | FT10: 2.05648 | FU10: 2.05907 | FV10: 2.06316 | FW10: 2.06679 | FX10: 2.07095 | FY10: 2.07494 | FZ10: 2.07859 | GA10: 2.08303 | GB10: 2.08621 | GC10: 2.089 | GD10: 2.09344 | GE10: 2.09675 | GF10: 2.09828 | GG10: 2.10105 | GH10: 2.10849 | GI10: 2.11499 | GJ10: 2.12026 | GK10: 2.12505 | GL10: 2.12849 | GM10: 2.13154 | GN10: 2.1334 | GO10: 2.1355 | GP10: 2.13907 | GQ10: 2.14276 | GR10: 2.1475 | GS10: 2.15074 | GT10: 2.15505 | GU10: 2.15852 | GV10: 2.1601 | GW10: 2.16292 | GX10: 2.16629 | GY10: 2.16968 | GZ10: 2.17148 | HA10: 2.17661 | HB10: 2.18184 | HC10: 2.18526 | HD10: 2.19024 | HE10: 2.19386 | HF10: 2.19717 | HG10: 2.20102 | HH10: 2.2067 | HI10: 2.21103 | HJ10: 2.21606 | HK10: 2.22072 | HL10: 2.22658 | HM10: 2.23126 | HN10: 2.23537 | HO10: 2.23875 | HP10: 2.24322 | HQ10: 2.24578 | HR10: 2.24886 | HS10: 2.25321 | HT10: 2.25669 | HU10: 2.26153 | HV10: 2.26557 | HW10: 2.26897 | HX10: 2.27338 | HY10: 2.27794 | HZ10: 2.28183 | IA10: 2.28537 | IB10: 2.28946 | IC10: 2.29465 | ID10: 2.2976 | IE10: 2.30248 | IF10: 2.30672 | IG10: 2.31015 | IH10: 2.31401 | II10: 2.3169 | IJ10: 2.31891 | IK10: 2.3222 | IL10: 2.32692 | IM10: 2.33033 | IN10: 2.33486 | IO10: 2.33936 | IP10: 2.34196 | IQ10: 2.34372 | IR10: 2.34657 | IS10: 2.35012 | IT10: 2.354 | IU10: 2.35641 | IV10: 2.35911 | IW10: 2.36417 | IX10: 2.37008 | IY10: 2.37415 | IZ10: 2.37778 | JA10: 2.38053 | JB10: 2.38241 | JC10: 2.38484 | JD10: 2.3891 | JE10: 2.39365 | JF10: 2.3986 | JG10: 2.40209 | JH10: 2.40576 | JI10: 2.4103 | JJ10: 2.41443 | JK10: 2.41807 | JL10: 2.42056 | JM10: 2.42355 | JN10: 2.42718 | JO10: 2.43046 | JP10: 2.43479 | JQ10: 2.43858 | JR10: 2.443 | JS10: 2.44648 | JT10: 2.44908 | JU10: 2.45213 | JV10: 2.45563 | JW10: 2.45979 | JX10: 2.46347 | JY10: 2.46612 | JZ10: 2.46849 | KA10: 2.47202 | KB10: 2.47564 | KC10: 2.4796 | KD10: 2.48319 | KE10: 2.48544 | KF10: 2.48904 | KG10: 2.49276 | KH10: 2.49691 | KI10: 2.50114 | KJ10: 2.50562 | KK10: 2.50926 | KL10: 2.51267 | KM10: 2.5169 | KN10: 2.52213 | KO10: 2.52504 | KP10: 2.52881 | KQ10: 2.53368 | KR10: 2.53721 | KS10: 2.54204 | KT10: 2.54639 | KU10: 2.55155 | KV10: 2.55597 | KW10: 2.55898 | KX10: 2.56201 | KY10: 2.5652 | KZ10: 2.56752 | LA10: 2.57038 | LB10: 2.57437 | LC10: 2.57631 | LD10: 2.5788 | LE10: 2.58246 | LF10: 2.58655 | LG10: 2.59012 | LH10: 2.59337 | LI10: 2.59785 | LJ10: 2.6017 | LK10: 2.60762 | LL10: 2.61241 | LM10: 2.61565 | LN10: 2.61922 | LO10: 2.62462 | LP10: 2.62887 | LQ10: 2.63195 | LR10: 2.63441 | LS10: 2.63822 | LT10: 2.6409 | LU10: 2.64392 | LV10: 2.64652 | LW10: 2.65023 | LX10: 2.65315 | LY10: 2.65651 | LZ10: 2.66144 | MA10: 2.66547 | MB10: 2.66945 | MC10: 2.67353 | MD10: 2.67651 | ME10: 2.68043 | MF10: 2.6836 | MG10: 2.68729 | MH10: 2.69126 | MI10: 2.69451 | MJ10: 2.6981 | MK10: 2.70189 | ML10: 2.7079 | MM10: 2.71191 | MN10: 2.71726 | MO10: 2.72173 | MP10: 2.72462 | MQ10: 2.72939 | MR10: 2.73396 | MS10: 2.7389 | MT10: 2.74323 | MU10: 2.74877 | MV10: 2.75198 | MW10: 2.75474 | MX10: 2.75731 | MY10: 2.7602 | MZ10: 2.76406 | NA10: 2.76666 | NB10: 2.77126 | NC10: 2.77627 | ND10: 2.78057 | NE10: 2.78574 | NF10: 2.79017 | NG10: 2.79348 | NH10: 2.79697 | NI10: 2.80131 | NJ10: 2.80356 | NK10: 2.80831 | NL10: 2.81189 | NM10: 2.81557 | NN10: 2.81846 | NO10: 2.82186 | NP10: 2.82552 | NQ10: 2.83067 | NR10: 2.83525 | NS10: 2.83891 | NT10: 2.84264 | NU10: 2.84941 | NV10: 2.85433 | NW10: 2.85919 | NX10: 2.86166 | NY10: 2.86593 | NZ10: 2.86897 | OA10: 2.87239 | OB10: 2.8757 | OC10: 2.88022 | OD10: 2.88545 | OE10: 2.88901 | OF10: 2.89282 | OG10: 2.89738 | OH10: 2.90117 | OI10: 2.90371 | OJ10: 2.90603 | OK10: 2.91173 | OL10: 2.91605 | OM10: 2.91948 | ON10: 2.92304 | OO10: 2.92861 | OP10: 2.93394 | OQ10: 2.9387 | OR10: 2.94282 | OS10: 2.9464 | OT10: 2.9505 | OU10: 2.95477 | OV10: 2.95905 | OW10: 2.96257 | OX10: 2.96616 | OY10: 2.97238 | OZ10: 2.97716 | PA10: 2.981 | PB10: 2.98379 | PC10: 2.98744 | PD10: 2.99211 | PE10: 2.99743 | PF10: 3.00181 | PG10: 3.00731 | PH10: 3.01227 | PI10: 3.01611 | PJ10: 3.01864 | PK10: 3.02174 | PL10: 3.02627 | PM10: 3.03232 | PN10: 3.03758 | PO10: 3.04262 | PP10: 3.04639 | PQ10: 3.04941 | PR10: 3.05327 | PS10: 3.05567 | PT10: 3.05872 | PU10: 3.06295 | PV10: 3.06751 | PW10: 3.07153 | PX10: 3.07574 | PY10: 3.08029 | PZ10: 3.085 | QA10: 3.08987 | QB10: 3.09195 | QC10: 3.09514 | QD10: 3.09895 | QE10: 3.10226 | QF10: 3.10574 | QG10: 3.11013 | QH10: 3.1146 | QI10: 3.11778 | QJ10: 3.12142 | QK10: 3.12475 | QL10: 3.12672 | QM10: 3.13084 | QN10: 3.13548 | QO10: 3.14067 | QP10: 3.14507 | QQ10: 3.15003 | QR10: 3.15498 | QS10: 3.15911 | QT10: 3.16608 | QU10: 3.17058 | QV10: 3.17451 | QW10: 3.17644 | QX10: 3.18292 | QY10: 3.18834 | QZ10: 3.19258 | RA10: 3.19631 | RB10: 3.20235 | RC10: 3.20792 | RD10: 3.21515 | RE10: 3.21878 | RF10: 3.22124 | RG10: 3.22459 | RH10: 3.22933 | RI10: 3.23312 | RJ10: 3.23861 | RK10: 3.24541 | RL10: 3.25476 | RM10: 3.2593 | RN10: 3.26424 | RO10: 3.26837 | RP10: 3.27278 | RQ10: 3.2768 | RR10: 3.28214 | RS10: 3.28638 | RT10: 3.29213 | RU10: 3.29614 | RV10: 3.30245 | RW10: 3.30826 | RX10: 3.31507 | RY10: 3.32101 | RZ10: 3.32729 | SA10: 3.33255 | SB10: 3.33827 | SC10: 3.34197 | SD10: 3.3474 | SE10: 3.35089 | SF10: 3.35482 | SG10: 3.36054 | SH10: 3.36592 | SI10: 3.37073 | SJ10: 3.37662 | SK10: 3.38228 | SL10: 3.38714 | SM10: 3.39134 | SN10: 3.39555 | SO10: 3.39892 | SP10: 3.40199 | SQ10: 3.40575 | SR10: 3.41015 | SS10: 3.41398 | ST10: 3.41848 | SU10: 3.42688 | SV10: 3.43062 | SW10: 3.43526 | SX10: 3.44156 | SY10: 3.44952 | SZ10: 3.45582 | TA10: 3.46158 | TB10: 3.46541 | TC10: 3.47068 | TD10: 3.476 | TE10: 3.48297 | TF10: 3.48962 | TG10: 3.49528 | TH10: 3.50087 | TI10: 3.50615 | TJ10: 3.51117 | TK10: 3.51782 | TL10: 3.52381 | TM10: 3.52871 | TN10: 3.53264 | TO10: 3.53775 | TP10: 3.54353 | TQ10: 3.54783 | TR10: 3.55358 | TS10: 3.55936 | TT10: 3.56672 | TU10: 3.57323 | TV10: 3.57866 | TW10: 3.58328 | TX10: 3.59023 | TY10: 3.59682 | TZ10: 3.60094 | UA10: 3.60499 | UB10: 3.61016 | UC10: 3.61648 | UD10: 3.62076 | UE10: 3.62414 | UF10: 3.6297 | UG10: 3.63575 | UH10: 3.64231 | UI10: 3.64695 | UJ10: 3.65268 | UK10: 3.65966 | UL10: 3.66412 | UM10: 3.67038 | UN10: 3.6769 | UO10: 3.68313 | UP10: 3.68977 | UQ10: 3.69624 | UR10: 3.70158 | US10: 3.70678 | UT10: 3.71156 | UU10: 3.7168 | UV10: 3.72262 | UW10: 3.72927 | UX10: 3.73405 | UY10: 3.7389 | UZ10: 3.74449 | VA10: 3.75009 | VB10: 3.75768 | VC10: 3.76241 | VD10: 3.76754 | VE10: 3.77464 | VF10: 3.77971 | VG10: 3.7842 | VH10: 3.79121 | VI10: 3.79732 | VJ10: 3.80314 | VK10: 3.80953 | VL10: 3.81536 | VM10: 3.81932 | VN10: 3.8243 | VO10: 3.83069 | VP10: 3.83823 | VQ10: 3.84389 | VR10: 3.85051 | VS10: 3.85643 | VT10: 3.86382 | VU10: 3.87052 | VV10: 3.87516 | VW10: 3.8802 | VX10: 3.88836 | VY10: 3.89913 | VZ10: 3.90643 | WA10: 3.91398 | WB10: 3.92509 | WC10: 3.93365 | WD10: 3.94223 | WE10: 3.94834 | WF10: 3.95569 | WG10: 3.96121 | WH10: 3.96628 | WI10: 3.97505 | WJ10: 3.98169 | WK10: 3.99064 | WL10: 3.99643 | WM10: 4.00066 | WN10: 4.00995 | WO10: 4.01778 | WP10: 4.02839 | WQ10: 4.03298 | WR10: 4.04071 | WS10: 4.05168 | WT10: 4.05803 | WU10: 4.06645 | WV10: 4.07374 | WW10: 4.07991 | WX10: 4.08575 | WY10: 4.09423 | WZ10: 4.09991 | XA10: 4.1051 | XB10: 4.10992 | XC10: 4.11694 | XD10: 4.12345 | XE10: 4.13035 | XF10: 4.14252 | XG10: 4.1479 | XH10: 4.15287 | XI10: 4.15773 | XJ10: 4.16585 | XK10: 4.17782 | XL10: 4.18652 | XM10: 4.19745 | XN10: 4.20708 | XO10: 4.21781 | XP10: 4.22978 | XQ10: 4.23804 | XR10: 4.24416 | XS10: 4.2576 | XT10: 4.27347 | XU10: 4.2826 | XV10: 4.29115 | XW10: 4.30004 | XX10: 4.30879 | XY10: 4.31638 | XZ10: 4.32734 | YA10: 4.34148 | YB10: 4.34981 | YC10: 4.35919 | YD10: 4.36368 | YE10: 4.37245 | YF10: 4.38875 | YG10: 4.39788 | YH10: 4.40225 | YI10: 4.41743 | YJ10: 4.43215 | YK10: 4.44292 | YL10: 4.45103 | YM10: 4.45934 | YN10: 4.46922 | YO10: 4.48179 | YP10: 4.49103 | YQ10: 4.49848 | YR10: 4.50951 | YS10: 4.5135 | YT10: 4.52159 | YU10: 4.53204 | YV10: 4.54435 | YW10: 4.56498 | YX10: 4.57573 | YY10: 4.58376 | YZ10: 4.59181 | ZA10: 4.60182 | ZB10: 4.61498 | ZC10: 4.62998 | ZD10: 4.64748 | ZE10: 4.66032 | ZF10: 4.67152 | ZG10: 4.67876 | ZH10: 4.68852 | ZI10: 4.7005 | ZJ10: 4.70811 | ZK10: 4.72489 | ZL10: 4.73473 | ZM10: 4.7419 | ZN10: 4.75184 | ZO10: 4.76256 | ZP10: 4.77156 | ZQ10: 4.78339 | ZR10: 4.78927 | ZS10: 4.799 | ZT10: 4.80641 | ZU10: 4.81576 | ZV10: 4.82137 | ZW10: 4.8244 | ZX10: 4.83908 | ZY10: 4.85064 | ZZ10: 4.86085 | AAA10: 4.87406 | AAB10: 4.88294 | AAC10: 4.89539 | AAD10: 4.9088 | AAE10: 4.92065 | AAF10: 4.93281 | AAG10: 4.94591 | AAH10: 4.95785 | AAI10: 4.97113 | AAJ10: 4.98359 | AAK10: 4.99432 | AAL10: 5.00404 | AAM10: 5.01944 | AAN10: 5.03367 | AAO10: 5.0443 | AAP10: 5.05318 | AAQ10: 5.06794 | AAR10: 5.08064 | AAS10: 5.08815 | AAT10: 5.09896 | AAU10: 5.11145 | AAV10: 5.13116 | AAW10: 5.14512 | AAX10: 5.16197 | AAY10: 5.17255 | AAZ10: 5.18585 | ABA10: 5.19496 | ABB10: 5.20757 | ABC10: 5.21556 | ABD10: 5.23015 | ABE10: 5.24471 | ABF10: 5.25215 | ABG10: 5.2649 | ABH10: 5.27958 | ABI10: 5.29398 | ABJ10: 5.30078 | ABK10: 5.30927 | ABL10: 5.3176 | ABM10: 5.32602 | ABN10: 5.33838 | ABO10: 5.35383 | ABP10: 5.36392 | ABQ10: 5.38026 | ABR10: 5.38827 | ABS10: 5.39732 | ABT10: 5.40854 | ABU10: 5.41611 | ABV10: 5.4282 | ABW10: 5.4383 | ABX10: 5.4533 | ABY10: 5.46031 | ABZ10: 5.47572 | ACA10: 5.49171 | ACB10: 5.50566 | ACC10: 5.5197 | ACD10: 5.53762 | ACE10: 5.55165 | ACF10: 5.56572 | ACG10: 5.57495 | ACH10: 5.58606 | ACI10: 5.59481 | ACJ10: 5.60288 | ACK10: 5.61673 | ACL10: 5.63236 | ACM10: 5.64438 | ACN10: 5.66099 | ACO10: 5.67499 | ACP10: 5.69308 | ACQ10: 5.70805 | ACR10: 5.71994 | ACS10: 5.73215 | ACT10: 5.74332 | ACU10: 5.76091 | ACV10: 5.77776 | ACW10: 5.78702 | ACX10: 5.7954 | ACY10: 5.80672 | ACZ10: 5.82476 | ADA10: 5.83147 | ADB10: 5.84072 | ADC10: 5.85648 | ADD10: 5.87119 | ADE10: 5.88415 | ADF10: 5.90149 | ADG10: 5.91265 | ADH10: 5.92244 | ADI10: 5.93622 | ADJ10: 5.95264 | ADK10: 5.96045 | ADL10: 5.97308 | ADM10: 5.98991 | ADN10: 6.0026 | ADO10: 6.01277 | ADP10: 6.02937 | ADQ10: 6.04456 | ADR10: 6.05601 | ADS10: 6.06924 | ADT10: 6.08524 | ADU10: 6.10868 | ADV10: 6.1255 | ADW10: 6.13274 | ADX10: 6.14809 | ADY10: 6.16211 | ADZ10: 6.17634 | AEA10: 6.19244 | AEB10: 6.20416 | AEC10: 6.22746 | AED10: 6.25285 | AEE10: 6.27478 | AEF10: 6.28582 | AEG10: 6.29545 | AEH10: 6.31012 | AEI10: 6.32499 | AEJ10: 6.33693 | AEK10: 6.34947 | AEL10: 6.35985 | AEM10: 6.37462 | AEN10: 6.39067 | AEO10: 6.40066 | AEP10: 6.41954 | AEQ10: 6.44003 | AER10: 6.45956 | AES10: 6.4785 | AET10: 6.50448 | AEU10: 6.53223 | AEV10: 6.55672 | AEW10: 6.58158 | AEX10: 6.59326 | AEY10: 6.61137 | AEZ10: 6.62956 | AFA10: 6.66451 | AFB10: 6.68387 | AFC10: 6.70048 | AFD10: 6.72734 | AFE10: 6.74054 | AFF10: 6.75562 | AFG10: 6.77395 | AFH10: 6.78856 | AFI10: 6.81191 | AFJ10: 6.82615 | AFK10: 6.84043 | AFL10: 6.862 | AFM10: 6.88637 | AFN10: 6.90523 | AFO10: 6.91864 | AFP10: 6.93808 | AFQ10: 6.95873 | AFR10: 6.9802 | AFS10: 7.01471 | AFT10: 7.03593 | AFU10: 7.05709 | AFV10: 7.07894 | AFW10: 7.10486 | AFX10: 7.1264 | AFY10: 7.15328 | AFZ10: 7.17797 | AGA10: 7.20632 | AGB10: 7.24041 | AGC10: 7.26367 | AGD10: 7.30257 | AGE10: 7.3175 | AGF10: 7.32832 | AGG10: 7.35813 | AGH10: 7.37806 | AGI10: 7.4148 | AGJ10: 7.44483 | AGK10: 7.47122 | AGL10: 7.49771 | AGM10: 7.52709 | AGN10: 7.54798 | AGO10: 7.5692 | AGP10: 7.59365 | AGQ10: 7.62061 | AGR10: 7.64401 | AGS10: 7.6802 | AGT10: 7.71793 | AGU10: 7.7495 | AGV10: 7.777 | AGW10: 7.82008 | AGX10: 7.86183 | AGY10: 7.88562 | AGZ10: 7.90848 | AHA10: 7.93792 | AHB10: 7.98506 | AHC10: 8.02107 | AHD10: 8.04649 | AHE10: 8.07393 | AHF10: 8.11393 | AHG10: 8.15338 | AHH10: 8.18383 | AHI10: 8.23478 | AHJ10: 8.28108 | AHK10: 8.3141 | AHL10: 8.3401 | AHM10: 8.37531 | AHN10: 8.41969 | AHO10: 8.44389 | AHP10: 8.48778 | AHQ10: 8.53178 | AHR10: 8.60178 | AHS10: 8.66781 | AHT10: 8.71043 | AHU10: 8.75151 | AHV10: 8.78874 | AHW10: 8.8374 | AHX10: 8.89235 | AHY10: 8.95144 | AHZ10: 9.02472 | AIA10: 9.07636 | AIB10: 9.10632 | AIC10: 9.14428 | AID10: 9.19667 | AIE10: 9.25021 | AIF10: 9.29402 | AIG10: 9.31997 | AIH10: 9.37256 | AII10: 9.40009 | AIJ10: 9.43803 | AIK10: 9.4963 | AIL10: 9.55044 | AIM10: 9.58459 | AIN10: 9.6339 | AIO10: 9.69034 | AIP10: 9.76991 | AIQ10: 9.85947 | AIR10: 9.92418 | AIS10: 9.98939 | AIT10: 10.09469 | AIU10: 10.20008 | AIV10: 10.2664 | AIW10: 10.32986 | AIX10: 10.40322 | AIY10: 10.45869 | AIZ10: 10.51173 | AJA10: 10.58893 | AJB10: 10.71373 | AJC10: 10.79668 | AJD10: 10.91266 | AJE10: 11.04014 | AJF10: 11.11175 | AJG10: 11.20946 | AJH10: 11.33835 | AJI10: 11.45542 | AJJ10: 11.55991 | AJK10: 11.65195 | AJL10: 11.73628 | AJM10: 11.83409 | AJN10: 11.93059 | AJO10: 12.08937 | AJP10: 12.18246 | AJQ10: 12.25741 | AJR10: 12.35043 | AJS10: 12.46258 | AJT10: 12.55561 | AJU10: 12.71856 | AJV10: 12.8108 | AJW10: 12.87798 | AJX10: 13.05402 | AJY10: 13.24845 | AJZ10: 13.39746 | AKA10: 13.4671 | AKB10: 13.60282 | AKC10: 13.70838 | AKD10: 13.82727 | AKE10: 13.92762 | AKF10: 14.01591 | AKG10: 14.13267 | AKH10: 14.21486 | AKI10: 14.34579 | AKJ10: 14.52082 | AKK10: 14.70799 | AKL10: 14.85158 | AKM10: 14.94612 | AKN10: 15.06675 | AKO10: 15.14736 | AKP10: 15.41664 | AKQ10: 15.75745 | AKR10: 16.01688 | AKS10: 16.41425 | AKT10: 16.70865 | AKU10: 16.89695 | AKV10: 17.06185 | AKW10: 17.29406 | AKX10: 17.43516 | AKY10: 17.82693 | AKZ10: 18.20266 | ALA10: 18.58286 | ALB10: 19.37183 | ALC10: 20.12049 | ALD10: 21.12067 | ALE10: 21.99665 | ALF10: 22.46954 | ALG10: 23.10329 | ALH10: 23.47498 | ALI10: 24.42989 | ALJ10: 25.07036 | ALK10: 26.32384 | ALL10: 27.2181 | ALM10: 31.00703 | ALN10: 39.96621 | ALO10: 68.54832
A11: Madagascar | B11: MDG | C11: =AVERAGE(SI11,SJ11) | D11: 0.52369 | E11: 0.5339 | F11: 0.5529 | G11: 0.56269 | H11: 0.57795 | I11: 0.59044 | J11: 0.59875 | K11: 0.60623 | L11: 0.61365 | M11: 0.62841 | N11: 0.64413 | O11: 0.65185 | P11: 0.66414 | Q11: 0.67235 | R11: 0.6785 | S11: 0.69076 | T11: 0.69319 | U11: 0.6997 | V11: 0.71052 | W11: 0.71678 | X11: 0.72004 | Y11: 0.72343 | Z11: 0.73212 | AA11: 0.74758 | AB11: 0.75873 | AC11: 0.76844 | AD11: 0.77455 | AE11: 0.78512 | AF11: 0.78872 | AG11: 0.78987 | AH11: 0.79264 | AI11: 0.79739 | AJ11: 0.80485 | AK11: 0.81027 | AL11: 0.81765 | AM11: 0.82631 | AN11: 0.83148 | AO11: 0.83628 | AP11: 0.84445 | AQ11: 0.84855 | AR11: 0.85217 | AS11: 0.85736 | AT11: 0.86086 | AU11: 0.87168 | AV11: 0.88346 | AW11: 0.88963 | AX11: 0.89613 | AY11: 0.90009 | AZ11: 0.90674 | BA11: 0.91137 | BB11: 0.91615 | BC11: 0.92029 | BD11: 0.92275 | BE11: 0.92628 | BF11: 0.93011 | BG11: 0.93344 | BH11: 0.93807 | BI11: 0.94176 | BJ11: 0.94531 | BK11: 0.94923 | BL11: 0.95411 | BM11: 0.95748 | BN11: 0.9617 | BO11: 0.96615 | BP11: 0.97247 | BQ11: 0.97727 | BR11: 0.9815 | BS11: 0.98726 | BT11: 0.99195 | BU11: 0.99394 | BV11: 0.99588 | BW11: 1.00018 | BX11: 1.0045 | BY11: 1.00724 | BZ11: 1.01148 | CA11: 1.01642 | CB11: 1.02376 | CC11: 1.02782 | CD11: 1.03015 | CE11: 1.03452 | CF11: 1.03625 | CG11: 1.0398 | CH11: 1.04286 | CI11: 1.0485 | CJ11: 1.05124 | CK11: 1.05374 | CL11: 1.05829 | CM11: 1.0615 | CN11: 1.06494 | CO11: 1.06737 | CP11: 1.07006 | CQ11: 1.07224 | CR11: 1.0781 | CS11: 1.08257 | CT11: 1.0882 | CU11: 1.09096 | CV11: 1.09436 | CW11: 1.09869 | CX11: 1.10247 | CY11: 1.10615 | CZ11: 1.10979 | DA11: 1.11489 | DB11: 1.11766 | DC11: 1.12106 | DD11: 1.12434 | DE11: 1.12878 | DF11: 1.1352 | DG11: 1.14225 | DH11: 1.14925 | DI11: 1.15356 | DJ11: 1.15578 | DK11: 1.15908 | DL11: 1.1619 | DM11: 1.16532 | DN11: 1.17067 | DO11: 1.17546 | DP11: 1.17825 | DQ11: 1.17996 | DR11: 1.18249 | DS11: 1.18675 | DT11: 1.19081 | DU11: 1.1952 | DV11: 1.19703 | DW11: 1.20124 | DX11: 1.20511 | DY11: 1.2106 | DZ11: 1.21451 | EA11: 1.21793 | EB11: 1.22054 | EC11: 1.22385 | ED11: 1.23022 | EE11: 1.23315 | EF11: 1.23611 | EG11: 1.23928 | EH11: 1.24145 | EI11: 1.24551 | EJ11: 1.25054 | EK11: 1.25372 | EL11: 1.25637 | EM11: 1.25974 | EN11: 1.26281 | EO11: 1.26461 | EP11: 1.26769 | EQ11: 1.27134 | ER11: 1.27515 | ES11: 1.28014 | ET11: 1.28322 | EU11: 1.28697 | EV11: 1.29052 | EW11: 1.29625 | EX11: 1.30372 | EY11: 1.30585 | EZ11: 1.30885 | FA11: 1.3126 | FB11: 1.31613 | FC11: 1.3185 | FD11: 1.32275 | FE11: 1.32804 | FF11: 1.33197 | FG11: 1.33451 | FH11: 1.33821 | FI11: 1.34019 | FJ11: 1.34362 | FK11: 1.34612 | FL11: 1.34754 | FM11: 1.35113 | FN11: 1.35284 | FO11: 1.35594 | FP11: 1.35814 | FQ11: 1.36085 | FR11: 1.36359 | FS11: 1.36638 | FT11: 1.37008 | FU11: 1.37392 | FV11: 1.37826 | FW11: 1.3821 | FX11: 1.38705 | FY11: 1.38975 | FZ11: 1.39309 | GA11: 1.39682 | GB11: 1.39884 | GC11: 1.40235 | GD11: 1.40497 | GE11: 1.40616 | GF11: 1.40791 | GG11: 1.41144 | GH11: 1.4149 | GI11: 1.41852 | GJ11: 1.4203 | GK11: 1.42401 | GL11: 1.42699 | GM11: 1.43064 | GN11: 1.43305 | GO11: 1.43537 | GP11: 1.43751 | GQ11: 1.44071 | GR11: 1.44263 | GS11: 1.44657 | GT11: 1.44942 | GU11: 1.45203 | GV11: 1.4564 | GW11: 1.45924 | GX11: 1.46337 | GY11: 1.46562 | GZ11: 1.46916 | HA11: 1.47161 | HB11: 1.47441 | HC11: 1.47701 | HD11: 1.47894 | HE11: 1.48252 | HF11: 1.48623 | HG11: 1.48979 | HH11: 1.4935 | HI11: 1.49555 | HJ11: 1.49701 | HK11: 1.49954 | HL11: 1.50254 | HM11: 1.50451 | HN11: 1.50737 | HO11: 1.50966 | HP11: 1.51107 | HQ11: 1.51205 | HR11: 1.51362 | HS11: 1.51708 | HT11: 1.52013 | HU11: 1.52311 | HV11: 1.52747 | HW11: 1.5302 | HX11: 1.53211 | HY11: 1.53299 | HZ11: 1.53528 | IA11: 1.5369 | IB11: 1.53956 | IC11: 1.5415 | ID11: 1.54447 | IE11: 1.54882 | IF11: 1.5515 | IG11: 1.55696 | IH11: 1.56014 | II11: 1.56193 | IJ11: 1.56458 | IK11: 1.56787 | IL11: 1.56989 | IM11: 1.57177 | IN11: 1.5754 | IO11: 1.57995 | IP11: 1.58309 | IQ11: 1.58508 | IR11: 1.58674 | IS11: 1.58889 | IT11: 1.59152 | IU11: 1.59484 | IV11: 1.59705 | IW11: 1.60066 | IX11: 1.60178 | IY11: 1.60543 | IZ11: 1.60807 | JA11: 1.60935 | JB11: 1.61203 | JC11: 1.61324 | JD11: 1.61564 | JE11: 1.62028 | JF11: 1.62323 | JG11: 1.6249 | JH11: 1.62718 | JI11: 1.63266 | JJ11: 1.63732 | JK11: 1.6401 | JL11: 1.64305 | JM11: 1.64643 | JN11: 1.64997 | JO11: 1.65156 | JP11: 1.65335 | JQ11: 1.65695 | JR11: 1.65913 | JS11: 1.66123 | JT11: 1.66702 | JU11: 1.66997 | JV11: 1.67181 | JW11: 1.67409 | JX11: 1.67566 | JY11: 1.67879 | JZ11: 1.68184 | KA11: 1.6851 | KB11: 1.68711 | KC11: 1.68968 | KD11: 1.69236 | KE11: 1.69558 | KF11: 1.69683 | KG11: 1.69891 | KH11: 1.70234 | KI11: 1.70504 | KJ11: 1.70751 | KK11: 1.70911 | KL11: 1.70982 | KM11: 1.71189 | KN11: 1.7154 | KO11: 1.71799 | KP11: 1.72031 | KQ11: 1.72311 | KR11: 1.72539 | KS11: 1.72725 | KT11: 1.72952 | KU11: 1.73244 | KV11: 1.73677 | KW11: 1.74072 | KX11: 1.74273 | KY11: 1.74449 | KZ11: 1.74735 | LA11: 1.74989 | LB11: 1.75266 | LC11: 1.75474 | LD11: 1.75773 | LE11: 1.75939 | LF11: 1.7608 | LG11: 1.76157 | LH11: 1.76453 | LI11: 1.76686 | LJ11: 1.76932 | LK11: 1.77162 | LL11: 1.7734 | LM11: 1.77563 | LN11: 1.77743 | LO11: 1.7806 | LP11: 1.78558 | LQ11: 1.78837 | LR11: 1.7901 | LS11: 1.79389 | LT11: 1.79643 | LU11: 1.79799 | LV11: 1.79951 | LW11: 1.80424 | LX11: 1.80871 | LY11: 1.81336 | LZ11: 1.81633 | MA11: 1.81908 | MB11: 1.82365 | MC11: 1.8255 | MD11: 1.82717 | ME11: 1.82883 | MF11: 1.82981 | MG11: 1.83108 | MH11: 1.83396 | MI11: 1.83648 | MJ11: 1.83926 | MK11: 1.84133 | ML11: 1.84343 | MM11: 1.84615 | MN11: 1.84818 | MO11: 1.85113 | MP11: 1.85534 | MQ11: 1.85981 | MR11: 1.86489 | MS11: 1.86886 | MT11: 1.87242 | MU11: 1.8766 | MV11: 1.87901 | MW11: 1.8822 | MX11: 1.88591 | MY11: 1.88797 | MZ11: 1.89074 | NA11: 1.89534 | NB11: 1.89859 | NC11: 1.9019 | ND11: 1.90486 | NE11: 1.90837 | NF11: 1.91029 | NG11: 1.91258 | NH11: 1.91454 | NI11: 1.91795 | NJ11: 1.92134 | NK11: 1.92363 | NL11: 1.92694 | NM11: 1.92912 | NN11: 1.93321 | NO11: 1.93514 | NP11: 1.93762 | NQ11: 1.94004 | NR11: 1.94311 | NS11: 1.94706 | NT11: 1.94818 | NU11: 1.94975 | NV11: 1.95106 | NW11: 1.95431 | NX11: 1.9566 | NY11: 1.95801 | NZ11: 1.96237 | OA11: 1.96704 | OB11: 1.96955 | OC11: 1.97268 | OD11: 1.97616 | OE11: 1.97891 | OF11: 1.98142 | OG11: 1.98419 | OH11: 1.98596 | OI11: 1.99056 | OJ11: 1.99678 | OK11: 1.99913 | OL11: 2.00043 | OM11: 2.00267 | ON11: 2.0057 | OO11: 2.00795 | OP11: 2.00911 | OQ11: 2.01077 | OR11: 2.01259 | OS11: 2.01694 | OT11: 2.02187 | OU11: 2.02499 | OV11: 2.02811 | OW11: 2.03162 | OX11: 2.03488 | OY11: 2.03803 | OZ11: 2.04027 | PA11: 2.04298 | PB11: 2.04641 | PC11: 2.05185 | PD11: 2.05568 | PE11: 2.05916 | PF11: 2.06225 | PG11: 2.06519 | PH11: 2.06902 | PI11: 2.07187 | PJ11: 2.0749 | PK11: 2.0781 | PL11: 2.08284 | PM11: 2.08597 | PN11: 2.08861 | PO11: 2.09089 | PP11: 2.09404 | PQ11: 2.09843 | PR11: 2.10265 | PS11: 2.10583 | PT11: 2.10749 | PU11: 2.10979 | PV11: 2.11254 | PW11: 2.11627 | PX11: 2.1203 | PY11: 2.12432 | PZ11: 2.12574 | QA11: 2.12854 | QB11: 2.1305 | QC11: 2.13347 | QD11: 2.13481 | QE11: 2.13782 | QF11: 2.14067 | QG11: 2.14239 | QH11: 2.14625 | QI11: 2.14881 | QJ11: 2.15087 | QK11: 2.15629 | QL11: 2.1593 | QM11: 2.16325 | QN11: 2.16879 | QO11: 2.17166 | QP11: 2.17495 | QQ11: 2.17803 | QR11: 2.18112 | QS11: 2.18356 | QT11: 2.18635 | QU11: 2.18935 | QV11: 2.19281 | QW11: 2.19679 | QX11: 2.20185 | QY11: 2.20475 | QZ11: 2.20825 | RA11: 2.21047 | RB11: 2.213 | RC11: 2.2149 | RD11: 2.21645 | RE11: 2.22169 | RF11: 2.22648 | RG11: 2.23043 | RH11: 2.23446 | RI11: 2.23656 | RJ11: 2.23884 | RK11: 2.24112 | RL11: 2.24436 | RM11: 2.24751 | RN11: 2.25065 | RO11: 2.25393 | RP11: 2.2568 | RQ11: 2.26086 | RR11: 2.26313 | RS11: 2.26545 | RT11: 2.2686 | RU11: 2.27153 | RV11: 2.27367 | RW11: 2.27653 | RX11: 2.2804 | RY11: 2.28446 | RZ11: 2.2868 | SA11: 2.29064 | SB11: 2.29432 | SC11: 2.29659 | SD11: 2.29964 | SE11: 2.30311 | SF11: 2.30643 | SG11: 2.30989 | SH11: 2.31197 | SI11: 2.31413 | SJ11: 2.31656 | SK11: 2.32071 | SL11: 2.32615 | SM11: 2.32913 | SN11: 2.33294 | SO11: 2.33628 | SP11: 2.34008 | SQ11: 2.34347 | SR11: 2.34788 | SS11: 2.3502 | ST11: 2.35368 | SU11: 2.35651 | SV11: 2.35809 | SW11: 2.35984 | SX11: 2.36324 | SY11: 2.36496 | SZ11: 2.3694 | TA11: 2.37295 | TB11: 2.37615 | TC11: 2.37908 | TD11: 2.38327 | TE11: 2.38751 | TF11: 2.38984 | TG11: 2.39351 | TH11: 2.39736 | TI11: 2.40032 | TJ11: 2.40322 | TK11: 2.40631 | TL11: 2.40792 | TM11: 2.40965 | TN11: 2.41627 | TO11: 2.42163 | TP11: 2.42409 | TQ11: 2.42781 | TR11: 2.42974 | TS11: 2.43342 | TT11: 2.43664 | TU11: 2.43928 | TV11: 2.44291 | TW11: 2.44847 | TX11: 2.45296 | TY11: 2.45737 | TZ11: 2.46244 | UA11: 2.46488 | UB11: 2.46694 | UC11: 2.46934 | UD11: 2.47363 | UE11: 2.47659 | UF11: 2.47941 | UG11: 2.48399 | UH11: 2.48899 | UI11: 2.49413 | UJ11: 2.49672 | UK11: 2.49883 | UL11: 2.50136 | UM11: 2.50488 | UN11: 2.50944 | UO11: 2.51238 | UP11: 2.51626 | UQ11: 2.51971 | UR11: 2.52282 | US11: 2.52548 | UT11: 2.52957 | UU11: 2.53317 | UV11: 2.53518 | UW11: 2.53867 | UX11: 2.54183 | UY11: 2.54406 | UZ11: 2.54697 | VA11: 2.5511 | VB11: 2.55351 | VC11: 2.55781 | VD11: 2.56099 | VE11: 2.56592 | VF11: 2.57032 | VG11: 2.57492 | VH11: 2.57933 | VI11: 2.58247 | VJ11: 2.5854 | VK11: 2.5897 | VL11: 2.59246 | VM11: 2.59505 | VN11: 2.6 | VO11: 2.60422 | VP11: 2.60941 | VQ11: 2.61519 | VR11: 2.61999 | VS11: 2.62296 | VT11: 2.6271 | VU11: 2.6311 | VV11: 2.63627 | VW11: 2.64009 | VX11: 2.64516 | VY11: 2.65203 | VZ11: 2.65585 | WA11: 2.6587 | WB11: 2.66144 | WC11: 2.66449 | WD11: 2.66805 | WE11: 2.67317 | WF11: 2.67643 | WG11: 2.68056 | WH11: 2.68319 | WI11: 2.68596 | WJ11: 2.6899 | WK11: 2.69373 | WL11: 2.69717 | WM11: 2.70015 | WN11: 2.7029 | WO11: 2.70548 | WP11: 2.70913 | WQ11: 2.71086 | WR11: 2.71356 | WS11: 2.71757 | WT11: 2.72001 | WU11: 2.7249 | WV11: 2.72919 | WW11: 2.73244 | WX11: 2.73708 | WY11: 2.74118 | WZ11: 2.74309 | XA11: 2.74785 | XB11: 2.75144 | XC11: 2.75472 | XD11: 2.75722 | XE11: 2.76132 | XF11: 2.76546 | XG11: 2.77317 | XH11: 2.7768 | XI11: 2.78161 | XJ11: 2.78481 | XK11: 2.78796 | XL11: 2.79243 | XM11: 2.79871 | XN11: 2.80362 | XO11: 2.80886 | XP11: 2.81421 | XQ11: 2.81874 | XR11: 2.82584 | XS11: 2.83148 | XT11: 2.83575 | XU11: 2.83981 | XV11: 2.84446 | XW11: 2.8485 | XX11: 2.85201 | XY11: 2.85573 | XZ11: 2.85994 | YA11: 2.86312 | YB11: 2.86807 | YC11: 2.87293 | YD11: 2.87724 | YE11: 2.88154 | YF11: 2.88713 | YG11: 2.89209 | YH11: 2.89477 | YI11: 2.8989 | YJ11: 2.90422 | YK11: 2.90936 | YL11: 2.9163 | YM11: 2.92351 | YN11: 2.93057 | YO11: 2.93735 | YP11: 2.94379 | YQ11: 2.94756 | YR11: 2.9506 | YS11: 2.9559 | YT11: 2.96035 | YU11: 2.96624 | YV11: 2.97247 | YW11: 2.978 | YX11: 2.98491 | YY11: 2.98921 | YZ11: 2.9942 | ZA11: 2.9999 | ZB11: 3.00755 | ZC11: 3.01364 | ZD11: 3.02137 | ZE11: 3.02792 | ZF11: 3.03331 | ZG11: 3.03814 | ZH11: 3.04296 | ZI11: 3.04824 | ZJ11: 3.05338 | ZK11: 3.05924 | ZL11: 3.06384 | ZM11: 3.06906 | ZN11: 3.07454 | ZO11: 3.07804 | ZP11: 3.08238 | ZQ11: 3.08505 | ZR11: 3.09042 | ZS11: 3.09959 | ZT11: 3.10812 | ZU11: 3.11339 | ZV11: 3.12076 | ZW11: 3.12397 | ZX11: 3.12873 | ZY11: 3.13194 | ZZ11: 3.13785 | AAA11: 3.14444 | AAB11: 3.15022 | AAC11: 3.15838 | AAD11: 3.16444 | AAE11: 3.16885 | AAF11: 3.17279 | AAG11: 3.18041 | AAH11: 3.18579 | AAI11: 3.18976 | AAJ11: 3.19405 | AAK11: 3.19939 | AAL11: 3.20577 | AAM11: 3.21038 | AAN11: 3.21581 | AAO11: 3.22391 | AAP11: 3.2292 | AAQ11: 3.23309 | AAR11: 3.23793 | AAS11: 3.24291 | AAT11: 3.24879 | AAU11: 3.25404 | AAV11: 3.26082 | AAW11: 3.27334 | AAX11: 3.28397 | AAY11: 3.2906 | AAZ11: 3.29585 | ABA11: 3.30704 | ABB11: 3.31477 | ABC11: 3.32171 | ABD11: 3.32523 | ABE11: 3.33022 | ABF11: 3.33495 | ABG11: 3.34024 | ABH11: 3.34633 | ABI11: 3.35446 | ABJ11: 3.36267 | ABK11: 3.36957 | ABL11: 3.37384 | ABM11: 3.38093 | ABN11: 3.38601 | ABO11: 3.39323 | ABP11: 3.40156 | ABQ11: 3.40991 | ABR11: 3.41631 | ABS11: 3.42345 | ABT11: 3.4317 | ABU11: 3.43716 | ABV11: 3.44189 | ABW11: 3.44704 | ABX11: 3.45581 | ABY11: 3.46467 | ABZ11: 3.47369 | ACA11: 3.47963 | ACB11: 3.48759 | ACC11: 3.49589 | ACD11: 3.50976 | ACE11: 3.51908 | ACF11: 3.52813 | ACG11: 3.53302 | ACH11: 3.54465 | ACI11: 3.55334 | ACJ11: 3.55941 | ACK11: 3.56434 | ACL11: 3.56878 | ACM11: 3.57173 | ACN11: 3.57722 | ACO11: 3.58067 | ACP11: 3.58803 | ACQ11: 3.59576 | ACR11: 3.60478 | ACS11: 3.61295 | ACT11: 3.62154 | ACU11: 3.63051 | ACV11: 3.6412 | ACW11: 3.65121 | ACX11: 3.6572 | ACY11: 3.66504 | ACZ11: 3.67481 | ADA11: 3.67881 | ADB11: 3.68835 | ADC11: 3.698 | ADD11: 3.70721 | ADE11: 3.71914 | ADF11: 3.72922 | ADG11: 3.73404 | ADH11: 3.74498 | ADI11: 3.74976 | ADJ11: 3.75455 | ADK11: 3.76508 | ADL11: 3.77837 | ADM11: 3.78886 | ADN11: 3.79706 | ADO11: 3.80502 | ADP11: 3.81749 | ADQ11: 3.83641 | ADR11: 3.84502 | ADS11: 3.85444 | ADT11: 3.86142 | ADU11: 3.87136 | ADV11: 3.87939 | ADW11: 3.89111 | ADX11: 3.89886 | ADY11: 3.90883 | ADZ11: 3.91956 | AEA11: 3.93078 | AEB11: 3.9458 | AEC11: 3.96382 | AED11: 3.97922 | AEE11: 3.99084 | AEF11: 3.99827 | AEG11: 4.00746 | AEH11: 4.01868 | AEI11: 4.03194 | AEJ11: 4.03933 | AEK11: 4.05036 | AEL11: 4.05958 | AEM11: 4.07479 | AEN11: 4.08567 | AEO11: 4.09342 | AEP11: 4.10053 | AEQ11: 4.10841 | AER11: 4.12154 | AES11: 4.13064 | AET11: 4.14454 | AEU11: 4.15675 | AEV11: 4.16689 | AEW11: 4.17366 | AEX11: 4.18564 | AEY11: 4.20406 | AEZ11: 4.21521 | AFA11: 4.22729 | AFB11: 4.2386 | AFC11: 4.25162 | AFD11: 4.26766 | AFE11: 4.27934 | AFF11: 4.29594 | AFG11: 4.3063 | AFH11: 4.32113 | AFI11: 4.33238 | AFJ11: 4.34108 | AFK11: 4.35184 | AFL11: 4.36578 | AFM11: 4.38495 | AFN11: 4.40248 | AFO11: 4.41652 | AFP11: 4.43215 | AFQ11: 4.45122 | AFR11: 4.46094 | AFS11: 4.4731 | AFT11: 4.48768 | AFU11: 4.50939 | AFV11: 4.52957 | AFW11: 4.54553 | AFX11: 4.55352 | AFY11: 4.56335 | AFZ11: 4.58025 | AGA11: 4.59825 | AGB11: 4.61006 | AGC11: 4.62284 | AGD11: 4.64191 | AGE11: 4.65844 | AGF11: 4.66545 | AGG11: 4.67672 | AGH11: 4.68791 | AGI11: 4.70562 | AGJ11: 4.71912 | AGK11: 4.72912 | AGL11: 4.74516 | AGM11: 4.76004 | AGN11: 4.77478 | AGO11: 4.79026 | AGP11: 4.81106 | AGQ11: 4.82893 | AGR11: 4.844 | AGS11: 4.8589 | AGT11: 4.87267 | AGU11: 4.88841 | AGV11: 4.91088 | AGW11: 4.92547 | AGX11: 4.94185 | AGY11: 4.96047 | AGZ11: 4.9746 | AHA11: 4.9858 | AHB11: 5.00139 | AHC11: 5.02176 | AHD11: 5.04551 | AHE11: 5.06672 | AHF11: 5.07706 | AHG11: 5.0916 | AHH11: 5.10961 | AHI11: 5.13121 | AHJ11: 5.14932 | AHK11: 5.17491 | AHL11: 5.1996 | AHM11: 5.23287 | AHN11: 5.24694 | AHO11: 5.26491 | AHP11: 5.28495 | AHQ11: 5.30714 | AHR11: 5.33084 | AHS11: 5.35925 | AHT11: 5.3784 | AHU11: 5.39831 | AHV11: 5.42429 | AHW11: 5.44884 | AHX11: 5.4756 | AHY11: 5.50877 | AHZ11: 5.53483 | AIA11: 5.56744 | AIB11: 5.61877 | AIC11: 5.64585 | AID11: 5.6742 | AIE11: 5.70542 | AIF11: 5.72545 | AIG11: 5.7548 | AIH11: 5.77505 | AII11: 5.79712 | AIJ11: 5.82507 | AIK11: 5.85777 | AIL11: 5.88404 | AIM11: 5.91705 | AIN11: 5.95675 | AIO11: 5.9975 | AIP11: 6.03996 | AIQ11: 6.07281 | AIR11: 6.09755 | AIS11: 6.13387 | AIT11: 6.17171 | AIU11: 6.1976 | AIV11: 6.22091 | AIW11: 6.25776 | AIX11: 6.30601 | AIY11: 6.35373 | AIZ11: 6.38903 | AJA11: 6.42882 | AJB11: 6.47793 | AJC11: 6.52393 | AJD11: 6.5746 | AJE11: 6.62615 | AJF11: 6.6747 | AJG11: 6.71272 | AJH11: 6.77135 | AJI11: 6.82087 | AJJ11: 6.88185 | AJK11: 6.94141 | AJL11: 7.00351 | AJM11: 7.05418 | AJN11: 7.10667 | AJO11: 7.17743 | AJP11: 7.23949 | AJQ11: 7.29676 | AJR11: 7.34122 | AJS11: 7.40852 | AJT11: 7.46798 | AJU11: 7.57186 | AJV11: 7.66296 | AJW11: 7.74955 | AJX11: 7.80831 | AJY11: 7.88221 | AJZ11: 7.96818 | AKA11: 8.04771 | AKB11: 8.13722 | AKC11: 8.22421 | AKD11: 8.29599 | AKE11: 8.35675 | AKF11: 8.473 | AKG11: 8.55478 | AKH11: 8.64436 | AKI11: 8.71998 | AKJ11: 8.87913 | AKK11: 9.03675 | AKL11: 9.13498 | AKM11: 9.27869 | AKN11: 9.42881 | AKO11: 9.54538 | AKP11: 9.65929 | AKQ11: 9.77507 | AKR11: 9.96333 | AKS11: 10.20025 | AKT11: 10.4622 | AKU11: 10.73173 | AKV11: 10.92887 | AKW11: 11.14115 | AKX11: 11.3693 | AKY11: 11.65446 | AKZ11: 12.00789 | ALA11: 12.46936 | ALB11: 12.86459 | ALC11: 13.21013 | ALD11: 13.65135 | ALE11: 14.20214 | ALF11: 14.89681 | ALG11: 15.63731 | ALH11: 16.31538 | ALI11: 17.1774 | ALJ11: 18.02765 | ALK11: 18.92295 | ALL11: 20.40029 | ALM11: 22.18544 | ALN11: 24.87597 | ALO11: 29.94568
A12: Malawi | B12: MWI | C12: =AVERAGE(SI12,SJ12) | D12: 0.318 | E12: 0.3679 | F12: 0.40779 | G12: 0.4465 | H12: 0.47826 | I12: 0.49051 | J12: 0.50312 | K12: 0.51508 | L12: 0.51949 | M12: 0.53057 | N12: 0.5382 | O12: 0.54455 | P12: 0.55356 | Q12: 0.55817 | R12: 0.56704 | S12: 0.57421 | T12: 0.57942 | U12: 0.58506 | V12: 0.59009 | W12: 0.59558 | X12: 0.60198 | Y12: 0.61177 | Z12: 0.6195 | AA12: 0.62745 | AB12: 0.63355 | AC12: 0.63824 | AD12: 0.64324 | AE12: 0.64867 | AF12: 0.65384 | AG12: 0.65887 | AH12: 0.66333 | AI12: 0.6669 | AJ12: 0.67302 | AK12: 0.67911 | AL12: 0.6819 | AM12: 0.68736 | AN12: 0.692 | AO12: 0.6966 | AP12: 0.70023 | AQ12: 0.70685 | AR12: 0.71199 | AS12: 0.71773 | AT12: 0.72203 | AU12: 0.72379 | AV12: 0.72662 | AW12: 0.72978 | AX12: 0.73295 | AY12: 0.73664 | AZ12: 0.74048 | BA12: 0.74504 | BB12: 0.74809 | BC12: 0.75147 | BD12: 0.75606 | BE12: 0.75887 | BF12: 0.76418 | BG12: 0.77058 | BH12: 0.77281 | BI12: 0.77531 | BJ12: 0.77722 | BK12: 0.77907 | BL12: 0.78168 | BM12: 0.78381 | BN12: 0.78811 | BO12: 0.79252 | BP12: 0.79536 | BQ12: 0.79831 | BR12: 0.80298 | BS12: 0.80725 | BT12: 0.81125 | BU12: 0.8145 | BV12: 0.8177 | BW12: 0.81999 | BX12: 0.82204 | BY12: 0.82469 | BZ12: 0.82885 | CA12: 0.83124 | CB12: 0.83592 | CC12: 0.84128 | CD12: 0.84511 | CE12: 0.84749 | CF12: 0.85189 | CG12: 0.85599 | CH12: 0.859 | CI12: 0.86204 | CJ12: 0.86578 | CK12: 0.86807 | CL12: 0.87069 | CM12: 0.87463 | CN12: 0.87802 | CO12: 0.87945 | CP12: 0.88175 | CQ12: 0.88433 | CR12: 0.88572 | CS12: 0.88971 | CT12: 0.89085 | CU12: 0.894 | CV12: 0.89693 | CW12: 0.90103 | CX12: 0.90333 | CY12: 0.90676 | CZ12: 0.90975 | DA12: 0.91269 | DB12: 0.91618 | DC12: 0.91883 | DD12: 0.92201 | DE12: 0.92542 | DF12: 0.92776 | DG12: 0.93058 | DH12: 0.93344 | DI12: 0.93512 | DJ12: 0.93687 | DK12: 0.93985 | DL12: 0.94114 | DM12: 0.94321 | DN12: 0.94586 | DO12: 0.94817 | DP12: 0.94965 | DQ12: 0.9523 | DR12: 0.95423 | DS12: 0.95755 | DT12: 0.95951 | DU12: 0.96372 | DV12: 0.96779 | DW12: 0.97116 | DX12: 0.97335 | DY12: 0.97722 | DZ12: 0.98089 | EA12: 0.98525 | EB12: 0.98956 | EC12: 0.99269 | ED12: 0.9948 | EE12: 0.99706 | EF12: 0.99952 | EG12: 1.00113 | EH12: 1.00324 | EI12: 1.006 | EJ12: 1.00913 | EK12: 1.01139 | EL12: 1.0149 | EM12: 1.01912 | EN12: 1.02108 | EO12: 1.02281 | EP12: 1.02526 | EQ12: 1.02672 | ER12: 1.02944 | ES12: 1.03239 | ET12: 1.03479 | EU12: 1.03679 | EV12: 1.03984 | EW12: 1.04228 | EX12: 1.0436 | EY12: 1.04551 | EZ12: 1.04831 | FA12: 1.05035 | FB12: 1.05359 | FC12: 1.05601 | FD12: 1.05706 | FE12: 1.05923 | FF12: 1.06238 | FG12: 1.0667 | FH12: 1.06951 | FI12: 1.07196 | FJ12: 1.07382 | FK12: 1.07699 | FL12: 1.0788 | FM12: 1.08168 | FN12: 1.08322 | FO12: 1.08504 | FP12: 1.08705 | FQ12: 1.08957 | FR12: 1.09073 | FS12: 1.09284 | FT12: 1.09586 | FU12: 1.09873 | FV12: 1.10038 | FW12: 1.1027 | FX12: 1.10617 | FY12: 1.10908 | FZ12: 1.1111 | GA12: 1.11357 | GB12: 1.1158 | GC12: 1.11864 | GD12: 1.1207 | GE12: 1.12212 | GF12: 1.12443 | GG12: 1.12609 | GH12: 1.12832 | GI12: 1.13105 | GJ12: 1.13288 | GK12: 1.13474 | GL12: 1.13622 | GM12: 1.13843 | GN12: 1.14094 | GO12: 1.14361 | GP12: 1.14682 | GQ12: 1.14925 | GR12: 1.15261 | GS12: 1.1547 | GT12: 1.15728 | GU12: 1.15886 | GV12: 1.16081 | GW12: 1.16252 | GX12: 1.16392 | GY12: 1.1649 | GZ12: 1.16633 | HA12: 1.1682 | HB12: 1.17197 | HC12: 1.17498 | HD12: 1.17809 | HE12: 1.17958 | HF12: 1.18162 | HG12: 1.18332 | HH12: 1.18553 | HI12: 1.18817 | HJ12: 1.19049 | HK12: 1.19251 | HL12: 1.19396 | HM12: 1.19778 | HN12: 1.20025 | HO12: 1.20218 | HP12: 1.20463 | HQ12: 1.20818 | HR12: 1.21041 | HS12: 1.21221 | HT12: 1.2142 | HU12: 1.21517 | HV12: 1.21706 | HW12: 1.21917 | HX12: 1.22102 | HY12: 1.22293 | HZ12: 1.22424 | IA12: 1.22503 | IB12: 1.22701 | IC12: 1.23003 | ID12: 1.23262 | IE12: 1.23493 | IF12: 1.23705 | IG12: 1.23934 | IH12: 1.2409 | II12: 1.24414 | IJ12: 1.24621 | IK12: 1.2498 | IL12: 1.25251 | IM12: 1.25605 | IN12: 1.25945 | IO12: 1.26079 | IP12: 1.26334 | IQ12: 1.26619 | IR12: 1.26888 | IS12: 1.27101 | IT12: 1.27248 | IU12: 1.27393 | IV12: 1.2766 | IW12: 1.27861 | IX12: 1.28058 | IY12: 1.28347 | IZ12: 1.28681 | JA12: 1.28797 | JB12: 1.29045 | JC12: 1.29289 | JD12: 1.29524 | JE12: 1.29739 | JF12: 1.29867 | JG12: 1.30046 | JH12: 1.30231 | JI12: 1.3042 | JJ12: 1.30633 | JK12: 1.30935 | JL12: 1.31184 | JM12: 1.31542 | JN12: 1.31959 | JO12: 1.32214 | JP12: 1.32539 | JQ12: 1.32912 | JR12: 1.33189 | JS12: 1.33388 | JT12: 1.33713 | JU12: 1.33946 | JV12: 1.34336 | JW12: 1.34653 | JX12: 1.34952 | JY12: 1.35133 | JZ12: 1.35301 | KA12: 1.35442 | KB12: 1.35679 | KC12: 1.35895 | KD12: 1.36006 | KE12: 1.36385 | KF12: 1.36568 | KG12: 1.36799 | KH12: 1.36977 | KI12: 1.3712 | KJ12: 1.37384 | KK12: 1.37564 | KL12: 1.37713 | KM12: 1.37965 | KN12: 1.38173 | KO12: 1.38432 | KP12: 1.38628 | KQ12: 1.38847 | KR12: 1.39149 | KS12: 1.39321 | KT12: 1.39469 | KU12: 1.3969 | KV12: 1.39893 | KW12: 1.39998 | KX12: 1.40352 | KY12: 1.40687 | KZ12: 1.40924 | LA12: 1.41188 | LB12: 1.41367 | LC12: 1.41545 | LD12: 1.41763 | LE12: 1.41962 | LF12: 1.42288 | LG12: 1.42443 | LH12: 1.42604 | LI12: 1.42837 | LJ12: 1.43064 | LK12: 1.43233 | LL12: 1.43459 | LM12: 1.43685 | LN12: 1.43849 | LO12: 1.44084 | LP12: 1.44299 | LQ12: 1.445 | LR12: 1.44609 | LS12: 1.44763 | LT12: 1.45043 | LU12: 1.45256 | LV12: 1.45446 | LW12: 1.4569 | LX12: 1.45913 | LY12: 1.46116 | LZ12: 1.46345 | MA12: 1.46547 | MB12: 1.46824 | MC12: 1.47014 | MD12: 1.47471 | ME12: 1.47793 | MF12: 1.47893 | MG12: 1.48131 | MH12: 1.4836 | MI12: 1.48545 | MJ12: 1.48716 | MK12: 1.49033 | ML12: 1.49281 | MM12: 1.49493 | MN12: 1.49864 | MO12: 1.50043 | MP12: 1.50264 | MQ12: 1.50479 | MR12: 1.50661 | MS12: 1.50976 | MT12: 1.51155 | MU12: 1.51335 | MV12: 1.51616 | MW12: 1.51945 | MX12: 1.52454 | MY12: 1.52787 | MZ12: 1.53058 | NA12: 1.53208 | NB12: 1.53387 | NC12: 1.53701 | ND12: 1.54058 | NE12: 1.54297 | NF12: 1.54652 | NG12: 1.54918 | NH12: 1.55129 | NI12: 1.55257 | NJ12: 1.55456 | NK12: 1.55709 | NL12: 1.55925 | NM12: 1.56159 | NN12: 1.56305 | NO12: 1.56394 | NP12: 1.5663 | NQ12: 1.5691 | NR12: 1.57138 | NS12: 1.5729 | NT12: 1.57472 | NU12: 1.57784 | NV12: 1.58075 | NW12: 1.58253 | NX12: 1.58526 | NY12: 1.58821 | NZ12: 1.5915 | OA12: 1.59395 | OB12: 1.59672 | OC12: 1.59935 | OD12: 1.60232 | OE12: 1.60508 | OF12: 1.60715 | OG12: 1.60916 | OH12: 1.61059 | OI12: 1.61245 | OJ12: 1.61373 | OK12: 1.6155 | OL12: 1.61802 | OM12: 1.61982 | ON12: 1.6218 | OO12: 1.62475 | OP12: 1.62682 | OQ12: 1.62934 | OR12: 1.63102 | OS12: 1.63421 | OT12: 1.6374 | OU12: 1.64074 | OV12: 1.6442 | OW12: 1.64597 | OX12: 1.64864 | OY12: 1.65052 | OZ12: 1.65271 | PA12: 1.65458 | PB12: 1.65683 | PC12: 1.65957 | PD12: 1.66095 | PE12: 1.66226 | PF12: 1.66381 | PG12: 1.66615 | PH12: 1.66993 | PI12: 1.67209 | PJ12: 1.67388 | PK12: 1.67754 | PL12: 1.68126 | PM12: 1.68378 | PN12: 1.68609 | PO12: 1.68909 | PP12: 1.69164 | PQ12: 1.69343 | PR12: 1.69536 | PS12: 1.69814 | PT12: 1.69956 | PU12: 1.70183 | PV12: 1.70426 | PW12: 1.70555 | PX12: 1.70728 | PY12: 1.70826 | PZ12: 1.70947 | QA12: 1.71197 | QB12: 1.7142 | QC12: 1.71635 | QD12: 1.7202 | QE12: 1.7242 | QF12: 1.72775 | QG12: 1.73202 | QH12: 1.73491 | QI12: 1.73782 | QJ12: 1.73921 | QK12: 1.74122 | QL12: 1.74295 | QM12: 1.74715 | QN12: 1.74957 | QO12: 1.75131 | QP12: 1.75303 | QQ12: 1.75818 | QR12: 1.76182 | QS12: 1.76642 | QT12: 1.76902 | QU12: 1.77107 | QV12: 1.77186 | QW12: 1.77346 | QX12: 1.7747 | QY12: 1.7761 | QZ12: 1.7794 | RA12: 1.78179 | RB12: 1.78324 | RC12: 1.78493 | RD12: 1.7878 | RE12: 1.79102 | RF12: 1.79564 | RG12: 1.79842 | RH12: 1.80081 | RI12: 1.8033 | RJ12: 1.80602 | RK12: 1.80894 | RL12: 1.81287 | RM12: 1.81643 | RN12: 1.81894 | RO12: 1.82049 | RP12: 1.82317 | RQ12: 1.82564 | RR12: 1.82714 | RS12: 1.82904 | RT12: 1.83277 | RU12: 1.83638 | RV12: 1.84205 | RW12: 1.84565 | RX12: 1.84904 | RY12: 1.85139 | RZ12: 1.85413 | SA12: 1.85673 | SB12: 1.85914 | SC12: 1.86197 | SD12: 1.86428 | SE12: 1.86658 | SF12: 1.86901 | SG12: 1.87084 | SH12: 1.87367 | SI12: 1.87789 | SJ12: 1.88022 | SK12: 1.88358 | SL12: 1.88553 | SM12: 1.88798 | SN12: 1.89055 | SO12: 1.89498 | SP12: 1.89878 | SQ12: 1.90135 | SR12: 1.90426 | SS12: 1.9069 | ST12: 1.90916 | SU12: 1.91183 | SV12: 1.91412 | SW12: 1.9167 | SX12: 1.91874 | SY12: 1.92355 | SZ12: 1.92534 | TA12: 1.92918 | TB12: 1.93435 | TC12: 1.93776 | TD12: 1.93911 | TE12: 1.9415 | TF12: 1.94604 | TG12: 1.94998 | TH12: 1.95287 | TI12: 1.95664 | TJ12: 1.95995 | TK12: 1.96165 | TL12: 1.96482 | TM12: 1.96955 | TN12: 1.97375 | TO12: 1.97745 | TP12: 1.98254 | TQ12: 1.98773 | TR12: 1.99219 | TS12: 1.9947 | TT12: 1.99666 | TU12: 2.00145 | TV12: 2.00483 | TW12: 2.008 | TX12: 2.01172 | TY12: 2.01389 | TZ12: 2.01642 | UA12: 2.01874 | UB12: 2.02169 | UC12: 2.02398 | UD12: 2.02588 | UE12: 2.02942 | UF12: 2.0321 | UG12: 2.03573 | UH12: 2.03894 | UI12: 2.04187 | UJ12: 2.04642 | UK12: 2.04926 | UL12: 2.05212 | UM12: 2.05605 | UN12: 2.05992 | UO12: 2.06484 | UP12: 2.06869 | UQ12: 2.07187 | UR12: 2.0758 | US12: 2.07936 | UT12: 2.08267 | UU12: 2.08539 | UV12: 2.08921 | UW12: 2.09227 | UX12: 2.09626 | UY12: 2.09875 | UZ12: 2.10076 | VA12: 2.1039 | VB12: 2.10631 | VC12: 2.10842 | VD12: 2.11002 | VE12: 2.11153 | VF12: 2.11467 | VG12: 2.11877 | VH12: 2.12154 | VI12: 2.12499 | VJ12: 2.12885 | VK12: 2.13368 | VL12: 2.13582 | VM12: 2.14018 | VN12: 2.14418 | VO12: 2.14799 | VP12: 2.15209 | VQ12: 2.15464 | VR12: 2.15629 | VS12: 2.15732 | VT12: 2.15911 | VU12: 2.16305 | VV12: 2.16628 | VW12: 2.16882 | VX12: 2.17118 | VY12: 2.17545 | VZ12: 2.17894 | WA12: 2.18099 | WB12: 2.18452 | WC12: 2.18675 | WD12: 2.18918 | WE12: 2.19203 | WF12: 2.19542 | WG12: 2.19882 | WH12: 2.20329 | WI12: 2.20632 | WJ12: 2.20991 | WK12: 2.21461 | WL12: 2.22045 | WM12: 2.22395 | WN12: 2.22683 | WO12: 2.23113 | WP12: 2.23358 | WQ12: 2.23561 | WR12: 2.23902 | WS12: 2.24139 | WT12: 2.24488 | WU12: 2.24787 | WV12: 2.2519 | WW12: 2.25528 | WX12: 2.26032 | WY12: 2.26406 | WZ12: 2.26807 | XA12: 2.27053 | XB12: 2.2738 | XC12: 2.27823 | XD12: 2.28131 | XE12: 2.28396 | XF12: 2.28805 | XG12: 2.29283 | XH12: 2.29903 | XI12: 2.30209 | XJ12: 2.30415 | XK12: 2.30863 | XL12: 2.3114 | XM12: 2.31367 | XN12: 2.31656 | XO12: 2.32193 | XP12: 2.32697 | XQ12: 2.33056 | XR12: 2.33387 | XS12: 2.33948 | XT12: 2.34163 | XU12: 2.34732 | XV12: 2.3533 | XW12: 2.35692 | XX12: 2.36211 | XY12: 2.36439 | XZ12: 2.36659 | YA12: 2.37183 | YB12: 2.37761 | YC12: 2.38301 | YD12: 2.38843 | YE12: 2.39624 | YF12: 2.40204 | YG12: 2.40844 | YH12: 2.41417 | YI12: 2.4178 | YJ12: 2.42306 | YK12: 2.42589 | YL12: 2.42962 | YM12: 2.43183 | YN12: 2.43439 | YO12: 2.43831 | YP12: 2.44206 | YQ12: 2.44626 | YR12: 2.45434 | YS12: 2.45871 | YT12: 2.46273 | YU12: 2.46835 | YV12: 2.47487 | YW12: 2.48011 | YX12: 2.48564 | YY12: 2.49046 | YZ12: 2.4955 | ZA12: 2.50158 | ZB12: 2.50712 | ZC12: 2.51097 | ZD12: 2.51466 | ZE12: 2.51903 | ZF12: 2.52285 | ZG12: 2.52782 | ZH12: 2.53097 | ZI12: 2.53429 | ZJ12: 2.53837 | ZK12: 2.54218 | ZL12: 2.54609 | ZM12: 2.5518 | ZN12: 2.55412 | ZO12: 2.55814 | ZP12: 2.56204 | ZQ12: 2.56837 | ZR12: 2.57329 | ZS12: 2.57722 | ZT12: 2.58252 | ZU12: 2.58634 | ZV12: 2.59195 | ZW12: 2.60108 | ZX12: 2.6111 | ZY12: 2.61836 | ZZ12: 2.62276 | AAA12: 2.62656 | AAB12: 2.63222 | AAC12: 2.64064 | AAD12: 2.646 | AAE12: 2.65146 | AAF12: 2.65657 | AAG12: 2.66211 | AAH12: 2.66762 | AAI12: 2.67173 | AAJ12: 2.67453 | AAK12: 2.67859 | AAL12: 2.68493 | AAM12: 2.6893 | AAN12: 2.69637 | AAO12: 2.70289 | AAP12: 2.70823 | AAQ12: 2.71089 | AAR12: 2.71429 | AAS12: 2.72005 | AAT12: 2.72324 | AAU12: 2.72789 | AAV12: 2.73579 | AAW12: 2.74407 | AAX12: 2.75011 | AAY12: 2.75581 | AAZ12: 2.76095 | ABA12: 2.76544 | ABB12: 2.77078 | ABC12: 2.77746 | ABD12: 2.78201 | ABE12: 2.78554 | ABF12: 2.79203 | ABG12: 2.79681 | ABH12: 2.80115 | ABI12: 2.80513 | ABJ12: 2.8117 | ABK12: 2.81958 | ABL12: 2.82398 | ABM12: 2.82852 | ABN12: 2.83212 | ABO12: 2.83692 | ABP12: 2.84427 | ABQ12: 2.84863 | ABR12: 2.85423 | ABS12: 2.86136 | ABT12: 2.87065 | ABU12: 2.87585 | ABV12: 2.88461 | ABW12: 2.89048 | ABX12: 2.89826 | ABY12: 2.90411 | ABZ12: 2.90967 | ACA12: 2.91633 | ACB12: 2.9218 | ACC12: 2.92825 | ACD12: 2.93531 | ACE12: 2.94095 | ACF12: 2.95181 | ACG12: 2.96234 | ACH12: 2.96938 | ACI12: 2.97763 | ACJ12: 2.98405 | ACK12: 2.98992 | ACL12: 2.99552 | ACM12: 3.00125 | ACN12: 3.00494 | ACO12: 3.0114 | ACP12: 3.02103 | ACQ12: 3.03181 | ACR12: 3.03921 | ACS12: 3.04818 | ACT12: 3.05621 | ACU12: 3.06317 | ACV12: 3.07073 | ACW12: 3.07831 | ACX12: 3.08301 | ACY12: 3.09123 | ACZ12: 3.10013 | ADA12: 3.10621 | ADB12: 3.11305 | ADC12: 3.12101 | ADD12: 3.13027 | ADE12: 3.14163 | ADF12: 3.14681 | ADG12: 3.15424 | ADH12: 3.16049 | ADI12: 3.16891 | ADJ12: 3.17561 | ADK12: 3.18297 | ADL12: 3.19298 | ADM12: 3.19979 | ADN12: 3.20746 | ADO12: 3.21389 | ADP12: 3.22503 | ADQ12: 3.23237 | ADR12: 3.23973 | ADS12: 3.24746 | ADT12: 3.25401 | ADU12: 3.26115 | ADV12: 3.27273 | ADW12: 3.28621 | ADX12: 3.29827 | ADY12: 3.31015 | ADZ12: 3.31668 | AEA12: 3.32739 | AEB12: 3.33639 | AEC12: 3.3441 | AED12: 3.35082 | AEE12: 3.35844 | AEF12: 3.36551 | AEG12: 3.37549 | AEH12: 3.38065 | AEI12: 3.38569 | AEJ12: 3.39493 | AEK12: 3.40033 | AEL12: 3.41023 | AEM12: 3.41739 | AEN12: 3.42787 | AEO12: 3.43634 | AEP12: 3.44763 | AEQ12: 3.46106 | AER12: 3.46977 | AES12: 3.48403 | AET12: 3.49855 | AEU12: 3.50897 | AEV12: 3.5146 | AEW12: 3.52408 | AEX12: 3.53505 | AEY12: 3.546 | AEZ12: 3.55523 | AFA12: 3.56495 | AFB12: 3.57491 | AFC12: 3.59026 | AFD12: 3.59681 | AFE12: 3.60634 | AFF12: 3.6213 | AFG12: 3.63196 | AFH12: 3.64371 | AFI12: 3.65963 | AFJ12: 3.67378 | AFK12: 3.68352 | AFL12: 3.69642 | AFM12: 3.70742 | AFN12: 3.71979 | AFO12: 3.73263 | AFP12: 3.74012 | AFQ12: 3.74994 | AFR12: 3.75961 | AFS12: 3.77386 | AFT12: 3.78803 | AFU12: 3.80069 | AFV12: 3.81427 | AFW12: 3.82959 | AFX12: 3.84125 | AFY12: 3.84742 | AFZ12: 3.85878 | AGA12: 3.87688 | AGB12: 3.88863 | AGC12: 3.90182 | AGD12: 3.91622 | AGE12: 3.92348 | AGF12: 3.93469 | AGG12: 3.94944 | AGH12: 3.96327 | AGI12: 3.97423 | AGJ12: 3.98555 | AGK12: 3.99614 | AGL12: 4.00601 | AGM12: 4.0232 | AGN12: 4.04391 | AGO12: 4.06024 | AGP12: 4.07396 | AGQ12: 4.08251 | AGR12: 4.10181 | AGS12: 4.11234 | AGT12: 4.12665 | AGU12: 4.1399 | AGV12: 4.15941 | AGW12: 4.18026 | AGX12: 4.19588 | AGY12: 4.21059 | AGZ12: 4.23303 | AHA12: 4.25866 | AHB12: 4.27462 | AHC12: 4.29171 | AHD12: 4.31495 | AHE12: 4.34393 | AHF12: 4.36377 | AHG12: 4.38337 | AHH12: 4.40931 | AHI12: 4.44433 | AHJ12: 4.4694 | AHK12: 4.49572 | AHL12: 4.50915 | AHM12: 4.52643 | AHN12: 4.55091 | AHO12: 4.58236 | AHP12: 4.60561 | AHQ12: 4.62859 | AHR12: 4.64447 | AHS12: 4.65758 | AHT12: 4.68704 | AHU12: 4.70696 | AHV12: 4.72669 | AHW12: 4.744 | AHX12: 4.76895 | AHY12: 4.78429 | AHZ12: 4.80244 | AIA12: 4.81701 | AIB12: 4.83557 | AIC12: 4.85331 | AID12: 4.87881 | AIE12: 4.89662 | AIF12: 4.90758 | AIG12: 4.93144 | AIH12: 4.96995 | AII12: 4.99494 | AIJ12: 5.01618 | AIK12: 5.05292 | AIL12: 5.07492 | AIM12: 5.09336 | AIN12: 5.13981 | AIO12: 5.17444 | AIP12: 5.19831 | AIQ12: 5.22032 | AIR12: 5.24536 | AIS12: 5.27303 | AIT12: 5.31444 | AIU12: 5.35579 | AIV12: 5.38814 | AIW12: 5.42875 | AIX12: 5.46963 | AIY12: 5.51288 | AIZ12: 5.53904 | AJA12: 5.57542 | AJB12: 5.62503 | AJC12: 5.67649 | AJD12: 5.71401 | AJE12: 5.75488 | AJF12: 5.79192 | AJG12: 5.82661 | AJH12: 5.84368 | AJI12: 5.89626 | AJJ12: 5.95491 | AJK12: 5.98715 | AJL12: 6.03114 | AJM12: 6.06561 | AJN12: 6.1512 | AJO12: 6.22685 | AJP12: 6.27498 | AJQ12: 6.33835 | AJR12: 6.40274 | AJS12: 6.45027 | AJT12: 6.50551 | AJU12: 6.55837 | AJV12: 6.63586 | AJW12: 6.72682 | AJX12: 6.80744 | AJY12: 6.90262 | AJZ12: 7.00828 | AKA12: 7.10661 | AKB12: 7.19984 | AKC12: 7.26822 | AKD12: 7.34588 | AKE12: 7.42883 | AKF12: 7.49267 | AKG12: 7.56833 | AKH12: 7.70406 | AKI12: 7.84645 | AKJ12: 7.92884 | AKK12: 7.99553 | AKL12: 8.09699 | AKM12: 8.22845 | AKN12: 8.34809 | AKO12: 8.48488 | AKP12: 8.59152 | AKQ12: 8.74178 | AKR12: 8.90877 | AKS12: 9.01739 | AKT12: 9.08031 | AKU12: 9.18669 | AKV12: 9.37321 | AKW12: 9.48964 | AKX12: 9.61742 | AKY12: 9.88618 | AKZ12: 10.08478 | ALA12: 10.42139 | ALB12: 10.68329 | ALC12: 10.9263 | ALD12: 11.21554 | ALE12: 11.56385 | ALF12: 11.92716 | ALG12: 12.3599 | ALH12: 12.89601 | ALI12: 13.70169 | ALJ12: 14.60148 | ALK12: 15.96777 | ALL12: 17.5695 | ALM12: 19.30845 | ALN12: 21.42848 | ALO12: 41.87639
