Workbook

Sheet Read me
A1: World Bank income classification, 1987 to 2050
A3: © Philip Schellekens | Moving Frontiers | movingfrontiers.substack.com
A5: YELLOW cells are projection. Unshaded cells are actual observed data.
A7: THE SIX ASSUMPTIONS
A8: Each one sits in a labelled cell on the Assumptions sheet and drives the projection through
A9: formulas. Change a cell and everything downstream re-computes.
A11: 1. Starting level. Each economy starts from its latest reported GNI per capita, Atlas method,
A12: used exactly as published. No value is adjusted to fit the band implied by its 2025 class.
A14: 2. Growth rate. The median of the ten annual growth rates over the decade to 2025, that is the
A15: changes 2015-16 through 2024-25. A median rather than a compound rate, so that a single
A16: devaluation year or one-off spike cannot set a twenty-five year path.
A18: 3. Threshold drift. One common rate of 1.244 percent a year for all three thresholds. The Bank
... A62: levels charts and play no part in the classification projection itself.

Sheet Coverage
A1: How many economies the projection covers, and where the others drop out
A2: An annual rate for year y needs a GNI per capita value in both y-1 and y. The decade to 2025 therefore holds ten rates, 2015-16 through 2024-25, which require eleven consecutive annual values from 2015 to 2025.
A4: Step | B4: Economies | C4: Set aside here | D4: 2050 population, millions | E4: Share of the 2050 total
A5: Listed on the OGHIST Country Analytical History worksheet | B5: 226
A6: Parsed into this workbook | B6: 224 | C6: 2
A7: Classified in at least one year, 1987 to 2025 | B7: 224 | C7: 0
A8: Classified in 2025, the base for the projection | B8: 218 | C8: 6 | D8: 9481.4 | E8: 1
A9: of which projected forward: 8 or more of the 10 annual rates | B9: 197 | D9: 9277.4 | E9: 0.97847889
A10: of which held at their 2025 class for want of data | B10: 21 | D10: 204.1 | E10: 0.021521109
A11: The last two rows are a split of the 218, not a further loss. The 21 frozen economies stay in every chart and in every population total; their class is simply held at its 2025 value instead of being projected.
A13: Left the classification before 2025 (6)
A14: Czechoslovakia (former) | B14: last classified 1991
A15: Mayotte | B15: last classified 2010
A16: Netherlands Antilles (former) | B16: last classified 2009
A17: Serbia and Montenegro (former) | B17: last classified 2005
A18: USSR (former) | B18: last classified 1990
A19: Yugoslavia (former) | B19: last classified 1991
A21: Held at their 2025 class (21), with 2050 population
A22: Yemen, Rep. | B22: L | C22: 3 | D22: 59
A23: Korea, Dem. Rep. | B23: L | C23: 0 | D23: 43.5
A24: Syrian Arab Republic | B24: L | C24: 7 | D24: 38.2
A25: Taiwan, China | B25: H | C25: 0 | D25: 23.9
A26: South Sudan | B26: L | C26: 0 | D26: 19.4
A27: Cuba | B27: UM | C27: 4 | D27: 11.1
A28: Eritrea | B28: L | C28: 0 | D28: 7.8
A29: New Caledonia | B29: H | C29: 5 | D29: 0.3
A30: Channel Islands | B30: H | C30: 0 | D30: 0.2
A31: Guam | B31: H | C31: 0 | D31: 0.2
A32: Virgin Islands (U.S.) | B32: H | C32: 0 | D32: 0.1
A33: Andorra | B33: H | C33: 6 | D33: 0.1
... A42: St. Martin (French part) | B42: H | C42: 0 | D42: 0
A44: The 21 frozen economies carry 204 million people in 2050, 2.2 percent of the classified total. Fifteen are high-income territories of negligible size; the six that matter are Yemen, Korea Dem. Rep., Syria, South Sudan, Cuba and Eritrea.

Sheet Assumptions
A1: Assumptions
A2: Every projected figure in this workbook derives from these cells.
A4: Threshold drift, common to all three thresholds | C4: 0.01244 | D4: median annual increase over the decade to 2025
A5: Growth floor (set equal to the drift, so no economy is downgraded) | C5: =C4 -> 0.01244
A7: Growth cap, 90th percentile of decade medians within each group
B8: Low income | C8: 0.055948
B9: Lower-middle | C9: 0.074681
B10: Upper-middle | C10: 0.090712
B11: High income | C11: 0.071689
A13: Minimum observations required to project (of 10 possible) | C13: 8
A15: Derivation of the drift: annual change in each official threshold
A16: Year | B16: LIC / LMIC | C16: LMIC / UMIC | D16: UMIC / HIC
A17: 2016 | B17: -0.019512195 | C17: -0.019826518 | D17: -0.019238477
A18: 2017 | B18: -0.0099502488 | C18: -0.01517067 | D18: -0.014711892
A19: 2018 | B19: 0.030150754 | C19: 0.025673941 | D19: 0.026545002
A20: 2019 | B20: 0.0097560976 | C20: 0.012515645 | D20: 0.012929293
A21: 2020 | B21: 0.0096618357 | C21: 0.012360939 | D21: 0.01276426
A22: 2021 | B22: 0.038277512 | C22: 0.039072039 | D22: 0.040173297
A23: 2022 | B23: 0.046082949 | C23: 0.049353702 | D23: 0.04846649
A24: 2023 | B24: 0.0088105727 | C24: 0.011198208 | D24: 0.011556519
A25: 2024 | B25: -0.0087336245 | C25: -0.0044296788 | D25: -0.0049982149
A26: 2025 | B26: 0.035242291 | C26: 0.031145717 | D26: 0.03157517
A27: median | B27: =MEDIAN(B17:B26) -> 0.0097089667 | C27: =MEDIAN(C17:C26) -> 0.012438292 | D27: =MEDIAN(D17:D26) -> 0.012846777
A28: median of the three | B28: =MEDIAN(B27:D27) -> 0.012438292 | D28: this is the 1.244% used above

Sheet Thresholds
A1: Income classification thresholds, GNI per capita (Atlas method, current US$)
A2: 1987 to 2025 are the official thresholds exactly as published. 2026 onward drift at the rate on the Assumptions sheet.
A4: Year | B4: Status | C4: LIC / LMIC | D4: LMIC / UMIC | E4: UMIC / HIC
A5: 1987 | B5: official | C5: 480 | D5: 1940 | E5: 6000
A6: 1988 | B6: official | C6: 545 | D6: 2200 | E6: 6000
A7: 1989 | B7: official | C7: 580 | D7: 2335 | E7: 6000
A8: 1990 | B8: official | C8: 610 | D8: 2465 | E8: 7620
A9: 1991 | B9: official | C9: 635 | D9: 2555 | E9: 7910
A10: 1992 | B10: official | C10: 675 | D10: 2695 | E10: 8355
A11: 1993 | B11: official | C11: 695 | D11: 2785 | E11: 8625
A12: 1994 | B12: official | C12: 725 | D12: 2895 | E12: 8955
A13: 1995 | B13: official | C13: 765 | D13: 3035 | E13: 9385
A14: 1996 | B14: official | C14: 785 | D14: 3115 | E14: 9645
A15: 1997 | B15: official | C15: 785 | D15: 3125 | E15: 9655
A16: 1998 | B16: official | C16: 760 | D16: 3030 | E16: 9360
... A43: 2025 | B43: official | C43: 1175 | D43: 4635 | E43: 14375
A44: 2026 | B44: projected | C44: =C43*(1+Assumptions!$C$4) -> 1189.617 | D44: =D43*(1+Assumptions!$C$4) -> 4692.6594 | E44: =E43*(1+Assumptions!$C$4) -> 14553.825
A45: 2027 | B45: projected | C45: =C44*(1+Assumptions!$C$4) -> 1204.4158 | D45: =D44*(1+Assumptions!$C$4) -> 4751.0361 | E45: =E44*(1+Assumptions!$C$4) -> 14734.875
A46: 2028 | B46: projected | C46: =C45*(1+Assumptions!$C$4) -> 1219.3988 | D46: =D45*(1+Assumptions!$C$4) -> 4810.139 | E46: =E45*(1+Assumptions!$C$4) -> 14918.176
A47: 2029 | B47: projected | C47: =C46*(1+Assumptions!$C$4) -> 1234.5681 | D47: =D46*(1+Assumptions!$C$4) -> 4869.9771 | E47: =E46*(1+Assumptions!$C$4) -> 15103.759
A48: 2030 | B48: projected | C48: =C47*(1+Assumptions!$C$4) -> 1249.9261 | D48: =D47*(1+Assumptions!$C$4) -> 4930.5596 | E48: =E47*(1+Assumptions!$C$4) -> 15291.649
A49: 2031 | B49: projected | C49: =C48*(1+Assumptions!$C$4) -> 1265.4752 | D49: =D48*(1+Assumptions!$C$4) -> 4991.8958 | E49: =E48*(1+Assumptions!$C$4) -> 15481.877
A50: 2032 | B50: projected | C50: =C49*(1+Assumptions!$C$4) -> 1281.2177 | D50: =D49*(1+Assumptions!$C$4) -> 5053.995 | E50: =E49*(1+Assumptions!$C$4) -> 15674.472
A51: 2033 | B51: projected | C51: =C50*(1+Assumptions!$C$4) -> 1297.1561 | D51: =D50*(1+Assumptions!$C$4) -> 5116.8667 | E51: =E50*(1+Assumptions!$C$4) -> 15869.462
A52: 2034 | B52: projected | C52: =C51*(1+Assumptions!$C$4) -> 1313.2927 | D52: =D51*(1+Assumptions!$C$4) -> 5180.5205 | E52: =E51*(1+Assumptions!$C$4) -> 16066.879
A53: 2035 | B53: projected | C53: =C52*(1+Assumptions!$C$4) -> 1329.63 | D53: =D52*(1+Assumptions!$C$4) -> 5244.9662 | E53: =E52*(1+Assumptions!$C$4) -> 16266.75
A54: 2036 | B54: projected | C54: =C53*(1+Assumptions!$C$4) -> 1346.1706 | D54: =D53*(1+Assumptions!$C$4) -> 5310.2135 | E54: =E53*(1+Assumptions!$C$4) -> 16469.109
A55: 2037 | B55: projected | C55: =C54*(1+Assumptions!$C$4) -> 1362.917 | D55: =D54*(1+Assumptions!$C$4) -> 5376.2726 | E55: =E54*(1+Assumptions!$C$4) -> 16673.985
... A68: 2050 | B68: projected | C68: =C67*(1+Assumptions!$C$4) -> 1600.5537 | D68: =D67*(1+Assumptions!$C$4) -> 6313.6735 | E68: =E67*(1+Assumptions!$C$4) -> 19581.242

Sheet GNI per capita
A1: GNI per capita, Atlas method, current US$ - actual 1987-2025, projected 2026-2050 (yellow)
A3: Economy | B3: Code | C3: 2025 class | D3: Growth rate | E3: Starting level | F3: Level year | G3: Status | H3: 1987 | I3: 1988 | J3: 1989 | K3: 1990 | L3: 1991 | M3: 1992 | N3: 1993 | O3: 1994 | P3: 1995 | Q3: 1996 | R3: 1997 | S3: 1998 | T3: 1999 | U3: 2000 | V3: 2001 | W3: 2002 | X3: 2003 | Y3: 2004 | Z3: 2005 | AA3: 2006 | AB3: 2007 | AC3: 2008 | AD3: 2009 | AE3: 2010 | AF3: 2011 | AG3: 2012 | AH3: 2013 | AI3: 2014 | AJ3: 2015 | AK3: 2016 | AL3: 2017 | AM3: 2018 | AN3: 2019 | AO3: 2020 | AP3: 2021 | AQ3: 2022 | AR3: 2023 | AS3: 2024 | AT3: 2025 | AU3: 2026 | AV3: 2027 | AW3: 2028 | AX3: 2029 | AY3: 2030 | AZ3: 2031 | BA3: 2032 | BB3: 2033 | BC3: 2034 | BD3: 2035 | BE3: 2036 | BF3: 2037 | BG3: 2038 | BH3: 2039 | BI3: 2040 | BJ3: 2041 | BK3: 2042 | BL3: 2043 | BM3: 2044 | BN3: 2045 | BO3: 2046 | BP3: 2047 | BQ3: 2048 | BR3: 2049 | BS3: 2050
A4: Afghanistan | B4: AFG | C4: L | D4: ='Growth calculation'!G5 -> 0.01244 | E4: 390 | F4: 2024 | G4: projected - raised from -2.6% to the 1.244% floor | W4: 180 | X4: 190 | Y4: 210 | Z4: 250 | AA4: 270 | AB4: 330 | AC4: 370 | AD4: 460 | AE4: 530 | AF4: 550 | AG4: 640 | AH4: 670 | AI4: 640 | AJ4: 590 | AK4: 560 | AL4: 530 | AM4: 520 | AN4: 520 | AO4: 490 | AP4: 380 | AQ4: 370 | AR4: 370 | AS4: 390 | AU4: =$E4*(1+$D4) -> 394.8516 | AV4: =AU4*(1+$D4) -> 399.76355 | AW4: =AV4*(1+$D4) -> 404.73661 | AX4: =AW4*(1+$D4) -> 409.77154 | AY4: =AX4*(1+$D4) -> 414.86909 | AZ4: =AY4*(1+$D4) -> 420.03007 | BA4: =AZ4*(1+$D4) -> 425.25524 | BB4: =BA4*(1+$D4) -> 430.54541 | BC4: =BB4*(1+$D4) -> 435.9014 | ... BS4: =BR4*(1+$D4) -> 531.24761
A5: Albania | B5: ALB | C5: UM | D5: ='Growth calculation'!G6 -> 0.090712 | E5: 12060 | F5: 2025 | G5: projected - cut from 12.2% to the UM p90 cap of 9.07% | H5: 730 | I5: 730 | J5: 760 | K5: 650 | L5: 410 | M5: 280 | N5: 320 | O5: 380 | P5: 670 | Q5: 940 | R5: 860 | S5: 870 | T5: 960 | U5: 1130 | V5: 1320 | W5: 1420 | X5: 1700 | Y5: 2170 | Z5: 2690 | AA5: 3130 | AB5: 3580 | AC5: 4160 | AD5: 4390 | AE5: 4430 | AF5: 4460 | AG5: 4430 | AH5: 4690 | AI5: 4750 | AJ5: 4660 | AK5: 4670 | AL5: 4700 | AM5: 5400 | AN5: 5900 | AO5: 5970 | AP5: 6940 | AQ5: 7720 | AR5: 8740 | AS5: 9910 | AT5: 12060 | AU5: =$E5*(1+$D5) -> 13153.987 | AV5: =AU5*(1+$D5) -> 14347.211 | AW5: =AV5*(1+$D5) -> 15648.675 | AX5: =AW5*(1+$D5) -> 17068.198 | AY5: =AX5*(1+$D5) -> 18616.488 | AZ5: =AY5*(1+$D5) -> 20305.227 | BA5: =AZ5*(1+$D5) -> 22147.155 | BB5: =BA5*(1+$D5) -> 24156.168 | BC5: =BB5*(1+$D5) -> 26347.422 | ... BS5: =BR5*(1+$D5) -> 105705.99
A6: Algeria | B6: DZA | C6: UM | D6: ='Growth calculation'!G7 -> 0.015808597 | E6: 5850 | F6: 2025 | G6: projected | H6: 2850 | I6: 2780 | J6: 2590 | K6: 2400 | L6: 2010 | M6: 1930 | N6: 1750 | O6: 1640 | P6: 1570 | Q6: 1530 | R6: 1510 | S6: 1550 | T6: 1540 | U6: 1600 | V6: 1720 | W6: 1840 | X6: 2090 | Y6: 2440 | Z6: 2910 | AA6: 3310 | AB6: 3780 | AC6: 4430 | AD6: 4570 | AE6: 4870 | AF6: 5050 | AG6: 5630 | AH6: 5970 | AI6: 6030 | AJ6: 5390 | AK6: 4920 | AL6: 4440 | AM6: 4450 | AN6: 4480 | AO6: 4020 | AP6: 4120 | AQ6: 4430 | AR6: 4950 | AS6: 5370 | AT6: 5850 | AU6: =$E6*(1+$D6) -> 5942.4803 | AV6: =AU6*(1+$D6) -> 6036.4226 | AW6: =AV6*(1+$D6) -> 6131.8499 | AX6: =AW6*(1+$D6) -> 6228.7859 | AY6: =AX6*(1+$D6) -> 6327.2543 | AZ6: =AY6*(1+$D6) -> 6427.2793 | BA6: =AZ6*(1+$D6) -> 6528.8856 | BB6: =BA6*(1+$D6) -> 6632.0981 | BC6: =BB6*(1+$D6) -> 6736.9422 | ... BS6: =BR6*(1+$D6) -> 8658.7056
A7: American Samoa | B7: ASM | C7: H | G7: frozen - only 0 of 10 annual rates
A8: Andorra | B8: AND | C8: H | G8: frozen - only 6 of 10 annual rates | AN8: 46450 | AO8: 42450 | AP8: 44720 | AQ8: 47600 | AR8: 47920 | AS8: 47740 | AT8: 53230
A9: Angola | B9: AGO | C9: LM | D9: ='Growth calculation'!G10 -> 0.01244 | E9: 2860 | F9: 2025 | G9: projected - raised from -0.8% to the 1.244% floor | H9: 680 | I9: 660 | J9: 870 | K9: 790 | L9: 920 | M9: 340 | N9: 290 | O9: 190 | P9: 370 | Q9: 370 | R9: 450 | S9: 420 | T9: 340 | U9: 360 | V9: 400 | W9: 620 | X9: 780 | Y9: 1190 | Z9: 1590 | AA9: 2090 | AB9: 2800 | AC9: 3450 | AD9: 3680 | AE9: 3780 | AF9: 3960 | AG9: 4750 | AH9: 5330 | AI9: 5430 | AJ9: 4450 | AK9: 2960 | AL9: 2440 | AM9: 2300 | AN9: 2460 | AO9: 2000 | AP9: 1960 | AQ9: 2290 | AR9: 2650 | AS9: 2850 | AT9: 2860 | AU9: =$E9*(1+$D9) -> 2895.5784 | AV9: =AU9*(1+$D9) -> 2931.5994 | AW9: =AV9*(1+$D9) -> 2968.0685 | AX9: =AW9*(1+$D9) -> 3004.9913 | AY9: =AX9*(1+$D9) -> 3042.3734 | AZ9: =AY9*(1+$D9) -> 3080.2205 | BA9: =AZ9*(1+$D9) -> 3118.5384 | BB9: =BA9*(1+$D9) -> 3157.333 | BC9: =BB9*(1+$D9) -> 3196.6103 | ... BS9: =BR9*(1+$D9) -> 3895.8158
A10: Antigua and Barbuda | B10: ATG | C10: H | D10: ='Growth calculation'!G11 -> 0.065642147 | E10: 23790 | F10: 2025 | G10: projected | H10: 4840 | I10: 6050 | J10: 6550 | K10: 7040 | L10: 7550 | M10: 7850 | N10: 8410 | O10: 9000 | P10: 8730 | Q10: 9380 | R10: 9850 | S10: 10130 | T10: 10590 | U10: 11200 | V10: 10610 | W10: 10710 | X10: 11680 | Y10: 12850 | Z10: 14050 | AA10: 15740 | AB10: 17310 | AC10: 17750 | AD10: 15750 | AE10: 14390 | AF10: 14100 | AG10: 14530 | AH10: 14500 | AI10: 14830 | AJ10: 14550 | AK10: 15080 | AL10: 15860 | AM10: 17460 | AN10: 18250 | AO10: 15460 | AP10: 16690 | AQ10: 18730 | AR10: 20250 | AS10: 21200 | AT10: 23790 | AU10: =$E10*(1+$D10) -> 25351.627 | AV10: =AU10*(1+$D10) -> 27015.762 | AW10: =AV10*(1+$D10) -> 28789.134 | AX10: =AW10*(1+$D10) -> 30678.915 | AY10: =AX10*(1+$D10) -> 32692.745 | AZ10: =AY10*(1+$D10) -> 34838.767 | BA10: =AZ10*(1+$D10) -> 37125.658 | BB10: =BA10*(1+$D10) -> 39562.666 | BC10: =BB10*(1+$D10) -> 42159.645 | ... BS10: =BR10*(1+$D10) -> 116594.79
A11: Argentina | B11: ARG | C11: UM | D11: ='Growth calculation'!G12 -> 0.06235372 | E11: 14650 | F11: 2025 | G11: projected | H11: 3490 | I11: 3860 | J11: 2910 | K11: 3180 | L11: 3850 | M11: 6040 | N11: 7080 | O11: 7570 | P11: 7310 | Q11: 7680 | R11: 8080 | S11: 7960 | T11: 7510 | U11: 7400 | V11: 6930 | W11: 4010 | X11: 3620 | Y11: 3340 | Z11: 4230 | AA11: 5440 | AB11: 6460 | AC11: 7600 | AD11: 7720 | AE11: 9160 | AF11: 10590 | AG11: 11770 | AH11: 12760 | AI11: 12240 | AJ11: 12500 | AK11: 12130 | AL11: 13070 | AM11: 12390 | AN11: 11210 | AO11: 9040 | AP11: 10070 | AQ11: 11890 | AR11: 12920 | AS11: 13530 | AT11: 14650 | AU11: =$E11*(1+$D11) -> 15563.482 | AV11: =AU11*(1+$D11) -> 16533.923 | AW11: =AV11*(1+$D11) -> 17564.875 | AX11: =AW11*(1+$D11) -> 18660.11 | AY11: =AX11*(1+$D11) -> 19823.637 | AZ11: =AY11*(1+$D11) -> 21059.715 | BA11: =AZ11*(1+$D11) -> 22372.866 | BB11: =BA11*(1+$D11) -> 23767.898 | BC11: =BB11*(1+$D11) -> 25249.914 | ... BS11: =BR11*(1+$D11) -> 66460.897
A12: Armenia | B12: ARM | C12: UM | D12: ='Growth calculation'!G13 -> 0.090712 | E12: 9020 | F12: 2025 | G12: projected - cut from 9.2% to the UM p90 cap of 9.07% | M12: 300 | N12: 350 | O12: 390 | P12: 460 | Q12: 500 | R12: 540 | S12: 570 | T12: 600 | U12: 630 | V12: 680 | W12: 760 | X12: 910 | Y12: 1120 | Z12: 1460 | AA12: 1910 | AB12: 2600 | AC12: 3390 | AD12: 3140 | AE12: 3280 | AF12: 3360 | AG12: 3700 | AH12: 3940 | AI12: 4000 | AJ12: 3910 | AK12: 3690 | AL12: 3900 | AM12: 4220 | AN12: 4650 | AO12: 4230 | AP12: 4580 | AQ12: 5690 | AR12: 6850 | AS12: 7810 | AT12: 9020 | AU12: =$E12*(1+$D12) -> 9838.2222 | AV12: =AU12*(1+$D12) -> 10730.667 | AW12: =AV12*(1+$D12) -> 11704.067 | AX12: =AW12*(1+$D12) -> 12765.767 | AY12: =AX12*(1+$D12) -> 13923.775 | AZ12: =AY12*(1+$D12) -> 15186.828 | BA12: =AZ12*(1+$D12) -> 16564.456 | BB12: =BA12*(1+$D12) -> 18067.051 | BC12: =BB12*(1+$D12) -> 19705.949 | ... BS12: =BR12*(1+$D12) -> 79060.366
A13: Aruba | B13: ABW | C13: H | D13: ='Growth calculation'!G14 -> 0.050729443 | E13: 35200 | F13: 2024 | G13: projected | I13: 10670 | J13: 11870 | K13: 12120 | L13: 12940 | M13: 13840 | N13: 14380 | O13: 15460 | P13: 16340 | Q13: 16410 | R13: 17050 | S13: 17390 | T13: 17750 | U13: 20060 | V13: 20340 | W13: 19220 | X13: 21020 | Y13: 23610 | Z13: 19720 | AA13: 23920 | AB13: 22600 | AC13: 26780 | AD13: 24340 | AE13: 23050 | AF13: 23100 | AG13: 23970 | AH13: 24830 | AI13: 25260 | AJ13: 25430 | AK13: 25560 | AL13: 26460 | AM13: 27970 | AN13: 29320 | AO13: 22750 | AP13: 26550 | AQ13: 30160 | AR13: 31690 | AS13: 35200 | AU13: =$E13*(1+$D13) -> 36985.676 | AV13: =AU13*(1+$D13) -> 38861.939 | AW13: =AV13*(1+$D13) -> 40833.384 | AX13: =AW13*(1+$D13) -> 42904.838 | AY13: =AX13*(1+$D13) -> 45081.377 | AZ13: =AY13*(1+$D13) -> 47368.33 | BA13: =AZ13*(1+$D13) -> 49771.299 | BB13: =BA13*(1+$D13) -> 52296.169 | BC13: =BB13*(1+$D13) -> 54949.125 | ... BS13: =BR13*(1+$D13) -> 121287.27
A14: Australia | B14: AUS | C14: H | D14: ='Growth calculation'!G15 -> 0.026767382 | E14: 64120 | F14: 2025 | G14: projected | H14: 12580 | I14: 14160 | J14: 15620 | K14: 17370 | L14: 18260 | M14: 18600 | N14: 18980 | O14: 18950 | P14: 19400 | Q14: 20620 | R14: 22090 | S14: 21960 | T14: 21650 | U14: 21340 | V14: 20370 | W14: 20240 | X14: 21420 | Y14: 25890 | Z14: 30790 | AA14: 34670 | AB14: 37470 | AC14: 42510 | AD14: 44230 | AE14: 46900 | AF14: 50570 | AG14: 60500 | AH14: 66360 | AI14: 65500 | AJ14: 60780 | AK14: 54330 | AL14: 51700 | AM14: 53280 | AN14: 55090 | AO14: 53770 | AP14: 57220 | AQ14: 60790 | AR14: 63320 | AS14: 62680 | AT14: 64120 | AU14: =$E14*(1+$D14) -> 65836.325 | AV14: =AU14*(1+$D14) -> 67598.591 | AW14: =AV14*(1+$D14) -> 69408.028 | AX14: =AW14*(1+$D14) -> 71265.899 | AY14: =AX14*(1+$D14) -> 73173.501 | AZ14: =AY14*(1+$D14) -> 75132.164 | BA14: =AZ14*(1+$D14) -> 77143.255 | BB14: =BA14*(1+$D14) -> 79208.178 | BC14: =BB14*(1+$D14) -> 81328.373 | ... BS14: =BR14*(1+$D14) -> 124106.66
A15: Austria | B15: AUT | C15: H | D15: ='Growth calculation'!G16 -> 0.018750628 | E15: 60360 | F15: 2025 | G15: projected | H15: 13760 | I15: 18000 | J15: 19220 | K15: 20550 | L15: 21720 | M15: 24430 | N15: 24770 | O15: 26040 | P15: 28080 | Q15: 29930 | R15: 29410 | S15: 27810 | T15: 26980 | U15: 26660 | V15: 25190 | W15: 24860 | X15: 27950 | Y15: 33610 | Z15: 38510 | AA15: 41170 | AB15: 44230 | AC15: 48890 | AD15: 48900 | AE15: 49460 | AF15: 50380 | AG15: 49760 | AH15: 50260 | AI15: 49960 | AJ15: 47190 | AK15: 45980 | AL15: 44800 | AM15: 48710 | AN15: 50900 | AO15: 49000 | AP15: 53440 | AQ15: 56310 | AR15: 55890 | AS15: 54760 | AT15: 60360 | AU15: =$E15*(1+$D15) -> 61491.788 | AV15: =AU15*(1+$D15) -> 62644.798 | AW15: =AV15*(1+$D15) -> 63819.427 | AX15: =AW15*(1+$D15) -> 65016.081 | AY15: =AX15*(1+$D15) -> 66235.174 | AZ15: =AY15*(1+$D15) -> 67477.125 | BA15: =AZ15*(1+$D15) -> 68742.363 | BB15: =BA15*(1+$D15) -> 70031.326 | BC15: =BB15*(1+$D15) -> 71344.457 | ... BS15: =BR15*(1+$D15) -> 96038.744
A16: Azerbaijan | B16: AZE | C16: UM | D16: ='Growth calculation'!G17 -> 0.049353469 | E16: 7360 | F16: 2025 | G16: projected | M16: 160 | N16: 110 | O16: 80 | P16: 180 | Q16: 240 | R16: 410 | S16: 510 | T16: 600 | U16: 630 | V16: 680 | W16: 740 | X16: 840 | Y16: 960 | Z16: 1290 | AA16: 1920 | AB16: 2740 | AC16: 3900 | AD16: 4820 | AE16: 5400 | AF16: 5490 | AG16: 6440 | AH16: 7450 | AI16: 7740 | AJ16: 6610 | AK16: 4790 | AL16: 4110 | AM16: 4080 | AN16: 4510 | AO16: 4480 | AP16: 4910 | AQ16: 5670 | AR16: 6680 | AS16: 7340 | AT16: 7360 | AU16: =$E16*(1+$D16) -> 7723.2415 | AV16: =AU16*(1+$D16) -> 8104.4103 | AW16: =AV16*(1+$D16) -> 8504.3911 | AX16: =AW16*(1+$D16) -> 8924.1123 | AY16: =AX16*(1+$D16) -> 9364.5482 | AZ16: =AY16*(1+$D16) -> 9826.7211 | BA16: =AZ16*(1+$D16) -> 10311.704 | BB16: =BA16*(1+$D16) -> 10820.622 | BC16: =BB16*(1+$D16) -> 11354.657 | ... BS16: =BR16*(1+$D16) -> 24542.731
A17: Bahamas, The | B17: BHS | C17: H | D17: ='Growth calculation'!G18 -> 0.041136431 | E17: 37020 | F17: 2024 | G17: projected | H17: 10030 | I17: 10880 | J17: 11540 | K17: 11020 | L17: 10530 | M17: 10750 | N17: 10530 | O17: 10790 | P17: 13250 | Q17: 14770 | R17: 13460 | S17: 16180 | T17: 22250 | U17: 23880 | V17: 24520 | W17: 25220 | X17: 25900 | Y17: 27470 | Z17: 28880 | AA17: 29230 | AB17: 29690 | AC17: 29660 | AD17: 27920 | AE17: 27320 | AF17: 26990 | AG17: 27910 | AH17: 26870 | AI17: 27220 | AJ17: 27620 | AK17: 27820 | AL17: 29570 | AM17: 30650 | AN17: 31630 | AO17: 25180 | AP17: 29910 | AQ17: 33790 | AR17: 35180 | AS17: 37020 | AU17: =$E17*(1+$D17) -> 38542.871 | AV17: =AU17*(1+$D17) -> 40128.387 | AW17: =AV17*(1+$D17) -> 41779.125 | AX17: =AW17*(1+$D17) -> 43497.77 | AY17: =AX17*(1+$D17) -> 45287.113 | AZ17: =AY17*(1+$D17) -> 47150.063 | BA17: =AZ17*(1+$D17) -> 49089.648 | BB17: =BA17*(1+$D17) -> 51109.021 | BC17: =BB17*(1+$D17) -> 53211.464 | ... BS17: =BR17*(1+$D17) -> 101420.91
A18: Bahrain | B18: BHR | C18: H | D18: ='Growth calculation'!G19 -> 0.01383147 | E18: 28790 | F18: 2025 | G18: projected | H18: 8630 | I18: 8730 | J18: 8530 | K18: 9880 | L18: 11240 | M18: 11380 | N18: 11590 | O18: 11180 | P18: 11920 | Q18: 12380 | R18: 11890 | S18: 11650 | T18: 11570 | U18: 12500 | V18: 12730 | W18: 12480 | X18: 13180 | Y18: 14680 | Z18: 16550 | AA18: 17850 | AB18: 19600 | AC18: 21070 | AD18: 18940 | AE18: 19510 | AF18: 20040 | AG18: 24670 | AH18: 25970 | AI18: 25480 | AJ18: 23640 | AK18: 22720 | AL18: 22360 | AM18: 24200 | AN18: 25800 | AO18: 23870 | AP18: 25240 | AQ18: 28300 | AR18: 28460 | AS18: 28170 | AT18: 28790 | AU18: =$E18*(1+$D18) -> 29188.208 | AV18: =AU18*(1+$D18) -> 29591.924 | AW18: =AV18*(1+$D18) -> 30001.224 | AX18: =AW18*(1+$D18) -> 30416.185 | AY18: =AX18*(1+$D18) -> 30836.885 | AZ18: =AY18*(1+$D18) -> 31263.405 | BA18: =AZ18*(1+$D18) -> 31695.824 | BB18: =BA18*(1+$D18) -> 32134.223 | BC18: =BB18*(1+$D18) -> 32578.687 | ... BS18: =BR18*(1+$D18) -> 40586.898
A19: Bangladesh | B19: BGD | C19: LM | D19: ='Growth calculation'!G20 -> 0.074681 | E19: 2840 | F19: 2025 | G19: projected - cut from 9.8% to the LM p90 cap of 7.47% | H19: 250 | I19: 270 | J19: 280 | K19: 290 | L19: 300 | M19: 300 | N19: 300 | O19: 300 | P19: 320 | Q19: 350 | R19: 370 | S19: 390 | T19: 400 | U19: 410 | V19: 420 | W19: 420 | X19: 440 | Y19: 490 | Z19: 530 | AA19: 550 | AB19: 580 | AC19: 640 | AD19: 700 | AE19: 780 | AF19: 870 | AG19: 950 | AH19: 1010 | AI19: 1080 | AJ19: 1200 | AK19: 1400 | AL19: 1640 | AM19: 2020 | AN19: 2220 | AO19: 2320 | AP19: 2600 | AQ19: 2850 | AR19: 2880 | AS19: 2820 | AT19: 2840 | AU19: =$E19*(1+$D19) -> 3052.094 | AV19: =AU19*(1+$D19) -> 3280.0275 | AW19: =AV19*(1+$D19) -> 3524.9832 | AX19: =AW19*(1+$D19) -> 3788.2325 | AY19: =AX19*(1+$D19) -> 4071.1415 | AZ19: =AY19*(1+$D19) -> 4375.1784 | BA19: =AZ19*(1+$D19) -> 4701.9211 | BB19: =BA19*(1+$D19) -> 5053.0652 | BC19: =BB19*(1+$D19) -> 5430.4332 | ... BS19: =BR19*(1+$D19) -> 17191.256
A20: Barbados | B20: BRB | C20: H | D20: ='Growth calculation'!G21 -> 0.026986562 | E20: 27080 | F20: 2025 | G20: projected | H20: 6710 | I20: 7460 | J20: 7920 | K20: 7670 | L20: 7640 | M20: 7540 | N20: 7770 | O20: 8110 | P20: 8470 | Q20: 8850 | R20: 9250 | S20: 9670 | T20: 10110 | U20: 11170 | V20: 11030 | W20: 11030 | X20: 11660 | Y20: 12660 | Z20: 13610 | AA20: 14630 | AB20: 15950 | AC20: 16600 | AD20: 16150 | AE20: 16220 | AF20: 17150 | AG20: 19080 | AH20: 19410 | AI20: 19620 | AJ20: 19280 | AK20: 19300 | AL20: 19570 | AM20: 20240 | AN20: 20800 | AO20: 18290 | AP20: 20700 | AQ20: 24760 | AR20: 24710 | AS20: 25360 | AT20: 27080 | AU20: =$E20*(1+$D20) -> 27810.796 | AV20: =AU20*(1+$D20) -> 28561.314 | AW20: =AV20*(1+$D20) -> 29332.086 | AX20: =AW20*(1+$D20) -> 30123.658 | AY20: =AX20*(1+$D20) -> 30936.592 | AZ20: =AY20*(1+$D20) -> 31771.464 | BA20: =AZ20*(1+$D20) -> 32628.866 | BB20: =BA20*(1+$D20) -> 33509.407 | BC20: =BB20*(1+$D20) -> 34413.711 | ... BS20: =BR20*(1+$D20) -> 52694.791
A21: Belarus | B21: BLR | C21: UM | D21: ='Growth calculation'!G22 -> 0.072291796 | E21: 9160 | F21: 2025 | G21: projected | M21: 1680 | N21: 1610 | O21: 1450 | P21: 1360 | Q21: 1440 | R21: 1520 | S21: 1540 | T21: 1410 | U21: 1380 | V21: 1300 | W21: 1380 | X21: 1630 | Y21: 2170 | Z21: 2820 | AA21: 3510 | AB21: 4310 | AC21: 5470 | AD21: 5660 | AE21: 6150 | AF21: 6350 | AG21: 6630 | AH21: 7030 | AI21: 7620 | AJ21: 6740 | AK21: 5640 | AL21: 5320 | AM21: 5730 | AN21: 6370 | AO21: 6410 | AP21: 7040 | AQ21: 7210 | AR21: 7850 | AS21: 8380 | AT21: 9160 | AU21: =$E21*(1+$D21) -> 9822.1929 | AV21: =AU21*(1+$D21) -> 10532.257 | AW21: =AV21*(1+$D21) -> 11293.653 | AX21: =AW21*(1+$D21) -> 12110.091 | AY21: =AX21*(1+$D21) -> 12985.551 | AZ21: =AY21*(1+$D21) -> 13924.3 | BA21: =AZ21*(1+$D21) -> 14930.913 | BB21: =BA21*(1+$D21) -> 16010.295 | BC21: =BB21*(1+$D21) -> 17167.708 | ... BS21: =BR21*(1+$D21) -> 52446.928
A22: Belgium | B22: BEL | C22: H | D22: ='Growth calculation'!G23 -> 0.033678865 | E22: 59500 | F22: 2025 | G22: projected | H22: 13090 | I22: 17010 | J22: 18030 | K22: 19310 | L22: 20580 | M22: 23170 | N22: 23410 | O22: 25090 | P22: 27070 | Q22: 28550 | R22: 28450 | S22: 26530 | T22: 25980 | U22: 25890 | V22: 24460 | W22: 24060 | X22: 27100 | Y22: 32910 | Z22: 37780 | AA22: 39940 | AB22: 42740 | AC22: 46570 | AD22: 47120 | AE22: 47110 | AF22: 46720 | AG22: 47170 | AH22: 47950 | AI22: 48050 | AJ22: 45520 | AK22: 43240 | AL22: 42310 | AM22: 45980 | AN22: 48070 | AO22: 46330 | AP22: 51140 | AQ22: 54330 | AR22: 55520 | AS22: 55290 | AT22: 59500 | AU22: =$E22*(1+$D22) -> 61503.892 | AV22: =AU22*(1+$D22) -> 63575.274 | AW22: =AV22*(1+$D22) -> 65716.417 | AX22: =AW22*(1+$D22) -> 67929.671 | AY22: =AX22*(1+$D22) -> 70217.465 | AZ22: =AY22*(1+$D22) -> 72582.31 | BA22: =AZ22*(1+$D22) -> 75026.8 | BB22: =BA22*(1+$D22) -> 77553.617 | BC22: =BB22*(1+$D22) -> 80165.535 | ... BS22: =BR22*(1+$D22) -> 136193.97
A23: Belize | B23: BLZ | C23: UM | D23: ='Growth calculation'!G24 -> 0.032319336 | E23: 7530 | F23: 2025 | G23: projected | H23: 2200 | I23: 2550 | J23: 2830 | K23: 3080 | L23: 3320 | M23: 3690 | N23: 3830 | O23: 3800 | P23: 3890 | Q23: 3910 | R23: 3950 | S23: 3860 | T23: 4060 | U23: 4470 | V23: 4470 | W23: 4550 | X23: 4820 | Y23: 5000 | Z23: 5050 | AA23: 5160 | AB23: 5210 | AC23: 5170 | AD23: 5280 | AE23: 5060 | AF23: 5160 | AG23: 5330 | AH23: 5580 | AI23: 5670 | AJ23: 5790 | AK23: 5640 | AL23: 5490 | AM23: 5610 | AN23: 5850 | AO23: 5170 | AP23: 6120 | AQ23: 6710 | AR23: 6850 | AS23: 7150 | AT23: 7530 | AU23: =$E23*(1+$D23) -> 7773.3646 | AV23: =AU23*(1+$D23) -> 8024.5946 | AW23: =AV23*(1+$D23) -> 8283.9442 | AX23: =AW23*(1+$D23) -> 8551.6757 | AY23: =AX23*(1+$D23) -> 8828.0602 | AZ23: =AY23*(1+$D23) -> 9113.3773 | BA23: =AZ23*(1+$D23) -> 9407.9156 | BB23: =BA23*(1+$D23) -> 9711.9731 | BC23: =BB23*(1+$D23) -> 10025.858 | ... BS23: =BR23*(1+$D23) -> 16678.098
A24: Benin | B24: BEN | C24: LM | D24: ='Growth calculation'!G25 -> 0.036709918 | E24: 1600 | F24: 2025 | G24: projected | H24: 290 | I24: 340 | J24: 320 | K24: 350 | L24: 360 | M24: 350 | N24: 360 | O24: 310 | P24: 340 | Q24: 330 | R24: 360 | S24: 350 | T24: 390 | U24: 450 | V24: 510 | W24: 510 | X24: 570 | Y24: 690 | Z24: 780 | AA24: 810 | AB24: 870 | AC24: 970 | AD24: 1020 | AE24: 1020 | AF24: 1030 | AG24: 1050 | AH24: 1140 | AI24: 1180 | AJ24: 1100 | AK24: 1040 | AL24: 1020 | AM24: 1120 | AN24: 1170 | AO24: 1190 | AP24: 1280 | AQ24: 1360 | AR24: 1390 | AS24: 1430 | AT24: 1600 | AU24: =$E24*(1+$D24) -> 1658.7359 | AV24: =AU24*(1+$D24) -> 1719.6279 | AW24: =AV24*(1+$D24) -> 1782.7553 | AX24: =AW24*(1+$D24) -> 1848.2001 | AY24: =AX24*(1+$D24) -> 1916.0474 | AZ24: =AY24*(1+$D24) -> 1986.3853 | BA24: =AZ24*(1+$D24) -> 2059.3054 | BB24: =BA24*(1+$D24) -> 2134.9023 | BC24: =BB24*(1+$D24) -> 2213.2744 | ... BS24: =BR24*(1+$D24) -> 3940.4998
A25: Bermuda | B25: BMU | C25: H | D25: ='Growth calculation'!G26 -> 0.032610612 | E25: 139370 | F25: 2024 | G25: projected | AE25: 105750 | AF25: 102930 | AG25: 101910 | AH25: 104040 | AI25: 102450 | AJ25: 103940 | AK25: 105430 | AL25: 113460 | AM25: 117160 | AN25: 116920 | AO25: 110850 | AP25: 120460 | AQ25: 131560 | AR25: 133460 | AS25: 139370 | AU25: =$E25*(1+$D25) -> 143914.94 | AV25: =AU25*(1+$D25) -> 148608.1 | AW25: =AV25*(1+$D25) -> 153454.3 | AX25: =AW25*(1+$D25) -> 158458.53 | AY25: =AX25*(1+$D25) -> 163625.96 | AZ25: =AY25*(1+$D25) -> 168961.91 | BA25: =AZ25*(1+$D25) -> 174471.86 | BB25: =BA25*(1+$D25) -> 180161.49 | BC25: =BB25*(1+$D25) -> 186036.67 | ... BS25: =BR25*(1+$D25) -> 310873.64
A26: Bhutan | B26: BTN | C26: LM | D26: ='Growth calculation'!G27 -> 0.05764204 | E26: 4310 | F26: 2025 | G26: projected | H26: 430 | I26: 480 | J26: 500 | K26: 500 | L26: 430 | M26: 420 | N26: 400 | O26: 430 | P26: 450 | Q26: 500 | R26: 550 | S26: 520 | T26: 550 | U26: 710 | V26: 780 | W26: 860 | X26: 960 | Y26: 1090 | Z26: 1260 | AA26: 1390 | AB26: 1700 | AC26: 1850 | AD26: 1980 | AE26: 2180 | AF26: 2430 | AG26: 2620 | AH26: 2630 | AI26: 2670 | AJ26: 2740 | AK26: 2880 | AL26: 2960 | AM26: 3150 | AN26: 3370 | AO26: 3040 | AP26: 3300 | AQ26: 3600 | AR26: 3730 | AS26: 3910 | AT26: 4310 | AU26: =$E26*(1+$D26) -> 4558.4372 | AV26: =AU26*(1+$D26) -> 4821.1948 | AW26: =AV26*(1+$D26) -> 5099.0983 | AX26: =AW26*(1+$D26) -> 5393.0207 | AY26: =AX26*(1+$D26) -> 5703.8855 | AZ26: =AY26*(1+$D26) -> 6032.6691 | BA26: =AZ26*(1+$D26) -> 6380.4044 | BB26: =BA26*(1+$D26) -> 6748.1839 | BC26: =BB26*(1+$D26) -> 7137.163 | ... BS26: =BR26*(1+$D26) -> 17496.247
A27: Bolivia | B27: BOL | C27: LM | D27: ='Growth calculation'!G28 -> 0.056312657 | E27: 4420 | F27: 2025 | G27: projected | H27: 690 | I27: 690 | J27: 690 | K27: 690 | L27: 710 | M27: 740 | N27: 760 | O27: 790 | P27: 820 | Q27: 870 | R27: 930 | S27: 960 | T27: 950 | U27: 960 | V27: 930 | W27: 900 | X27: 890 | Y27: 940 | Z27: 1000 | AA27: 1090 | AB27: 1210 | AC27: 1460 | AD27: 1600 | AE27: 1760 | AF27: 1970 | AG27: 2220 | AH27: 2550 | AI27: 2800 | AJ27: 2920 | AK27: 3000 | AL27: 3250 | AM27: 3730 | AN27: 4170 | AO27: 3620 | AP27: 3990 | AQ27: 4190 | AR27: 4230 | AS27: 4160 | AT27: 4420 | AU27: =$E27*(1+$D27) -> 4668.9019 | AV27: =AU27*(1+$D27) -> 4931.8202 | AW27: =AV27*(1+$D27) -> 5209.5441 | AX27: =AW27*(1+$D27) -> 5502.9074 | AY27: =AX27*(1+$D27) -> 5812.7907 | AZ27: =AY27*(1+$D27) -> 6140.1244 | BA27: =AZ27*(1+$D27) -> 6485.8911 | BB27: =BA27*(1+$D27) -> 6851.1289 | BC27: =BB27*(1+$D27) -> 7236.9341 | ... BS27: =BR27*(1+$D27) -> 17387.388
A28: Bosnia and Herzegovina | B28: BIH | C28: UM | D28: ='Growth calculation'!G29 -> 0.077174771 | E28: 9940 | F28: 2025 | G28: projected | M28: 1140 | N28: 980 | O28: 580 | P28: 510 | Q28: 640 | R28: 900 | S28: 1230 | T28: 1270 | U28: 1340 | V28: 1430 | W28: 1590 | X28: 1860 | Y28: 2360 | Z28: 2810 | AA28: 3160 | AB28: 3680 | AC28: 4500 | AD28: 4790 | AE28: 4820 | AF28: 4900 | AG28: 4900 | AH28: 5170 | AI28: 5180 | AJ28: 5140 | AK28: 5070 | AL28: 5070 | AM28: 5720 | AN28: 6180 | AO28: 6160 | AP28: 6970 | AQ28: 7710 | AR28: 8280 | AS28: 8810 | AT28: 9940 | AU28: =$E28*(1+$D28) -> 10707.117 | AV28: =AU28*(1+$D28) -> 11533.437 | AW28: =AV28*(1+$D28) -> 12423.527 | AX28: =AW28*(1+$D28) -> 13382.31 | AY28: =AX28*(1+$D28) -> 14415.086 | AZ28: =AY28*(1+$D28) -> 15527.567 | BA28: =AZ28*(1+$D28) -> 16725.904 | BB28: =BA28*(1+$D28) -> 18016.722 | BC28: =BB28*(1+$D28) -> 19407.158 | ... BS28: =BR28*(1+$D28) -> 63758.884
A29: Botswana | B29: BWA | C29: UM | D29: ='Growth calculation'!G30 -> 0.029177313 | E29: 7390 | F29: 2025 | G29: projected | H29: 1290 | I29: 1930 | J29: 2270 | K29: 2680 | L29: 3030 | M29: 3230 | N29: 3280 | O29: 2900 | P29: 3200 | Q29: 3120 | R29: 3260 | S29: 3150 | T29: 3090 | U29: 3110 | V29: 3190 | W29: 2860 | X29: 3300 | Y29: 3830 | Z29: 4830 | AA29: 5400 | AB29: 5620 | AC29: 5470 | AD29: 4890 | AE29: 5370 | AF29: 6500 | AG29: 6680 | AH29: 6950 | AI29: 6990 | AJ29: 6140 | AK29: 6060 | AL29: 6210 | AM29: 6680 | AN29: 7100 | AO29: 6600 | AP29: 7440 | AQ29: 7690 | AR29: 8150 | AS29: 7610 | AT29: 7390 | AU29: =$E29*(1+$D29) -> 7605.6203 | AV29: =AU29*(1+$D29) -> 7827.5319 | AW29: =AV29*(1+$D29) -> 8055.9183 | AX29: =AW29*(1+$D29) -> 8290.9683 | AY29: =AX29*(1+$D29) -> 8532.8765 | AZ29: =AY29*(1+$D29) -> 8781.8429 | BA29: =AZ29*(1+$D29) -> 9038.0735 | BB29: =BA29*(1+$D29) -> 9301.7802 | BC29: =BB29*(1+$D29) -> 9573.1811 | ... BS29: =BR29*(1+$D29) -> 15166.995
A30: Brazil | B30: BRA | C30: UM | D30: ='Growth calculation'!G31 -> 0.028401527 | E30: 10550 | F30: 2025 | G30: projected | H30: 2030 | I30: 2300 | J30: 2630 | K30: 2470 | L30: 2510 | M30: 2330 | N30: 2310 | O30: 2620 | P30: 3440 | Q30: 4420 | R30: 5110 | S30: 4980 | T30: 4230 | U30: 3950 | V30: 3370 | W30: 3120 | X30: 3010 | Y30: 3370 | Z30: 4030 | AA30: 4890 | AB30: 6240 | AC30: 7680 | AD30: 8400 | AE30: 9750 | AF30: 11210 | AG30: 12460 | AH30: 12950 | AI30: 12280 | AJ30: 10330 | AK30: 9050 | AL30: 8830 | AM30: 9320 | AN30: 9410 | AO30: 8080 | AP30: 8060 | AQ30: 8440 | AR30: 9310 | AS30: 9930 | AT30: 10550 | AU30: =$E30*(1+$D30) -> 10849.636 | AV30: =AU30*(1+$D30) -> 11157.782 | AW30: =AV30*(1+$D30) -> 11474.68 | AX30: =AW30*(1+$D30) -> 11800.579 | AY30: =AX30*(1+$D30) -> 12135.733 | AZ30: =AY30*(1+$D30) -> 12480.407 | BA30: =AZ30*(1+$D30) -> 12834.869 | BB30: =BA30*(1+$D30) -> 13199.399 | BC30: =BB30*(1+$D30) -> 13574.282 | ... BS30: =BR30*(1+$D30) -> 21248.109
A31: British Virgin Islands | B31: VGB | C31: H | G31: frozen - only 0 of 10 annual rates
A32: Brunei Darussalam | B32: BRN | C32: H | D32: ='Growth calculation'!G33 -> 0.01244 | E32: 34790 | F32: 2025 | G32: projected - raised from -1.9% to the 1.244% floor | J32: 20550 | K32: 21430 | L32: 23400 | M32: 23920 | N32: 23250 | O32: 23220 | P32: 24460 | Q32: 25200 | R32: 26590 | S32: 21000 | T32: 19960 | U32: 19390 | V32: 19270 | W32: 18960 | X32: 19840 | Y32: 22190 | Z32: 25670 | AA32: 30720 | AB32: 33470 | AC32: 36700 | AD32: 35470 | AE32: 35370 | AF32: 36520 | AG32: 41690 | AH32: 44580 | AI32: 42370 | AJ32: 38180 | AK32: 32570 | AL32: 29230 | AM32: 28790 | AN32: 31550 | AO32: 30810 | AP32: 29890 | AQ32: 30970 | AR32: 34390 | AS32: 36020 | AT32: 34790 | AU32: =$E32*(1+$D32) -> 35222.788 | AV32: =AU32*(1+$D32) -> 35660.959 | AW32: =AV32*(1+$D32) -> 36104.581 | AX32: =AW32*(1+$D32) -> 36553.722 | AY32: =AX32*(1+$D32) -> 37008.451 | AZ32: =AY32*(1+$D32) -> 37468.836 | BA32: =AZ32*(1+$D32) -> 37934.948 | BB32: =BA32*(1+$D32) -> 38406.859 | BC32: =BB32*(1+$D32) -> 38884.64 | ... BS32: =BR32*(1+$D32) -> 47390.011
A33: Bulgaria | B33: BGR | C33: H | D33: ='Growth calculation'!G34 -> 0.071689 | E33: 17780 | F33: 2025 | G33: projected - cut from 10.2% to the H p90 cap of 7.17% | H33: 2750 | I33: 3140 | J33: 2850 | K33: 2260 | L33: 1340 | M33: 1150 | N33: 1030 | O33: 1170 | P33: 1520 | Q33: 1590 | R33: 1460 | S33: 1440 | T33: 1480 | U33: 1660 | V33: 1770 | W33: 1970 | X33: 2370 | Y33: 3060 | Z33: 3800 | AA33: 4300 | AB33: 4820 | AC33: 6080 | AD33: 6680 | AE33: 6960 | AF33: 7210 | AG33: 7400 | AH33: 7580 | AI33: 7780 | AJ33: 7530 | AK33: 7490 | AL33: 7730 | AM33: 8860 | AN33: 9920 | AO33: 10090 | AP33: 11720 | AQ33: 13100 | AR33: 14240 | AS33: 15370 | AT33: 17780 | AU33: =$E33*(1+$D33) -> 19054.63 | AV33: =AU33*(1+$D33) -> 20420.638 | AW33: =AV33*(1+$D33) -> 21884.573 | AX33: =AW33*(1+$D33) -> 23453.456 | AY33: =AX33*(1+$D33) -> 25134.811 | AZ33: =AY33*(1+$D33) -> 26936.7 | BA33: =AZ33*(1+$D33) -> 28867.765 | BB33: =BA33*(1+$D33) -> 30937.267 | BC33: =BB33*(1+$D33) -> 33155.128 | ... BS33: =BR33*(1+$D33) -> 100380.9
A34: Burkina Faso | B34: BFA | C34: L | D34: ='Growth calculation'!G35 -> 0.025893752 | E34: 980 | F34: 2025 | G34: projected | H34: 260 | I34: 310 | J34: 320 | K34: 320 | L34: 340 | M34: 360 | N34: 350 | O34: 270 | P34: 250 | Q34: 240 | R34: 250 | S34: 240 | T34: 260 | U34: 260 | V34: 270 | W34: 260 | X34: 310 | Y34: 370 | Z34: 440 | AA34: 470 | AB34: 490 | AC34: 550 | AD34: 590 | AE34: 630 | AF34: 660 | AG34: 710 | AH34: 750 | AI34: 730 | AJ34: 680 | AK34: 650 | AL34: 650 | AM34: 730 | AN34: 750 | AO34: 780 | AP34: 820 | AQ34: 840 | AR34: 840 | AS34: 850 | AT34: 980 | AU34: =$E34*(1+$D34) -> 1005.3759 | AV34: =AU34*(1+$D34) -> 1031.4088 | AW34: =AV34*(1+$D34) -> 1058.1159 | AX34: =AW34*(1+$D34) -> 1085.5145 | AY34: =AX34*(1+$D34) -> 1113.6225 | AZ34: =AY34*(1+$D34) -> 1142.4584 | BA34: =AZ34*(1+$D34) -> 1172.0409 | BB34: =BA34*(1+$D34) -> 1202.3894 | BC34: =BB34*(1+$D34) -> 1233.5238 | ... BS34: =BR34*(1+$D34) -> 1856.8879
A35: Burundi | B35: BDI | C35: L | D35: ='Growth calculation'!G36 -> 0.01244 | E35: 240 | F35: 2025 | G35: projected - raised from 0.0% to the 1.244% floor | H35: 250 | I35: 240 | J35: 220 | K35: 210 | L35: 210 | M35: 200 | N35: 180 | O35: 170 | P35: 150 | Q35: 140 | R35: 150 | S35: 150 | T35: 140 | U35: 130 | V35: 130 | W35: 130 | X35: 120 | Y35: 120 | Z35: 130 | AA35: 150 | AB35: 160 | AC35: 180 | AD35: 190 | AE35: 200 | AF35: 220 | AG35: 230 | AH35: 240 | AI35: 240 | AJ35: 240 | AK35: 240 | AL35: 240 | AM35: 250 | AN35: 250 | AO35: 240 | AP35: 250 | AQ35: 280 | AR35: 280 | AS35: 250 | AT35: 240 | AU35: =$E35*(1+$D35) -> 242.9856 | AV35: =AU35*(1+$D35) -> 246.00834 | AW35: =AV35*(1+$D35) -> 249.06868 | AX35: =AW35*(1+$D35) -> 252.1671 | AY35: =AX35*(1+$D35) -> 255.30406 | AZ35: =AY35*(1+$D35) -> 258.48004 | BA35: =AZ35*(1+$D35) -> 261.69553 | BB35: =BA35*(1+$D35) -> 264.95102 | BC35: =BB35*(1+$D35) -> 268.24702 | ... BS35: =BR35*(1+$D35) -> 326.9216
A36: Cabo Verde | B36: CPV | C36: UM | D36: ='Growth calculation'!G37 -> 0.068126749 | E36: 5590 | F36: 2025 | G36: projected | H36: 580 | I36: 750 | J36: 810 | K36: 810 | L36: 820 | M36: 940 | N36: 1080 | O36: 1190 | P36: 1300 | Q36: 1250 | R36: 1260 | S36: 1240 | T36: 1290 | U36: 1330 | V36: 1270 | W36: 1230 | X36: 1440 | Y36: 1810 | Z36: 2070 | AA36: 2200 | AB36: 2770 | AC36: 3360 | AD36: 3650 | AE36: 3600 | AF36: 3760 | AG36: 3730 | AH36: 3840 | AI36: 3750 | AJ36: 3620 | AK36: 3580 | AL36: 3620 | AM36: 4040 | AN36: 4420 | AO36: 3510 | AP36: 3870 | AQ36: 4550 | AR36: 4740 | AS36: 4940 | AT36: 5590 | AU36: =$E36*(1+$D36) -> 5970.8285 | AV36: =AU36*(1+$D36) -> 6377.6017 | AW36: =AV36*(1+$D36) -> 6812.0869 | AX36: =AW36*(1+$D36) -> 7276.1723 | AY36: =AX36*(1+$D36) -> 7771.8742 | AZ36: =AY36*(1+$D36) -> 8301.3468 | BA36: =AZ36*(1+$D36) -> 8866.8905 | BB36: =BA36*(1+$D36) -> 9470.963 | BC36: =BB36*(1+$D36) -> 10116.189 | ... BS36: =BR36*(1+$D36) -> 29038.996
A37: Cambodia | B37: KHM | C37: LM | D37: ='Growth calculation'!G38 -> 0.074593045 | E37: 2750 | F37: 2025 | G37: projected | H37: 160 | I37: 190 | J37: 170 | K37: 170 | L37: 170 | M37: 210 | N37: 290 | O37: 210 | P37: 260 | Q37: 320 | R37: 310 | S37: 280 | T37: 290 | U37: 290 | V37: 310 | W37: 320 | X37: 370 | Y37: 430 | Z37: 510 | AA37: 580 | AB37: 670 | AC37: 780 | AD37: 840 | AE37: 910 | AF37: 990 | AG37: 1110 | AH37: 1230 | AI37: 1330 | AJ37: 1430 | AK37: 1550 | AL37: 1690 | AM37: 1920 | AN37: 2100 | AO37: 2050 | AP37: 2120 | AQ37: 2270 | AR37: 2390 | AS37: 2550 | AT37: 2750 | AU37: =$E37*(1+$D37) -> 2955.1309 | AV37: =AU37*(1+$D37) -> 3175.5631 | AW37: =AV37*(1+$D37) -> 3412.438 | AX37: =AW37*(1+$D37) -> 3666.9821 | AY37: =AX37*(1+$D37) -> 3940.5135 | AZ37: =AY37*(1+$D37) -> 4234.4484 | BA37: =AZ37*(1+$D37) -> 4550.3088 | BB37: =BA37*(1+$D37) -> 4889.7302 | BC37: =BB37*(1+$D37) -> 5254.4701 | ... BS37: =BR37*(1+$D37) -> 16612.436
A38: Cameroon | B38: CMR | C38: LM | D38: ='Growth calculation'!G39 -> 0.019181991 | E38: 1860 | F38: 2025 | G38: projected | H38: 1150 | I38: 1230 | J38: 1120 | K38: 1000 | L38: 930 | M38: 960 | N38: 990 | O38: 890 | P38: 870 | Q38: 770 | R38: 790 | S38: 770 | T38: 760 | U38: 730 | V38: 700 | W38: 700 | X38: 820 | Y38: 1030 | Z38: 1140 | AA38: 1200 | AB38: 1250 | AC38: 1360 | AD38: 1460 | AE38: 1450 | AF38: 1470 | AG38: 1470 | AH38: 1530 | AI38: 1570 | AJ38: 1530 | AK38: 1470 | AL38: 1410 | AM38: 1520 | AN38: 1560 | AO38: 1540 | AP38: 1610 | AQ38: 1660 | AR38: 1680 | AS38: 1690 | AT38: 1860 | AU38: =$E38*(1+$D38) -> 1895.6785 | AV38: =AU38*(1+$D38) -> 1932.0414 | AW38: =AV38*(1+$D38) -> 1969.1018 | AX38: =AW38*(1+$D38) -> 2006.8731 | AY38: =AX38*(1+$D38) -> 2045.3689 | AZ38: =AY38*(1+$D38) -> 2084.6032 | BA38: =AZ38*(1+$D38) -> 2124.59 | BB38: =BA38*(1+$D38) -> 2165.3439 | BC38: =BB38*(1+$D38) -> 2206.8795 | ... BS38: =BR38*(1+$D38) -> 2990.9315
A39: Canada | B39: CAN | C39: H | D39: ='Growth calculation'!G40 -> 0.028610436 | E39: 56420 | F39: 2025 | G39: projected | H39: 16320 | I39: 18620 | J39: 19860 | K39: 20650 | L39: 20990 | M39: 21420 | N39: 21270 | O39: 20890 | P39: 20850 | Q39: 20820 | R39: 21330 | S39: 20900 | T39: 21450 | U39: 22740 | V39: 23120 | W39: 23590 | X39: 25480 | Y39: 29530 | Z39: 34310 | AA39: 37900 | AB39: 41540 | AC39: 44930 | AD39: 43230 | AE39: 44490 | AF39: 47190 | AG39: 51080 | AH39: 52800 | AI39: 52200 | AJ39: 47580 | AK39: 43900 | AL39: 42900 | AM39: 45060 | AN39: 46580 | AO39: 43900 | AP39: 49080 | AQ39: 54070 | AR39: 55340 | AS39: 54110 | AT39: 56420 | AU39: =$E39*(1+$D39) -> 58034.201 | AV39: =AU39*(1+$D39) -> 59694.585 | AW39: =AV39*(1+$D39) -> 61402.473 | AX39: =AW39*(1+$D39) -> 63159.224 | AY39: =AX39*(1+$D39) -> 64966.237 | AZ39: =AY39*(1+$D39) -> 66824.949 | BA39: =AZ39*(1+$D39) -> 68736.84 | BB39: =BA39*(1+$D39) -> 70703.431 | BC39: =BB39*(1+$D39) -> 72726.287 | ... BS39: =BR39*(1+$D39) -> 114210.55
A40: Cayman Islands | B40: CYM | C40: H | D40: ='Growth calculation'!G41 -> 0.071689 | E40: 81920 | F40: 2024 | G40: projected - cut from 8.5% to the H p90 cap of 7.17% | AE40: 73550 | AF40: 73950 | AG40: 51150 | AH40: 44990 | AI40: 43420 | AJ40: 44430 | AK40: 47830 | AL40: 51890 | AM40: 57880 | AN40: 64520 | AO40: 62420 | AP40: 76260 | AQ40: 73960 | AR40: 73970 | AS40: 81920 | AU40: =$E40*(1+$D40) -> 87792.763 | AV40: =AU40*(1+$D40) -> 94086.538 | AW40: =AV40*(1+$D40) -> 100831.51 | AX40: =AW40*(1+$D40) -> 108060.02 | AY40: =AX40*(1+$D40) -> 115806.73 | AZ40: =AY40*(1+$D40) -> 124108.8 | BA40: =AZ40*(1+$D40) -> 133006.04 | BB40: =BA40*(1+$D40) -> 142541.11 | BC40: =BB40*(1+$D40) -> 152759.74 | ... BS40: =BR40*(1+$D40) -> 462497.37
A41: Central African Republic | B41: CAF | C41: L | D41: ='Growth calculation'!G42 -> 0.033228676 | E41: 560 | F41: 2025 | G41: projected | H41: 410 | I41: 480 | J41: 480 | K41: 470 | L41: 460 | M41: 460 | N41: 430 | O41: 360 | P41: 340 | Q41: 290 | R41: 290 | S41: 270 | T41: 260 | U41: 240 | V41: 240 | W41: 240 | X41: 250 | Y41: 290 | Z41: 320 | AA41: 330 | AB41: 360 | AC41: 390 | AD41: 460 | AE41: 500 | AF41: 510 | AG41: 540 | AH41: 360 | AI41: 380 | AJ41: 390 | AK41: 400 | AL41: 420 | AM41: 470 | AN41: 500 | AO41: 490 | AP41: 510 | AQ41: 520 | AR41: 530 | AS41: 510 | AT41: 560 | AU41: =$E41*(1+$D41) -> 578.60806 | AV41: =AU41*(1+$D41) -> 597.83444 | AW41: =AV41*(1+$D41) -> 617.69969 | AX41: =AW41*(1+$D41) -> 638.22503 | AY41: =AX41*(1+$D41) -> 659.4324 | AZ41: =AY41*(1+$D41) -> 681.34447 | BA41: =AZ41*(1+$D41) -> 703.98464 | BB41: =BA41*(1+$D41) -> 727.37712 | BC41: =BB41*(1+$D41) -> 751.5469 | ... BS41: =BR41*(1+$D41) -> 1267.9418
A42: Chad | B42: TCD | C42: L | D42: ='Growth calculation'!G43 -> 0.01244 | E42: 970 | F42: 2025 | G42: projected - raised from 1.1% to the 1.244% floor | H42: 210 | I42: 270 | J42: 270 | K42: 270 | L42: 290 | M42: 320 | N42: 240 | O42: 220 | P42: 200 | Q42: 200 | R42: 210 | S42: 210 | T42: 190 | U42: 180 | V42: 180 | W42: 190 | X42: 210 | Y42: 330 | Z42: 510 | AA42: 630 | AB42: 820 | AC42: 910 | AD42: 1020 | AE42: 1150 | AF42: 1190 | AG42: 1310 | AH42: 1310 | AI42: 1260 | AJ42: 1130 | AK42: 940 | AL42: 830 | AM42: 890 | AN42: 930 | AO42: 890 | AP42: 890 | AQ42: 920 | AR42: 910 | AS42: 930 | AT42: 970 | AU42: =$E42*(1+$D42) -> 982.0668 | AV42: =AU42*(1+$D42) -> 994.28371 | AW42: =AV42*(1+$D42) -> 1006.6526 | AX42: =AW42*(1+$D42) -> 1019.1754 | AY42: =AX42*(1+$D42) -> 1031.8539 | AZ42: =AY42*(1+$D42) -> 1044.6902 | BA42: =AZ42*(1+$D42) -> 1057.6861 | BB42: =BA42*(1+$D42) -> 1070.8437 | BC42: =BB42*(1+$D42) -> 1084.165 | ... BS42: =BR42*(1+$D42) -> 1321.3081
A43: Channel Islands | B43: CHI | C43: H | G43: frozen - only 0 of 10 annual rates
A44: Chile | B44: CHL | C44: H | D44: ='Growth calculation'!G45 -> 0.025797135 | E44: 16960 | F44: 2025 | G44: projected | H44: 1670 | I44: 1940 | J44: 2200 | K44: 2340 | L44: 2600 | M44: 3120 | N44: 3450 | O44: 3740 | P44: 4430 | Q44: 5070 | R44: 5580 | S44: 5470 | T44: 5100 | U44: 5030 | V44: 4780 | W44: 4520 | X44: 4570 | Y44: 5200 | Z44: 6200 | AA44: 7350 | AB44: 8700 | AC44: 9950 | AD44: 9880 | AE44: 10720 | AF44: 11860 | AG44: 14170 | AH44: 15080 | AI44: 14690 | AJ44: 14080 | AK44: 13310 | AL44: 13200 | AM44: 14460 | AN44: 14700 | AO44: 12960 | AP44: 14790 | AQ44: 15430 | AR44: 15970 | AS44: 15840 | AT44: 16960 | AU44: =$E44*(1+$D44) -> 17397.519 | AV44: =AU44*(1+$D44) -> 17846.326 | AW44: =AV44*(1+$D44) -> 18306.71 | AX44: =AW44*(1+$D44) -> 18778.97 | AY44: =AX44*(1+$D44) -> 19263.414 | AZ44: =AY44*(1+$D44) -> 19760.355 | BA44: =AZ44*(1+$D44) -> 20270.115 | BB44: =BA44*(1+$D44) -> 20793.026 | BC44: =BB44*(1+$D44) -> 21329.427 | ... BS44: =BR44*(1+$D44) -> 32059.954
A45: China | B45: CHN | C45: UM | D45: ='Growth calculation'!G46 -> 0.05012979 | E45: 14230 | F45: 2025 | G45: projected | H45: 320 | I45: 330 | J45: 320 | K45: 330 | L45: 360 | M45: 400 | N45: 420 | O45: 470 | P45: 540 | Q45: 660 | R45: 760 | S45: 800 | T45: 860 | U45: 950 | V45: 1020 | W45: 1130 | X45: 1300 | Y45: 1530 | Z45: 1790 | AA45: 2090 | AB45: 2550 | AC45: 3140 | AD45: 3740 | AE45: 4410 | AF45: 5130 | AG45: 6010 | AH45: 6860 | AI45: 7600 | AJ45: 8040 | AK45: 8360 | AL45: 8830 | AM45: 9720 | AN45: 10510 | AO45: 10740 | AP45: 12220 | AQ45: 13170 | AR45: 13750 | AS45: 13660 | AT45: 14230 | AU45: =$E45*(1+$D45) -> 14943.347 | AV45: =AU45*(1+$D45) -> 15692.454 | AW45: =AV45*(1+$D45) -> 16479.113 | AX45: =AW45*(1+$D45) -> 17305.208 | AY45: =AX45*(1+$D45) -> 18172.714 | AZ45: =AY45*(1+$D45) -> 19083.708 | BA45: =AZ45*(1+$D45) -> 20040.371 | BB45: =BA45*(1+$D45) -> 21044.99 | BC45: =BB45*(1+$D45) -> 22099.971 | ... BS45: =BR45*(1+$D45) -> 48336.963
A46: Colombia | B46: COL | C46: UM | D46: ='Growth calculation'!G47 -> 0.04185707 | E46: 7900 | F46: 2025 | G46: projected | H46: 1270 | I46: 1330 | J46: 1280 | K46: 1350 | L46: 1400 | M46: 1600 | N46: 1770 | O46: 2080 | P46: 2390 | Q46: 2580 | R46: 2700 | S46: 2600 | T46: 2370 | U46: 2370 | V46: 2360 | W46: 2410 | X46: 2410 | Y46: 2650 | Z46: 3030 | AA46: 3540 | AB46: 4170 | AC46: 4770 | AD46: 5200 | AE46: 5690 | AF46: 6370 | AG46: 7340 | AH46: 8010 | AI46: 8280 | AJ46: 7420 | AK46: 6560 | AL46: 6030 | AM46: 6350 | AN46: 6630 | AO46: 5850 | AP46: 6310 | AQ46: 6560 | AR46: 6760 | AS46: 7090 | AT46: 7900 | AU46: =$E46*(1+$D46) -> 8230.6709 | AV46: =AU46*(1+$D46) -> 8575.1826 | AW46: =AV46*(1+$D46) -> 8934.1146 | AX46: =AW46*(1+$D46) -> 9308.0705 | AY46: =AX46*(1+$D46) -> 9697.679 | AZ46: =AY46*(1+$D46) -> 10103.595 | BA46: =AZ46*(1+$D46) -> 10526.502 | BB46: =BA46*(1+$D46) -> 10967.111 | BC46: =BB46*(1+$D46) -> 11426.162 | ... BS46: =BR46*(1+$D46) -> 22020.677
A47: Comoros | B47: COM | C47: LM | D47: ='Growth calculation'!G48 -> 0.026001435 | E47: 1950 | F47: 2025 | G47: projected | H47: 680 | I47: 830 | J47: 830 | K47: 880 | L47: 840 | M47: 960 | N47: 970 | O47: 810 | P47: 810 | Q47: 770 | R47: 780 | S47: 720 | T47: 700 | U47: 670 | V47: 680 | W47: 700 | X47: 810 | Y47: 980 | Z47: 1140 | AA47: 1140 | AB47: 1190 | AC47: 1340 | AD47: 1440 | AE47: 1450 | AF47: 1490 | AG47: 1510 | AH47: 1590 | AI47: 1590 | AJ47: 1480 | AK47: 1410 | AL47: 1380 | AM47: 1490 | AN47: 1530 | AO47: 1530 | AP47: 1590 | AQ47: 1630 | AR47: 1670 | AS47: 1730 | AT47: 1950 | AU47: =$E47*(1+$D47) -> 2000.7028 | AV47: =AU47*(1+$D47) -> 2052.7239 | AW47: =AV47*(1+$D47) -> 2106.0977 | AX47: =AW47*(1+$D47) -> 2160.8593 | AY47: =AX47*(1+$D47) -> 2217.0447 | AZ47: =AY47*(1+$D47) -> 2274.6911 | BA47: =AZ47*(1+$D47) -> 2333.8363 | BB47: =BA47*(1+$D47) -> 2394.5194 | BC47: =BB47*(1+$D47) -> 2456.7803 | ... BS47: =BR47*(1+$D47) -> 3704.536
A48: Congo, Dem. Rep. | B48: COD | C48: L | D48: ='Growth calculation'!G49 -> 0.044466403 | E48: 720 | F48: 2025 | G48: projected | H48: 240 | I48: 250 | J48: 240 | K48: 230 | L48: 190 | M48: 200 | N48: 200 | O48: 150 | P48: 140 | Q48: 120 | R48: 110 | S48: 110 | T48: 100 | U48: 130 | V48: 130 | W48: 180 | X48: 160 | Y48: 180 | Z48: 190 | AA48: 220 | AB48: 260 | AC48: 300 | AD48: 300 | AE48: 320 | AF48: 320 | AG48: 370 | AH48: 420 | AI48: 450 | AJ48: 460 | AK48: 460 | AL48: 440 | AM48: 460 | AN48: 460 | AO48: 480 | AP48: 530 | AQ48: 610 | AR48: 680 | AS48: 680 | AT48: 720 | AU48: =$E48*(1+$D48) -> 752.01581 | AV48: =AU48*(1+$D48) -> 785.45525 | AW48: =AV48*(1+$D48) -> 820.38162 | AX48: =AW48*(1+$D48) -> 856.86104 | AY48: =AX48*(1+$D48) -> 894.96257 | AZ48: =AY48*(1+$D48) -> 934.75833 | BA48: =AZ48*(1+$D48) -> 976.32367 | BB48: =BA48*(1+$D48) -> 1019.7373 | BC48: =BB48*(1+$D48) -> 1065.0813 | ... BS48: =BR48*(1+$D48) -> 2136.458
A49: Congo, Rep. | B49: COG | C49: LM | D49: ='Growth calculation'!G50 -> 0.013670533 | E49: 2280 | F49: 2025 | G49: projected | H49: 1050 | I49: 920 | J49: 940 | K49: 920 | L49: 950 | M49: 1050 | N49: 900 | O49: 750 | P49: 470 | Q49: 460 | R49: 590 | S49: 580 | T49: 490 | U49: 560 | V49: 620 | W49: 670 | X49: 690 | Y49: 760 | Z49: 1100 | AA49: 1560 | AB49: 1650 | AC49: 2090 | AD49: 2410 | AE49: 2640 | AF49: 2580 | AG49: 3330 | AH49: 3560 | AI49: 3800 | AJ49: 3080 | AK49: 2260 | AL49: 1740 | AM49: 2070 | AN49: 2180 | AO49: 2230 | AP49: 2040 | AQ49: 2170 | AR49: 2310 | AS49: 2270 | AT49: 2280 | AU49: =$E49*(1+$D49) -> 2311.1688 | AV49: =AU49*(1+$D49) -> 2342.7637 | AW49: =AV49*(1+$D49) -> 2374.7906 | AX49: =AW49*(1+$D49) -> 2407.2552 | AY49: =AX49*(1+$D49) -> 2440.1637 | AZ49: =AY49*(1+$D49) -> 2473.522 | BA49: =AZ49*(1+$D49) -> 2507.3364 | BB49: =BA49*(1+$D49) -> 2541.613 | BC49: =BB49*(1+$D49) -> 2576.3582 | ... BS49: =BR49*(1+$D49) -> 3201.5139
A50: Costa Rica | B50: CRI | C50: H | D50: ='Growth calculation'!G51 -> 0.051472112 | E50: 17930 | F50: 2025 | G50: projected | H50: 1590 | I50: 1650 | J50: 1660 | K50: 1740 | L50: 1950 | M50: 2350 | N50: 2740 | O50: 2990 | P50: 3190 | Q50: 3250 | R50: 3360 | S50: 3420 | T50: 3480 | U50: 3590 | V50: 3700 | W50: 3790 | X50: 4050 | Y50: 4400 | Z50: 4670 | AA50: 5090 | AB50: 5710 | AC50: 6440 | AD50: 6570 | AE50: 7290 | AF50: 8130 | AG50: 9330 | AH50: 9990 | AI50: 10410 | AJ50: 10770 | AK50: 11170 | AL50: 11580 | AM50: 12100 | AN50: 12310 | AO50: 11780 | AP50: 12750 | AQ50: 13490 | AR50: 14330 | AS50: 15710 | AT50: 17930 | AU50: =$E50*(1+$D50) -> 18852.895 | AV50: =AU50*(1+$D50) -> 19823.293 | AW50: =AV50*(1+$D50) -> 20843.64 | AX50: =AW50*(1+$D50) -> 21916.506 | AY50: =AX50*(1+$D50) -> 23044.595 | AZ50: =AY50*(1+$D50) -> 24230.749 | BA50: =AZ50*(1+$D50) -> 25477.957 | BB50: =BA50*(1+$D50) -> 26789.361 | BC50: =BB50*(1+$D50) -> 28168.266 | ... BS50: =BR50*(1+$D50) -> 62881.697
A51: Croatia | B51: HRV | C51: H | D51: ='Growth calculation'!G52 -> 0.071689 | E51: 25360 | F51: 2025 | G51: projected - cut from 7.4% to the H p90 cap of 7.17% | T51: 5250 | U51: 5310 | V51: 5360 | W51: 5660 | X51: 6700 | Y51: 8570 | Z51: 10210 | AA51: 11240 | AB51: 12520 | AC51: 14030 | AD51: 13970 | AE51: 13900 | AF51: 14020 | AG51: 13540 | AH51: 13940 | AI51: 13820 | AJ51: 13570 | AK51: 13090 | AL51: 13350 | AM51: 14670 | AN51: 15770 | AO51: 15060 | AP51: 17390 | AQ51: 19370 | AR51: 20800 | AS51: 22230 | AT51: 25360 | AU51: =$E51*(1+$D51) -> 27178.033 | AV51: =AU51*(1+$D51) -> 29126.399 | AW51: =AV51*(1+$D51) -> 31214.441 | AX51: =AW51*(1+$D51) -> 33452.174 | AY51: =AX51*(1+$D51) -> 35850.326 | AZ51: =AY51*(1+$D51) -> 38420.4 | BA51: =AZ51*(1+$D51) -> 41174.721 | BB51: =BA51*(1+$D51) -> 44126.495 | BC51: =BB51*(1+$D51) -> 47289.879 | ... BS51: =BR51*(1+$D51) -> 143175.46
A52: Cuba | B52: CUB | C52: UM | G52: frozen - only 4 of 10 annual rates | H52: 2470 | I52: 2770 | J52: 2740 | K52: 2640 | L52: 2330 | M52: 2120 | N52: 1870 | O52: 2130 | P52: 2540 | Q52: 2700 | R52: 2500 | S52: 2240 | T52: 2400 | U52: 2620 | V52: 2760 | W52: 2830 | X52: 3100 | Y52: 3490 | Z52: 3960 | AA52: 4410 | AB52: 4740 | AC52: 5030 | AD52: 5080 | AE52: 5170 | AF52: 5590 | AG52: 6090 | AH52: 6640 | AI52: 6850 | AJ52: 7270 | AK52: 7530 | AL52: 8010 | AM52: 8710 | AN52: 9010
A53: Curaçao | B53: CUW | C53: H | D53: ='Growth calculation'!G54 -> 0.032364235 | E53: 22570 | F53: 2024 | G53: projected | Z53: 17910 | AA53: 17930 | AB53: 18390 | AC53: 19020 | AD53: 19100 | AE53: 19540 | AF53: 19420 | AG53: 19330 | AH53: 19020 | AI53: 18980 | AJ53: 18780 | AK53: 18260 | AL53: 18230 | AM53: 18820 | AN53: 19140 | AO53: 16190 | AP53: 17950 | AQ53: 20480 | AR53: 21400 | AS53: 22570 | AU53: =$E53*(1+$D53) -> 23300.461 | AV53: =AU53*(1+$D53) -> 24054.562 | AW53: =AV53*(1+$D53) -> 24833.07 | AX53: =AW53*(1+$D53) -> 25636.773 | AY53: =AX53*(1+$D53) -> 26466.488 | AZ53: =AY53*(1+$D53) -> 27323.055 | BA53: =AZ53*(1+$D53) -> 28207.345 | BB53: =BA53*(1+$D53) -> 29120.254 | BC53: =BB53*(1+$D53) -> 30062.709 | ... BS53: =BR53*(1+$D53) -> 50044.381
A54: Cyprus | B54: CYP | C54: H | D54: ='Growth calculation'!G55 -> 0.030796488 | E54: 36110 | F54: 2025 | G54: projected | H54: 6300 | I54: 7910 | J54: 8570 | K54: 9300 | L54: 9460 | M54: 11020 | N54: 10970 | O54: 11680 | P54: 12810 | Q54: 13880 | R54: 14280 | S54: 15490 | T54: 14340 | U54: 14180 | V54: 14170 | W54: 14510 | X54: 16710 | Y54: 20260 | Z54: 23990 | AA54: 25600 | AB54: 27340 | AC54: 32010 | AD54: 32860 | AE54: 32210 | AF54: 32680 | AG54: 29760 | AH54: 27820 | AI54: 26350 | AJ54: 25650 | AK54: 24400 | AL54: 24600 | AM54: 27120 | AN54: 28380 | AO54: 26780 | AP54: 29560 | AQ54: 31900 | AR54: 32380 | AS54: 32870 | AT54: 36110 | AU54: =$E54*(1+$D54) -> 37222.061 | AV54: =AU54*(1+$D54) -> 38368.37 | AW54: =AV54*(1+$D54) -> 39549.981 | AX54: =AW54*(1+$D54) -> 40767.981 | AY54: =AX54*(1+$D54) -> 42023.492 | AZ54: =AY54*(1+$D54) -> 43317.668 | BA54: =AZ54*(1+$D54) -> 44651.7 | BB54: =BA54*(1+$D54) -> 46026.816 | BC54: =BB54*(1+$D54) -> 47444.28 | ... BS54: =BR54*(1+$D54) -> 77081.603
A55: Czechia | B55: CZE | C55: H | D55: ='Growth calculation'!G56 -> 0.057968956 | E55: 32960 | F55: 2025 | G55: projected | M55: 3380 | N55: 3530 | O55: 4200 | P55: 5170 | Q55: 6010 | R55: 6200 | S55: 6140 | T55: 6150 | U55: 6380 | V55: 6380 | W55: 6680 | X55: 8130 | Y55: 10280 | Z55: 12480 | AA55: 13990 | AB55: 15830 | AC55: 18480 | AD55: 18790 | AE55: 19420 | AF55: 19600 | AG55: 19650 | AH55: 19600 | AI55: 19080 | AJ55: 18340 | AK55: 17660 | AL55: 18350 | AM55: 20700 | AN55: 22440 | AO55: 22190 | AP55: 25500 | AQ55: 27210 | AR55: 28540 | AS55: 29570 | AT55: 32960 | AU55: =$E55*(1+$D55) -> 34870.657 | AV55: =AU55*(1+$D55) -> 36892.072 | AW55: =AV55*(1+$D55) -> 39030.667 | AX55: =AW55*(1+$D55) -> 41293.234 | AY55: =AX55*(1+$D55) -> 43686.96 | AZ55: =AY55*(1+$D55) -> 46219.447 | BA55: =AZ55*(1+$D55) -> 48898.741 | BB55: =BA55*(1+$D55) -> 51733.35 | BC55: =BB55*(1+$D55) -> 54732.278 | ... BS55: =BR55*(1+$D55) -> 134837.38
A56: Côte d'Ivoire | B56: CIV | C56: LM | D56: ='Growth calculation'!G57 -> 0.041707446 | E56: 2780 | F56: 2025 | G56: projected | H56: 800 | I56: 900 | J56: 810 | K56: 760 | L56: 740 | M56: 760 | N56: 720 | O56: 660 | P56: 670 | Q56: 510 | R56: 630 | S56: 710 | T56: 680 | U56: 610 | V56: 550 | W56: 530 | X56: 580 | Y56: 710 | Z56: 850 | AA56: 850 | AB56: 880 | AC56: 1000 | AD56: 1080 | AE56: 1120 | AF56: 1020 | AG56: 1140 | AH56: 1240 | AI56: 1860 | AJ56: 1880 | AK56: 1880 | AL56: 1870 | AM56: 2010 | AN56: 2120 | AO56: 2120 | AP56: 2300 | AQ56: 2440 | AR56: 2510 | AS56: 2520 | AT56: 2780 | AU56: =$E56*(1+$D56) -> 2895.9467 | AV56: =AU56*(1+$D56) -> 3016.7292 | AW56: =AV56*(1+$D56) -> 3142.5493 | AX56: =AW56*(1+$D56) -> 3273.617 | AY56: =AX56*(1+$D56) -> 3410.1512 | AZ56: =AY56*(1+$D56) -> 3552.3799 | BA56: =AZ56*(1+$D56) -> 3700.5406 | BB56: =BA56*(1+$D56) -> 3854.8807 | BC56: =BB56*(1+$D56) -> 4015.658 | ... BS56: =BR56*(1+$D56) -> 7721.2748
A57: Denmark | B57: DNK | C57: H | D57: ='Growth calculation'!G58 -> 0.018987265 | E57: 77190 | F57: 2025 | G57: projected | H57: 17740 | I57: 22120 | J57: 23060 | K57: 24380 | L57: 25540 | M57: 28690 | N57: 28550 | O57: 30330 | P57: 32530 | Q57: 34740 | R57: 35090 | S57: 33440 | T57: 33050 | U57: 32560 | V57: 31430 | W57: 30870 | X57: 34800 | Y57: 42740 | Z57: 49750 | AA57: 53630 | AB57: 55870 | AC57: 60620 | AD57: 60300 | AE57: 61290 | AF57: 62050 | AG57: 61570 | AH57: 63400 | AI57: 63650 | AJ57: 60350 | AK57: 57830 | AL57: 56600 | AM57: 61090 | AN57: 63020 | AO57: 62710 | AP57: 69810 | AQ57: 72040 | AR57: 72080 | AS57: 72540 | AT57: 77190 | AU57: =$E57*(1+$D57) -> 78655.627 | AV57: =AU57*(1+$D57) -> 80149.082 | AW57: =AV57*(1+$D57) -> 81670.894 | AX57: =AW57*(1+$D57) -> 83221.601 | AY57: =AX57*(1+$D57) -> 84801.752 | AZ57: =AY57*(1+$D57) -> 86411.905 | BA57: =AZ57*(1+$D57) -> 88052.631 | BB57: =BA57*(1+$D57) -> 89724.509 | BC57: =BB57*(1+$D57) -> 91428.132 | ... BS57: =BR57*(1+$D57) -> 123532.14
A58: Djibouti | B58: DJI | C58: LM | D58: ='Growth calculation'!G59 -> 0.059313151 | E58: 3960 | F58: 2025 | G58: projected | AJ58: 2280 | AK58: 2370 | AL58: 2450 | AM58: 2600 | AN58: 2780 | AO58: 2780 | AP58: 2990 | AQ58: 3310 | AR58: 3500 | AS58: 3640 | AT58: 3960 | AU58: =$E58*(1+$D58) -> 4194.8801 | AV58: =AU58*(1+$D58) -> 4443.6916 | AW58: =AV58*(1+$D58) -> 4707.261 | AX58: =AW58*(1+$D58) -> 4986.4635 | AY58: =AX58*(1+$D58) -> 5282.2263 | AZ58: =AY58*(1+$D58) -> 5595.5318 | BA58: =AZ58*(1+$D58) -> 5927.4204 | BB58: =BA58*(1+$D58) -> 6278.9944 | BC58: =BB58*(1+$D58) -> 6651.4214 | ... BS58: =BR58*(1+$D58) -> 16722.619
A59: Dominica | B59: DMA | C59: UM | D59: ='Growth calculation'!G60 -> 0.052587901 | E59: 10690 | F59: 2025 | G59: projected | H59: 2190 | I59: 2580 | J59: 2620 | K59: 2840 | L59: 3010 | M59: 3260 | N59: 3480 | O59: 3570 | P59: 3800 | Q59: 3970 | R59: 4090 | S59: 4260 | T59: 4260 | U59: 4290 | V59: 4750 | W59: 4720 | X59: 5310 | Y59: 5640 | Z59: 5670 | AA59: 6070 | AB59: 6280 | AC59: 6880 | AD59: 7080 | AE59: 7250 | AF59: 7510 | AG59: 7530 | AH59: 7440 | AI59: 7670 | AJ59: 7510 | AK59: 8000 | AL59: 8070 | AM59: 8880 | AN59: 9350 | AO59: 8230 | AP59: 8660 | AQ59: 9740 | AR59: 9990 | AS59: 9930 | AT59: 10690 | AU59: =$E59*(1+$D59) -> 11252.165 | AV59: =AU59*(1+$D59) -> 11843.892 | AW59: =AV59*(1+$D59) -> 12466.738 | AX59: =AW59*(1+$D59) -> 13122.337 | AY59: =AX59*(1+$D59) -> 13812.414 | AZ59: =AY59*(1+$D59) -> 14538.779 | BA59: =AZ59*(1+$D59) -> 15303.343 | BB59: =BA59*(1+$D59) -> 16108.114 | BC59: =BB59*(1+$D59) -> 16955.206 | ... BS59: =BR59*(1+$D59) -> 38497.9
A60: Dominican Republic | B60: DOM | C60: UM | D60: ='Growth calculation'!G61 -> 0.052423066 | E60: 10620 | F60: 2025 | G60: projected | H60: 940 | I60: 920 | J60: 910 | K60: 870 | L60: 1040 | M60: 1350 | N60: 1610 | O60: 1740 | P60: 1940 | Q60: 2150 | R60: 2340 | S60: 2420 | T60: 2510 | U60: 2650 | V60: 2700 | W60: 2850 | X60: 2600 | Y60: 2520 | Z60: 3000 | AA60: 3590 | AB60: 4380 | AC60: 4700 | AD60: 4860 | AE60: 5260 | AF60: 5460 | AG60: 5700 | AH60: 5940 | AI60: 6230 | AJ60: 6470 | AK60: 6750 | AL60: 6920 | AM60: 7600 | AN60: 7940 | AO60: 7080 | AP60: 8160 | AQ60: 9150 | AR60: 9700 | AS60: 10310 | AT60: 10620 | AU60: =$E60*(1+$D60) -> 11176.733 | AV60: =AU60*(1+$D60) -> 11762.652 | AW60: =AV60*(1+$D60) -> 12379.286 | AX60: =AW60*(1+$D60) -> 13028.246 | AY60: =AX60*(1+$D60) -> 13711.227 | AZ60: =AY60*(1+$D60) -> 14430.011 | BA60: =AZ60*(1+$D60) -> 15186.476 | BB60: =BA60*(1+$D60) -> 15982.598 | BC60: =BB60*(1+$D60) -> 16820.455 | ... BS60: =BR60*(1+$D60) -> 38096.358
A61: Ecuador | B61: ECU | C61: UM | D61: ='Growth calculation'!G62 -> 0.017178891 | E61: 6890 | F61: 2025 | G61: projected | H61: 1590 | I61: 1470 | J61: 1330 | K61: 1340 | L61: 1450 | M61: 1570 | N61: 1640 | O61: 1790 | P61: 1950 | Q61: 2060 | R61: 2170 | S61: 2150 | T61: 1780 | U61: 1500 | V61: 1490 | W61: 1650 | X61: 2010 | Y61: 2410 | Z61: 2750 | AA61: 3000 | AB61: 3210 | AC61: 3770 | AD61: 3970 | AE61: 4290 | AF61: 4770 | AG61: 5320 | AH61: 5880 | AI61: 6190 | AJ61: 5970 | AK61: 5750 | AL61: 5930 | AM61: 6120 | AN61: 6100 | AO61: 5410 | AP61: 6100 | AQ61: 6550 | AR61: 6570 | AS61: 6400 | AT61: 6890 | AU61: =$E61*(1+$D61) -> 7008.3626 | AV61: =AU61*(1+$D61) -> 7128.7585 | AW61: =AV61*(1+$D61) -> 7251.2226 | AX61: =AW61*(1+$D61) -> 7375.7906 | AY61: =AX61*(1+$D61) -> 7502.4985 | AZ61: =AY61*(1+$D61) -> 7631.3831 | BA61: =AZ61*(1+$D61) -> 7762.4818 | BB61: =BA61*(1+$D61) -> 7895.8326 | BC61: =BB61*(1+$D61) -> 8031.4743 | ... BS61: =BR61*(1+$D61) -> 10547.577
A62: Egypt, Arab Rep. | B62: EGY | C62: LM | D62: ='Growth calculation'!G63 -> 0.01244 | E62: 3260 | F62: 2025 | G62: projected - raised from -3.8% to the 1.244% floor | H62: 840 | I62: 810 | J62: 760 | K62: 730 | L62: 710 | M62: 720 | N62: 720 | O62: 780 | P62: 880 | Q62: 970 | R62: 1070 | S62: 1140 | T62: 1240 | U62: 1330 | V62: 1350 | W62: 1250 | X62: 1160 | Y62: 1120 | Z62: 1130 | AA62: 1230 | AB62: 1420 | AC62: 1710 | AD62: 1970 | AE62: 2200 | AF62: 2380 | AG62: 2630 | AH62: 2810 | AI62: 3000 | AJ62: 3100 | AK62: 3200 | AL62: 2880 | AM62: 2710 | AN62: 2640 | AO62: 2960 | AP62: 3470 | AQ62: 4040 | AR62: 3840 | AS62: 3510 | AT62: 3260 | AU62: =$E62*(1+$D62) -> 3300.5544 | AV62: =AU62*(1+$D62) -> 3341.6133 | AW62: =AV62*(1+$D62) -> 3383.183 | AX62: =AW62*(1+$D62) -> 3425.2698 | AY62: =AX62*(1+$D62) -> 3467.8801 | AZ62: =AY62*(1+$D62) -> 3511.0205 | BA62: =AZ62*(1+$D62) -> 3554.6976 | BB62: =BA62*(1+$D62) -> 3598.9181 | BC62: =BB62*(1+$D62) -> 3643.6886 | ... BS62: =BR62*(1+$D62) -> 4440.6851
A63: El Salvador | B63: SLV | C63: UM | D63: ='Growth calculation'!G64 -> 0.04746624 | E63: 5410 | F63: 2025 | G63: projected | H63: 820 | I63: 860 | J63: 850 | K63: 880 | L63: 910 | M63: 1030 | N63: 1130 | O63: 1260 | P63: 1450 | Q63: 1560 | R63: 1660 | S63: 1730 | T63: 1790 | U63: 1890 | V63: 1940 | W63: 1990 | X63: 2120 | Y63: 2280 | Z63: 2430 | AA63: 2600 | AB63: 2730 | AC63: 2910 | AD63: 2870 | AE63: 2940 | AF63: 3120 | AG63: 3280 | AH63: 3420 | AI63: 3480 | AJ63: 3520 | AK63: 3600 | AL63: 3700 | AM63: 3940 | AN63: 4130 | AO63: 3800 | AP63: 4380 | AQ63: 4710 | AR63: 4930 | AS63: 5070 | AT63: 5410 | AU63: =$E63*(1+$D63) -> 5666.7924 | AV63: =AU63*(1+$D63) -> 5935.7737 | AW63: =AV63*(1+$D63) -> 6217.5225 | AX63: =AW63*(1+$D63) -> 6512.645 | AY63: =AX63*(1+$D63) -> 6821.7757 | AZ63: =AY63*(1+$D63) -> 7145.5798 | BA63: =AZ63*(1+$D63) -> 7484.7536 | BB63: =BA63*(1+$D63) -> 7840.0267 | BC63: =BB63*(1+$D63) -> 8212.1633 | ... BS63: =BR63*(1+$D63) -> 17246.387
A64: Equatorial Guinea | B64: GNQ | C64: UM | D64: ='Growth calculation'!G65 -> 0.01244 | E64: 5890 | F64: 2025 | G64: projected - raised from -3.9% to the 1.244% floor | H64: 190 | I64: 220 | J64: 200 | K64: 230 | L64: 230 | M64: 330 | N64: 320 | O64: 230 | P64: 220 | Q64: 310 | R64: 760 | S64: 610 | T64: 710 | U64: 660 | V64: 760 | W64: 1050 | X64: 960 | Y64: 1370 | Z64: 3080 | AA64: 6420 | AB64: 9200 | AC64: 11310 | AD64: 9950 | AE64: 7920 | AF64: 9030 | AG64: 11430 | AH64: 12400 | AI64: 12620 | AJ64: 9920 | AK64: 6970 | AL64: 6630 | AM64: 6270 | AN64: 5570 | AO64: 6140 | AP64: 5980 | AQ64: 5210 | AR64: 6230 | AS64: 6050 | AT64: 5890 | AU64: =$E64*(1+$D64) -> 5963.2716 | AV64: =AU64*(1+$D64) -> 6037.4547 | AW64: =AV64*(1+$D64) -> 6112.5606 | AX64: =AW64*(1+$D64) -> 6188.6009 | AY64: =AX64*(1+$D64) -> 6265.5871 | AZ64: =AY64*(1+$D64) -> 6343.531 | BA64: =AZ64*(1+$D64) -> 6422.4445 | BB64: =BA64*(1+$D64) -> 6502.3397 | BC64: =BB64*(1+$D64) -> 6583.2288 | ... BS64: =BR64*(1+$D64) -> 8023.201
A65: Eritrea | B65: ERI | C65: L | G65: frozen - only 0 of 10 annual rates | O65: 310 | P65: 300 | Q65: 310 | R65: 330 | S65: 330 | T65: 320 | U65: 310 | V65: 320 | W65: 310 | X65: 310 | Y65: 350 | Z65: 410 | AA65: 440 | AB65: 450 | AC65: 440 | AD65: 520 | AE65: 550 | AF65: 650
A66: Estonia | B66: EST | C66: H | D66: ='Growth calculation'!G67 -> 0.042816116 | E66: 32310 | F66: 2025 | G66: projected | P66: 3020 | Q66: 3370 | R66: 3640 | S66: 3820 | T66: 3840 | U66: 4170 | V66: 4310 | W66: 4620 | X66: 5730 | Y66: 7500 | Z66: 9730 | AA66: 11500 | AB66: 13430 | AC66: 15190 | AD66: 14570 | AE66: 14580 | AF66: 15900 | AG66: 16910 | AH66: 18370 | AI66: 19210 | AJ66: 18900 | AK66: 18640 | AL66: 19140 | AM66: 21600 | AN66: 23490 | AO66: 23580 | AP66: 26490 | AQ66: 27580 | AR66: 27650 | AS66: 28880 | AT66: 32310 | AU66: =$E66*(1+$D66) -> 33693.389 | AV66: =AU66*(1+$D66) -> 35136.009 | AW66: =AV66*(1+$D66) -> 36640.396 | AX66: =AW66*(1+$D66) -> 38209.196 | AY66: =AX66*(1+$D66) -> 39845.165 | AZ66: =AY66*(1+$D66) -> 41551.18 | BA66: =AZ66*(1+$D66) -> 43330.24 | BB66: =BA66*(1+$D66) -> 45185.473 | BC66: =BB66*(1+$D66) -> 47120.139 | ... BS66: =BR66*(1+$D66) -> 92157.422
A67: Eswatini | B67: SWZ | C67: LM | D67: ='Growth calculation'!G68 -> 0.017842277 | E67: 3730 | F67: 2025 | G67: projected | K67: 1220 | L67: 1260 | M67: 1440 | N67: 1450 | O67: 1470 | P67: 1740 | Q67: 1840 | R67: 1870 | S67: 1670 | T67: 1670 | U67: 1600 | V67: 1620 | W67: 1470 | X67: 1600 | Y67: 2020 | Z67: 2880 | AA67: 3090 | AB67: 3250 | AC67: 3160 | AD67: 3120 | AE67: 3260 | AF67: 3620 | AG67: 4010 | AH67: 4120 | AI67: 3890 | AJ67: 3540 | AK67: 3270 | AL67: 3290 | AM67: 3460 | AN67: 3680 | AO67: 3430 | AP67: 3620 | AQ67: 3650 | AR67: 3750 | AS67: 3440 | AT67: 3730 | AU67: =$E67*(1+$D67) -> 3796.5517 | AV67: =AU67*(1+$D67) -> 3864.2908 | AW67: =AV67*(1+$D67) -> 3933.2386 | AX67: =AW67*(1+$D67) -> 4003.4165 | AY67: =AX67*(1+$D67) -> 4074.8466 | AZ67: =AY67*(1+$D67) -> 4147.5511 | BA67: =AZ67*(1+$D67) -> 4221.5528 | BB67: =BA67*(1+$D67) -> 4296.875 | BC67: =BB67*(1+$D67) -> 4373.541 | ... BS67: =BR67*(1+$D67) -> 5803.914
A68: Ethiopia | B68: ETH | C68: L | D68: ='Growth calculation'!G69 -> 0.055948 | E68: 1110 | F68: 2025 | G68: projected - cut from 7.7% to the L p90 cap of 5.59% | H68: 290 | I68: 280 | J68: 260 | K68: 260 | L68: 250 | M68: 230 | N68: 220 | O68: 170 | P68: 150 | Q68: 150 | R68: 150 | S68: 130 | T68: 130 | U68: 120 | V68: 120 | W68: 120 | X68: 110 | Y68: 130 | Z68: 160 | AA68: 180 | AB68: 210 | AC68: 270 | AD68: 330 | AE68: 370 | AF68: 380 | AG68: 400 | AH68: 450 | AI68: 530 | AJ68: 570 | AK68: 620 | AL68: 670 | AM68: 730 | AN68: 790 | AO68: 820 | AP68: 880 | AQ68: 960 | AR68: 1030 | AS68: 1100 | AT68: 1110 | AU68: =$E68*(1+$D68) -> 1172.1023 | AV68: =AU68*(1+$D68) -> 1237.6791 | AW68: =AV68*(1+$D68) -> 1306.9247 | AX68: =AW68*(1+$D68) -> 1380.0446 | AY68: =AX68*(1+$D68) -> 1457.2553 | AZ68: =AY68*(1+$D68) -> 1538.7858 | BA68: =AZ68*(1+$D68) -> 1624.8778 | BB68: =BA68*(1+$D68) -> 1715.7865 | BC68: =BB68*(1+$D68) -> 1811.7813 | ... BS68: =BR68*(1+$D68) -> 4328.987
A69: Faeroe Islands | B69: FRO | C69: H | D69: ='Growth calculation'!G70 -> 0.01244 | E69: 73120 | F69: 2024 | G69: projected - raised from 0.9% to the 1.244% floor | AE69: 49050 | AF69: 53420 | AG69: 56500 | AH69: 59530 | AI69: 60440 | AJ69: 57670 | AK69: 57410 | AL69: 57920 | AM69: 62900 | AN69: 66020 | AO69: 64210 | AP69: 70050 | AQ69: 72970 | AR69: 73420 | AS69: 73120 | AU69: =$E69*(1+$D69) -> 74029.613 | AV69: =AU69*(1+$D69) -> 74950.541 | AW69: =AV69*(1+$D69) -> 75882.926 | AX69: =AW69*(1+$D69) -> 76826.91 | AY69: =AX69*(1+$D69) -> 77782.636 | AZ69: =AY69*(1+$D69) -> 78750.252 | BA69: =AZ69*(1+$D69) -> 79729.905 | BB69: =BA69*(1+$D69) -> 80721.745 | BC69: =BB69*(1+$D69) -> 81725.924 | ... BS69: =BR69*(1+$D69) -> 99602.115
A70: Fiji | B70: FJI | C70: UM | D70: ='Growth calculation'!G71 -> 0.032937057 | E70: 6230 | F70: 2025 | G70: projected | H70: 1700 | I70: 1710 | J70: 1690 | K70: 1690 | L70: 1690 | M70: 1890 | N70: 2000 | O70: 2150 | P70: 2390 | Q70: 2600 | R70: 2520 | S70: 2230 | T70: 2280 | U70: 2150 | V70: 2050 | W70: 2050 | X70: 2270 | Y70: 2820 | Z70: 3320 | AA70: 3350 | AB70: 3510 | AC70: 3730 | AD70: 3620 | AE70: 3450 | AF70: 3570 | AG70: 3910 | AH70: 4460 | AI70: 4740 | AJ70: 4820 | AK70: 5010 | AL70: 5120 | AM70: 5690 | AN70: 5570 | AO70: 4560 | AP70: 4380 | AQ70: 5250 | AR70: 5670 | AS70: 5820 | AT70: 6230 | AU70: =$E70*(1+$D70) -> 6435.1979 | AV70: =AU70*(1+$D70) -> 6647.1543 | AW70: =AV70*(1+$D70) -> 6866.092 | AX70: =AW70*(1+$D70) -> 7092.2409 | AY70: =AX70*(1+$D70) -> 7325.8384 | AZ70: =AY70*(1+$D70) -> 7567.13 | BA70: =AZ70*(1+$D70) -> 7816.369 | BB70: =BA70*(1+$D70) -> 8073.8172 | BC70: =BB70*(1+$D70) -> 8339.745 | ... BS70: =BR70*(1+$D70) -> 14006.657
A71: Finland | B71: FIN | C71: H | D71: ='Growth calculation'!G72 -> 0.012806261 | E71: 55250 | F71: 2025 | G71: projected | H71: 16460 | I71: 21520 | J71: 24090 | K71: 25980 | L71: 25070 | M71: 24150 | N71: 20660 | O71: 20150 | P71: 22010 | Q71: 24940 | R71: 26670 | S71: 25810 | T71: 26040 | U71: 26470 | V71: 25840 | W71: 25610 | X71: 28790 | Y71: 35370 | Z71: 40230 | AA71: 42830 | AB71: 46190 | AC71: 50160 | AD71: 48950 | AE71: 49750 | AF71: 50200 | AG71: 48820 | AH71: 49390 | AI71: 49210 | AJ71: 46860 | AK71: 45160 | AL71: 44520 | AM71: 47900 | AN71: 49590 | AO71: 49630 | AP71: 52810 | AQ71: 54120 | AR71: 52870 | AS71: 51710 | AT71: 55250 | AU71: =$E71*(1+$D71) -> 55957.546 | AV71: =AU71*(1+$D71) -> 56674.153 | AW71: =AV71*(1+$D71) -> 57399.937 | AX71: =AW71*(1+$D71) -> 58135.015 | AY71: =AX71*(1+$D71) -> 58879.508 | AZ71: =AY71*(1+$D71) -> 59633.534 | BA71: =AZ71*(1+$D71) -> 60397.217 | BB71: =BA71*(1+$D71) -> 61170.679 | BC71: =BB71*(1+$D71) -> 61954.047 | ... BS71: =BR71*(1+$D71) -> 75943.694
A72: France | B72: FRA | C72: H | D72: ='Growth calculation'!G73 -> 0.016692097 | E72: 48630 | F72: 2025 | G72: projected | H72: 14350 | I72: 18400 | J72: 19360 | K72: 20470 | L72: 21270 | M72: 23660 | N72: 23460 | O72: 24260 | P72: 25660 | Q72: 27020 | R72: 26890 | S72: 25740 | T72: 25340 | U72: 24950 | V72: 23800 | W72: 23040 | X72: 25900 | Y72: 31340 | Z72: 35870 | AA72: 37920 | AB72: 40200 | AC72: 43580 | AD72: 44090 | AE72: 44040 | AF72: 44610 | AG72: 43500 | AH72: 43950 | AI72: 43470 | AJ72: 41130 | AK72: 39020 | AL72: 38120 | AM72: 40960 | AN72: 42720 | AO72: 39690 | AP72: 44300 | AQ72: 46010 | AR72: 45770 | AS72: 45160 | AT72: 48630 | AU72: =$E72*(1+$D72) -> 49441.737 | AV72: =AU72*(1+$D72) -> 50267.023 | AW72: =AV72*(1+$D72) -> 51106.085 | AX72: =AW72*(1+$D72) -> 51959.153 | AY72: =AX72*(1+$D72) -> 52826.46 | AZ72: =AY72*(1+$D72) -> 53708.244 | BA72: =AZ72*(1+$D72) -> 54604.748 | BB72: =BA72*(1+$D72) -> 55516.215 | BC72: =BB72*(1+$D72) -> 56442.897 | ... BS72: =BR72*(1+$D72) -> 73559.787
A73: French Polynesia | B73: PYF | C73: H | D73: ='Growth calculation'!G74 -> 0.01244 | E73: 24100 | F73: 2024 | G73: projected - raised from 0.9% to the 1.244% floor | H73: 12330 | I73: 14340 | J73: 14790 | K73: 15190 | L73: 16110 | M73: 21490 | N73: 21190 | O73: 21230 | P73: 22180 | Q73: 22970 | R73: 21960 | S73: 20520 | T73: 19810 | U73: 19380 | Z73: 24320 | AA73: 25170 | AB73: 25940 | AC73: 27720 | AD73: 27530 | AE73: 26220 | AF73: 25270 | AG73: 24050 | AH73: 24290 | AI73: 23990 | AJ73: 23060 | AK73: 22170 | AL73: 22220 | AM73: 23700 | AN73: 24530 | AO73: 22170 | AP73: 23460 | AQ73: 24150 | AR73: 24370 | AS73: 24100 | AU73: =$E73*(1+$D73) -> 24399.804 | AV73: =AU73*(1+$D73) -> 24703.338 | AW73: =AV73*(1+$D73) -> 25010.647 | AX73: =AW73*(1+$D73) -> 25321.78 | AY73: =AX73*(1+$D73) -> 25636.782 | AZ73: =AY73*(1+$D73) -> 25955.704 | BA73: =AZ73*(1+$D73) -> 26278.593 | BB73: =BA73*(1+$D73) -> 26605.499 | BC73: =BB73*(1+$D73) -> 26936.471 | ... BS73: =BR73*(1+$D73) -> 32828.378
A74: Gabon | B74: GAB | C74: UM | D74: ='Growth calculation'!G75 -> 0.026904053 | E74: 8090 | F74: 2025 | G74: projected | H74: 3310 | I74: 4010 | J74: 4420 | K74: 4650 | L74: 4990 | M74: 4940 | N74: 4280 | O74: 3990 | P74: 3770 | Q74: 3960 | R74: 4130 | S74: 3810 | T74: 3160 | U74: 2980 | V74: 3290 | W74: 3460 | X74: 3700 | Y74: 4110 | Z74: 5240 | AA74: 5450 | AB74: 6240 | AC74: 6920 | AD74: 7170 | AE74: 7420 | AF74: 7680 | AG74: 8610 | AH74: 8870 | AI74: 8880 | AJ74: 7610 | AK74: 7180 | AL74: 6240 | AM74: 6690 | AN74: 7040 | AO74: 6820 | AP74: 7000 | AQ74: 7150 | AR74: 7660 | AS74: 7870 | AT74: 8090 | AU74: =$E74*(1+$D74) -> 8307.6538 | AV74: =AU74*(1+$D74) -> 8531.1633 | AW74: =AV74*(1+$D74) -> 8760.6862 | AX74: =AW74*(1+$D74) -> 8996.3842 | AY74: =AX74*(1+$D74) -> 9238.4234 | AZ74: =AY74*(1+$D74) -> 9486.9744 | BA74: =AZ74*(1+$D74) -> 9742.2125 | BB74: =BA74*(1+$D74) -> 10004.317 | BC74: =BB74*(1+$D74) -> 10273.474 | ... BS74: =BR74*(1+$D74) -> 15710.688
A75: Gambia, The | B75: GMB | C75: L | D75: ='Growth calculation'!G76 -> 0.053201507 | E75: 930 | F75: 2025 | G75: projected | H75: 290 | I75: 270 | J75: 270 | K75: 280 | L75: 360 | M75: 470 | N75: 630 | O75: 620 | P75: 620 | Q75: 630 | R75: 620 | S75: 600 | T75: 580 | U75: 560 | V75: 510 | W75: 410 | X75: 360 | Y75: 430 | Z75: 480 | AA75: 600 | AB75: 650 | AC75: 750 | AD75: 820 | AE75: 830 | AF75: 710 | AG75: 710 | AH75: 680 | AI75: 600 | AJ75: 590 | AK75: 590 | AL75: 620 | AM75: 680 | AN75: 720 | AO75: 720 | AP75: 760 | AQ75: 830 | AR75: 870 | AS75: 880 | AT75: 930 | AU75: =$E75*(1+$D75) -> 979.4774 | AV75: =AU75*(1+$D75) -> 1031.5871 | AW75: =AV75*(1+$D75) -> 1086.4691 | AX75: =AW75*(1+$D75) -> 1144.2709 | AY75: =AX75*(1+$D75) -> 1205.1478 | AZ75: =AY75*(1+$D75) -> 1269.2635 | BA75: =AZ75*(1+$D75) -> 1336.7902 | BB75: =BA75*(1+$D75) -> 1407.9094 | BC75: =BB75*(1+$D75) -> 1482.8123 | ... BS75: =BR75*(1+$D75) -> 3398.3628
A76: Georgia | B76: GEO | C76: UM | D76: ='Growth calculation'!G77 -> 0.090712 | E76: 8990 | F76: 2025 | G76: projected - cut from 10.4% to the UM p90 cap of 9.07% | K76: 1640 | L76: 1330 | M76: 750 | N76: 540 | O76: 510 | P76: 550 | Q76: 670 | R76: 820 | S76: 870 | T76: 840 | U76: 790 | V76: 780 | W76: 840 | X76: 990 | Y76: 1210 | Z76: 1520 | AA76: 1910 | AB76: 2380 | AC76: 2820 | AD76: 2950 | AE76: 3220 | AF76: 3580 | AG76: 4250 | AH76: 4680 | AI76: 4850 | AJ76: 4500 | AK76: 4180 | AL76: 4130 | AM76: 4580 | AN76: 4780 | AO76: 4330 | AP76: 4760 | AQ76: 5690 | AR76: 6710 | AS76: 7870 | AT76: 8990 | AU76: =$E76*(1+$D76) -> 9805.5009 | AV76: =AU76*(1+$D76) -> 10694.977 | AW76: =AV76*(1+$D76) -> 11665.14 | AX76: =AW76*(1+$D76) -> 12723.308 | AY76: =AX76*(1+$D76) -> 13877.465 | AZ76: =AY76*(1+$D76) -> 15136.318 | BA76: =AZ76*(1+$D76) -> 16509.364 | BB76: =BA76*(1+$D76) -> 18006.961 | BC76: =BB76*(1+$D76) -> 19640.408 | ... BS76: =BR76*(1+$D76) -> 78797.416
A77: Germany | B77: DEU | C77: H | D77: ='Growth calculation'!G78 -> 0.018191236 | E77: 60200 | F77: 2025 | G77: projected | H77: 14280 | I77: 18670 | J77: 19810 | K77: 21360 | L77: 22950 | M77: 25890 | N77: 26080 | O77: 27630 | P77: 29650 | Q77: 31020 | R77: 30270 | S77: 28070 | T77: 27020 | U77: 26380 | V77: 24990 | W77: 23920 | X77: 26470 | Y77: 32080 | Z77: 36310 | AA77: 38890 | AB77: 41130 | AC77: 44360 | AD77: 44470 | AE77: 45530 | AF77: 48200 | AG77: 47480 | AH77: 48160 | AI77: 48610 | AJ77: 46590 | AK77: 45340 | AL77: 44730 | AM77: 48770 | AN77: 50350 | AO77: 48540 | AP77: 52850 | AQ77: 55200 | AR77: 55420 | AS77: 55090 | AT77: 60200 | AU77: =$E77*(1+$D77) -> 61295.112 | AV77: =AU77*(1+$D77) -> 62410.146 | AW77: =AV77*(1+$D77) -> 63545.464 | AX77: =AW77*(1+$D77) -> 64701.435 | AY77: =AX77*(1+$D77) -> 65878.434 | AZ77: =AY77*(1+$D77) -> 67076.844 | BA77: =AZ77*(1+$D77) -> 68297.055 | BB77: =BA77*(1+$D77) -> 69539.462 | BC77: =BB77*(1+$D77) -> 70804.471 | ... BS77: =BR77*(1+$D77) -> 94477.928
A78: Ghana | B78: GHA | C78: LM | D78: ='Growth calculation'!G79 -> 0.028696936 | E78: 2630 | F78: 2025 | G78: projected | H78: 400 | I78: 420 | J78: 380 | K78: 380 | L78: 400 | M78: 420 | N78: 400 | O78: 370 | P78: 360 | Q78: 370 | R78: 380 | S78: 380 | T78: 390 | U78: 330 | V78: 290 | W78: 270 | X78: 310 | Y78: 370 | Z78: 450 | AA78: 570 | AB78: 770 | AC78: 1120 | AD78: 1160 | AE78: 1200 | AF78: 1350 | AG78: 1490 | AH78: 1790 | AI78: 1830 | AJ78: 1880 | AK78: 1760 | AL78: 1830 | AM78: 2060 | AN78: 2170 | AO78: 2120 | AP78: 2250 | AQ78: 2270 | AR78: 2310 | AS78: 2260 | AT78: 2630 | AU78: =$E78*(1+$D78) -> 2705.4729 | AV78: =AU78*(1+$D78) -> 2783.1117 | AW78: =AV78*(1+$D78) -> 2862.9785 | AX78: =AW78*(1+$D78) -> 2945.1372 | AY78: =AX78*(1+$D78) -> 3029.6536 | AZ78: =AY78*(1+$D78) -> 3116.5954 | BA78: =AZ78*(1+$D78) -> 3206.0322 | BB78: =BA78*(1+$D78) -> 3298.0355 | BC78: =BB78*(1+$D78) -> 3392.679 | ... BS78: =BR78*(1+$D78) -> 5335.092
A79: Gibraltar | B79: GIB | C79: H | G79: frozen - only 0 of 10 annual rates
A80: Greece | B80: GRC | C80: H | D80: ='Growth calculation'!G81 -> 0.028266649 | E80: 25360 | F80: 2025 | G80: projected | H80: 6020 | I80: 7450 | J80: 8150 | K80: 8810 | L80: 9670 | M80: 11000 | N80: 10940 | O80: 11390 | P80: 12180 | Q80: 13130 | R80: 13810 | S80: 13540 | T80: 13140 | U80: 13100 | V80: 12840 | W80: 12980 | X80: 15460 | Y80: 19280 | Z80: 22430 | AA80: 24160 | AB80: 25960 | AC80: 28330 | AD80: 29030 | AE80: 27320 | AF80: 24470 | AG80: 22750 | AH80: 22030 | AI80: 21670 | AJ80: 19920 | AK80: 18500 | AL80: 17890 | AM80: 19060 | AN80: 19770 | AO80: 18030 | AP80: 20350 | AQ80: 21980 | AR80: 22300 | AS80: 22730 | AT80: 25360 | AU80: =$E80*(1+$D80) -> 26076.842 | AV80: =AU80*(1+$D80) -> 26813.947 | AW80: =AV80*(1+$D80) -> 27571.888 | AX80: =AW80*(1+$D80) -> 28351.252 | AY80: =AX80*(1+$D80) -> 29152.647 | AZ80: =AY80*(1+$D80) -> 29976.695 | BA80: =AZ80*(1+$D80) -> 30824.036 | BB80: =BA80*(1+$D80) -> 31695.328 | BC80: =BB80*(1+$D80) -> 32591.249 | ... BS80: =BR80*(1+$D80) -> 50908.817
A81: Greenland | B81: GRL | C81: H | G81: frozen - only 0 of 10 annual rates | H81: 11470 | I81: 15170 | J81: 16970 | K81: 15690 | L81: 16510 | M81: 17440 | N81: 16600 | O81: 17830 | P81: 19470 | Q81: 20780 | R81: 20540 | S81: 20440 | T81: 19740 | U81: 20290 | V81: 19380 | W81: 18760 | X81: 20440 | Y81: 25740 | Z81: 30920 | AA81: 30240 | AB81: 34800
A82: Grenada | B82: GRD | C82: UM | D82: ='Growth calculation'!G83 -> 0.063955794 | E82: 11660 | F82: 2025 | G82: projected | H82: 2240 | I82: 2490 | J82: 2620 | K82: 2730 | L82: 2910 | M82: 3010 | N82: 2990 | O82: 3100 | P82: 3200 | Q82: 3380 | R82: 3530 | S82: 3840 | T82: 4140 | U82: 4410 | V82: 4310 | W82: 4450 | X82: 5050 | Y82: 5110 | Z82: 6340 | AA82: 6120 | AB82: 6500 | AC82: 6910 | AD82: 6390 | AE82: 6610 | AF82: 6730 | AG82: 6700 | AH82: 7040 | AI82: 7170 | AJ82: 7410 | AK82: 8000 | AL82: 8400 | AM82: 9220 | AN82: 9400 | AO82: 8390 | AP82: 8890 | AQ82: 9980 | AR82: 10100 | AS82: 10790 | AT82: 11660 | AU82: =$E82*(1+$D82) -> 12405.725 | AV82: =AU82*(1+$D82) -> 13199.143 | AW82: =AV82*(1+$D82) -> 14043.304 | AX82: =AW82*(1+$D82) -> 14941.455 | AY82: =AX82*(1+$D82) -> 15897.047 | AZ82: =AY82*(1+$D82) -> 16913.756 | BA82: =AZ82*(1+$D82) -> 17995.488 | BB82: =BA82*(1+$D82) -> 19146.404 | BC82: =BB82*(1+$D82) -> 20370.928 | ... BS82: =BR82*(1+$D82) -> 54927.287
A83: Guam | B83: GUM | C83: H | G83: frozen - only 0 of 10 annual rates
A84: Guatemala | B84: GTM | C84: UM | D84: ='Growth calculation'!G85 -> 0.057591699 | E84: 6360 | F84: 2025 | G84: projected | H84: 1020 | I84: 990 | J84: 980 | K84: 930 | L84: 970 | M84: 1030 | N84: 1140 | O84: 1230 | P84: 1350 | Q84: 1430 | R84: 1520 | S84: 1600 | T84: 1640 | U84: 1660 | V84: 1590 | W84: 1590 | X84: 1660 | Y84: 1830 | Z84: 1980 | AA84: 2130 | AB84: 2340 | AC84: 2570 | AD84: 2610 | AE84: 2690 | AF84: 2850 | AG84: 3090 | AH84: 3300 | AI84: 3460 | AJ84: 3610 | AK84: 3760 | AL84: 3980 | AM84: 4270 | AN84: 4490 | AO84: 4360 | AP84: 4800 | AQ84: 5220 | AR84: 5470 | AS84: 5780 | AT84: 6360 | AU84: =$E84*(1+$D84) -> 6726.2832 | AV84: =AU84*(1+$D84) -> 7113.6613 | AW84: =AV84*(1+$D84) -> 7523.3491 | AX84: =AW84*(1+$D84) -> 7956.6316 | AY84: =AX84*(1+$D84) -> 8414.8675 | AZ84: =AY84*(1+$D84) -> 8899.494 | BA84: =AZ84*(1+$D84) -> 9412.031 | BB84: =BA84*(1+$D84) -> 9954.0859 | BC84: =BB84*(1+$D84) -> 10527.359 | ... BS84: =BR84*(1+$D84) -> 25787.424
A85: Guinea | B85: GIN | C85: LM | D85: ='Growth calculation'!G86 -> 0.074681 | E85: 1730 | F85: 2025 | G85: projected - cut from 7.5% to the LM p90 cap of 7.47% | H85: 730 | I85: 590 | J85: 580 | K85: 600 | L85: 610 | M85: 660 | N85: 700 | O85: 700 | P85: 710 | Q85: 730 | R85: 720 | S85: 670 | T85: 640 | U85: 580 | V85: 530 | W85: 500 | X85: 500 | Y85: 550 | Z85: 530 | AA85: 500 | AB85: 530 | AC85: 610 | AD85: 660 | AE85: 680 | AF85: 670 | AG85: 680 | AH85: 680 | AI85: 730 | AJ85: 740 | AK85: 760 | AL85: 800 | AM85: 860 | AN85: 970 | AO85: 1030 | AP85: 1120 | AQ85: 1280 | AR85: 1340 | AS85: 1440 | AT85: 1730 | AU85: =$E85*(1+$D85) -> 1859.1981 | AV85: =AU85*(1+$D85) -> 1998.0449 | AW85: =AV85*(1+$D85) -> 2147.2609 | AX85: =AW85*(1+$D85) -> 2307.6205 | AY85: =AX85*(1+$D85) -> 2479.9559 | AZ85: =AY85*(1+$D85) -> 2665.1615 | BA85: =AZ85*(1+$D85) -> 2864.1984 | BB85: =BA85*(1+$D85) -> 3078.0996 | BC85: =BB85*(1+$D85) -> 3307.9752 | ... BS85: =BR85*(1+$D85) -> 10472.138
A86: Guinea-Bissau | B86: GNB | C86: L | D86: ='Growth calculation'!G87 -> 0.055641542 | E86: 1090 | F86: 2025 | G86: projected | H86: 450 | I86: 480 | J86: 540 | K86: 590 | L86: 650 | M86: 630 | N86: 590 | O86: 570 | P86: 590 | Q86: 630 | R86: 630 | S86: 460 | T86: 500 | U86: 410 | V86: 350 | W86: 330 | X86: 360 | Y86: 410 | Z86: 470 | AA86: 470 | AB86: 480 | AC86: 540 | AD86: 590 | AE86: 620 | AF86: 660 | AG86: 630 | AH86: 660 | AI86: 660 | AJ86: 670 | AK86: 670 | AL86: 710 | AM86: 750 | AN86: 850 | AO86: 860 | AP86: 910 | AQ86: 960 | AR86: 970 | AS86: 980 | AT86: 1090 | AU86: =$E86*(1+$D86) -> 1150.6493 | AV86: =AU86*(1+$D86) -> 1214.6732 | AW86: =AV86*(1+$D86) -> 1282.2595 | AX86: =AW86*(1+$D86) -> 1353.6064 | AY86: =AX86*(1+$D86) -> 1428.9231 | AZ86: =AY86*(1+$D86) -> 1508.4306 | BA86: =AZ86*(1+$D86) -> 1592.362 | BB86: =BA86*(1+$D86) -> 1680.9635 | BC86: =BB86*(1+$D86) -> 1774.4949 | ... BS86: =BR86*(1+$D86) -> 4220.2512
A87: Guyana | B87: GUY | C87: H | D87: ='Growth calculation'!G88 -> 0.062377451 | E87: 28470 | F87: 2025 | G87: projected | H87: 450 | I87: 460 | J87: 350 | K87: 390 | L87: 330 | M87: 390 | N87: 470 | O87: 570 | P87: 670 | Q87: 830 | R87: 880 | S87: 860 | T87: 850 | U87: 870 | V87: 860 | W87: 870 | X87: 910 | Y87: 1010 | Z87: 1070 | AA87: 1450 | AB87: 2250 | AC87: 3820 | AD87: 4160 | AE87: 4520 | AF87: 4860 | AG87: 5350 | AH87: 5610 | AI87: 5640 | AJ87: 5530 | AK87: 5610 | AL87: 5870 | AM87: 6100 | AN87: 6380 | AO87: 8090 | AP87: 7810 | AQ87: 14680 | AR87: 17770 | AS87: 26400 | AT87: 28470 | AU87: =$E87*(1+$D87) -> 30245.886 | AV87: =AU87*(1+$D87) -> 32132.547 | AW87: =AV87*(1+$D87) -> 34136.894 | AX87: =AW87*(1+$D87) -> 36266.266 | AY87: =AX87*(1+$D87) -> 38528.463 | AZ87: =AY87*(1+$D87) -> 40931.771 | BA87: =AZ87*(1+$D87) -> 43484.99 | BB87: =BA87*(1+$D87) -> 46197.473 | BC87: =BB87*(1+$D87) -> 49079.154 | ... BS87: =BR87*(1+$D87) -> 129228.58
A88: Haiti | B88: HTI | C88: LM | D88: ='Growth calculation'!G89 -> 0.019024247 | E88: 2010 | F88: 2025 | G88: projected | H88: 350 | I88: 390 | J88: 380 | K88: 430 | L88: 460 | M88: 400 | N88: 320 | O88: 260 | P88: 310 | Q88: 370 | R88: 400 | S88: 410 | T88: 460 | U88: 560 | V88: 650 | W88: 740 | X88: 690 | Y88: 680 | Z88: 710 | AA88: 800 | AB88: 900 | AC88: 1010 | AD88: 1160 | AE88: 1140 | AF88: 1260 | AG88: 1320 | AH88: 1410 | AI88: 1460 | AJ88: 1430 | AK88: 1380 | AL88: 1370 | AM88: 1430 | AN88: 1410 | AO88: 1340 | AP88: 1450 | AQ88: 1610 | AR88: 1740 | AS88: 1730 | AT88: 2010 | AU88: =$E88*(1+$D88) -> 2048.2387 | AV88: =AU88*(1+$D88) -> 2087.2049 | AW88: =AV88*(1+$D88) -> 2126.9124 | AX88: =AW88*(1+$D88) -> 2167.3753 | AY88: =AX88*(1+$D88) -> 2208.608 | AZ88: =AY88*(1+$D88) -> 2250.6251 | BA88: =AZ88*(1+$D88) -> 2293.4416 | BB88: =BA88*(1+$D88) -> 2337.0726 | BC88: =BB88*(1+$D88) -> 2381.5336 | ... BS88: =BR88*(1+$D88) -> 3219.6525
A89: Honduras | B89: HND | C89: LM | D89: ='Growth calculation'!G90 -> 0.054840538 | E89: 3270 | F89: 2025 | G89: projected | H89: 1100 | I89: 1160 | J89: 1060 | K89: 950 | L89: 880 | M89: 800 | N89: 810 | O89: 880 | P89: 920 | Q89: 910 | R89: 970 | S89: 960 | T89: 1010 | U89: 1060 | V89: 1050 | W89: 1070 | X89: 1130 | Y89: 1210 | Z89: 1290 | AA89: 1360 | AB89: 1490 | AC89: 1620 | AD89: 1670 | AE89: 1730 | AF89: 1860 | AG89: 1950 | AH89: 1990 | AI89: 1980 | AJ89: 2030 | AK89: 2090 | AL89: 2210 | AM89: 2280 | AN89: 2330 | AO89: 2120 | AP89: 2440 | AQ89: 2700 | AR89: 2870 | AS89: 3020 | AT89: 3270 | AU89: =$E89*(1+$D89) -> 3449.3286 | AV89: =AU89*(1+$D89) -> 3638.4916 | AW89: =AV89*(1+$D89) -> 3838.0284 | AX89: =AW89*(1+$D89) -> 4048.508 | AY89: =AX89*(1+$D89) -> 4270.5303 | AZ89: =AY89*(1+$D89) -> 4504.7285 | BA89: =AZ89*(1+$D89) -> 4751.7702 | BB89: =BA89*(1+$D89) -> 5012.3599 | BC89: =BB89*(1+$D89) -> 5287.2404 | ... BS89: =BR89*(1+$D89) -> 12422.759
A90: Hong Kong SAR, China | B90: HKG | C90: H | D90: ='Growth calculation'!G91 -> 0.044879468 | E90: 62500 | F90: 2025 | G90: projected | H90: 9080 | I90: 10770 | J90: 11550 | K90: 12660 | L90: 14320 | M90: 16560 | N90: 19560 | O90: 21820 | P90: 23570 | Q90: 24140 | R90: 26080 | S90: 25110 | T90: 25800 | U90: 26930 | V90: 26350 | W90: 25270 | X90: 26340 | Y90: 28120 | Z90: 28890 | AA90: 30290 | AB90: 32070 | AC90: 33950 | AD90: 32350 | AE90: 33620 | AF90: 35690 | AG90: 36340 | AH90: 38570 | AI90: 40240 | AJ90: 41180 | AK90: 42970 | AL90: 46380 | AM90: 50050 | AN90: 50480 | AO90: 48550 | AP90: 54380 | AQ90: 54000 | AR90: 54870 | AS90: 57410 | AT90: 62500 | AU90: =$E90*(1+$D90) -> 65304.967 | AV90: =AU90*(1+$D90) -> 68235.819 | AW90: =AV90*(1+$D90) -> 71298.206 | AX90: =AW90*(1+$D90) -> 74498.032 | AY90: =AX90*(1+$D90) -> 77841.464 | AZ90: =AY90*(1+$D90) -> 81334.947 | BA90: =AZ90*(1+$D90) -> 84985.217 | BB90: =BA90*(1+$D90) -> 88799.308 | BC90: =BB90*(1+$D90) -> 92784.574 | ... BS90: =BR90*(1+$D90) -> 187298.76
A91: Hungary | B91: HUN | C91: H | D91: ='Growth calculation'!G92 -> 0.055989796 | E91: 23850 | F91: 2025 | G91: projected | H91: 2520 | I91: 2840 | J91: 2910 | K91: 3020 | L91: 2910 | M91: 3320 | N91: 3670 | O91: 4040 | P91: 4260 | Q91: 4380 | R91: 4410 | S91: 4420 | T91: 4500 | U91: 4630 | V91: 4790 | W91: 5300 | X91: 6630 | Y91: 8650 | Z91: 10380 | AA91: 11230 | AB91: 11770 | AC91: 13250 | AD91: 13400 | AE91: 13250 | AF91: 13260 | AG91: 13080 | AH91: 13560 | AI91: 13630 | AJ91: 13310 | AK91: 13230 | AL91: 13310 | AM91: 15180 | AN91: 16840 | AO91: 16330 | AP91: 18070 | AQ91: 19200 | AR91: 19820 | AS91: 20800 | AT91: 23850 | AU91: =$E91*(1+$D91) -> 25185.357 | AV91: =AU91*(1+$D91) -> 26595.48 | AW91: =AV91*(1+$D91) -> 28084.555 | AX91: =AW91*(1+$D91) -> 29657.004 | AY91: =AX91*(1+$D91) -> 31317.493 | AZ91: =AY91*(1+$D91) -> 33070.953 | BA91: =AZ91*(1+$D91) -> 34922.589 | BB91: =BA91*(1+$D91) -> 36877.898 | BC91: =BB91*(1+$D91) -> 38942.684 | ... BS91: =BR91*(1+$D91) -> 93106.806
A92: Iceland | B92: ISL | C92: H | D92: ='Growth calculation'!G93 -> 0.071689 | E92: 89220 | F92: 2025 | G92: projected - cut from 7.2% to the H p90 cap of 7.17% | H92: 19480 | I92: 23940 | J92: 24680 | K92: 25300 | L92: 25760 | M92: 27030 | N92: 26610 | O92: 26170 | P92: 25990 | Q92: 27750 | R92: 28690 | S92: 29550 | T92: 30720 | U92: 32170 | V92: 31120 | W92: 31080 | X92: 33810 | Y92: 42100 | Z92: 51760 | AA92: 55160 | AB92: 63250 | AC92: 52520 | AD92: 43740 | AE92: 38480 | AF92: 39690 | AG92: 43190 | AH92: 49540 | AI92: 50800 | AJ92: 53170 | AK92: 59210 | AL92: 62770 | AM92: 72840 | AN92: 75560 | AO92: 66730 | AP92: 68000 | AQ92: 74620 | AR92: 80870 | AS92: 80910 | AT92: 89220 | AU92: =$E92*(1+$D92) -> 95616.093 | AV92: =AU92*(1+$D92) -> 102470.71 | AW92: =AV92*(1+$D92) -> 109816.74 | AX92: =AW92*(1+$D92) -> 117689.39 | AY92: =AX92*(1+$D92) -> 126126.42 | AZ92: =AY92*(1+$D92) -> 135168.3 | BA92: =AZ92*(1+$D92) -> 144858.38 | BB92: =BA92*(1+$D92) -> 155243.13 | BC92: =BB92*(1+$D92) -> 166372.36 | ... BS92: =BR92*(1+$D92) -> 503711.13
A93: India | B93: IND | C93: LM | D93: ='Growth calculation'!G94 -> 0.064409156 | E93: 2760 | F93: 2025 | G93: projected | H93: 360 | I93: 400 | J93: 390 | K93: 390 | L93: 350 | M93: 350 | N93: 330 | O93: 340 | P93: 370 | Q93: 400 | R93: 410 | S93: 410 | T93: 440 | U93: 440 | V93: 450 | W93: 460 | X93: 510 | Y93: 610 | Z93: 700 | AA93: 780 | AB93: 910 | AC93: 990 | AD93: 1110 | AE93: 1210 | AF93: 1350 | AG93: 1460 | AH93: 1500 | AI93: 1540 | AJ93: 1580 | AK93: 1670 | AL93: 1790 | AM93: 1970 | AN93: 2070 | AO93: 1900 | AP93: 2170 | AQ93: 2360 | AR93: 2490 | AS93: 2550 | AT93: 2760 | AU93: =$E93*(1+$D93) -> 2937.7693 | AV93: =AU93*(1+$D93) -> 3126.9885 | AW93: =AV93*(1+$D93) -> 3328.3952 | AX93: =AW93*(1+$D93) -> 3542.7743 | AY93: =AX93*(1+$D93) -> 3770.9614 | AZ93: =AY93*(1+$D93) -> 4013.8459 | BA93: =AZ93*(1+$D93) -> 4272.3743 | BB93: =BA93*(1+$D93) -> 4547.5543 | BC93: =BB93*(1+$D93) -> 4840.4585 | ... BS93: =BR93*(1+$D93) -> 13140.87
A94: Indonesia | B94: IDN | C94: UM | D94: ='Growth calculation'!G95 -> 0.047884258 | E94: 5120 | F94: 2025 | G94: projected | H94: 500 | I94: 510 | J94: 520 | K94: 560 | L94: 600 | M94: 650 | N94: 730 | O94: 840 | P94: 970 | Q94: 1070 | R94: 1080 | S94: 640 | T94: 560 | U94: 570 | V94: 700 | W94: 780 | X94: 880 | Y94: 1060 | Z94: 1200 | AA94: 1350 | AB94: 1570 | AC94: 1900 | AD94: 2110 | AE94: 2490 | AF94: 2960 | AG94: 3520 | AH94: 3670 | AI94: 3570 | AJ94: 3390 | AK94: 3370 | AL94: 3490 | AM94: 3810 | AN94: 4020 | AO94: 3850 | AP94: 4130 | AQ94: 4520 | AR94: 4810 | AS94: 4920 | AT94: 5120 | AU94: =$E94*(1+$D94) -> 5365.1674 | AV94: =AU94*(1+$D94) -> 5622.0745 | AW94: =AV94*(1+$D94) -> 5891.2833 | AX94: =AW94*(1+$D94) -> 6173.3831 | AY94: =AX94*(1+$D94) -> 6468.9909 | AZ94: =AY94*(1+$D94) -> 6778.7538 | BA94: =AZ94*(1+$D94) -> 7103.3494 | BB94: =BA94*(1+$D94) -> 7443.488 | BC94: =BB94*(1+$D94) -> 7799.9139 | ... BS94: =BR94*(1+$D94) -> 16485.528
A95: Iran, Islamic Rep. | B95: IRN | C95: UM | D95: ='Growth calculation'!G96 -> 0.01244 | E95: 4650 | F95: 2025 | G95: projected - raised from 1.2% to the 1.244% floor | H95: 3320 | I95: 2850 | J95: 2440 | K95: 2450 | L95: 2460 | M95: 2270 | N95: 1590 | O95: 1300 | P95: 1270 | Q95: 1600 | R95: 1790 | S95: 1770 | T95: 1730 | U95: 1750 | V95: 1780 | W95: 1880 | X95: 2180 | Y95: 2450 | Z95: 2850 | AA95: 3330 | AB95: 4070 | AC95: 4720 | AD95: 5260 | AE95: 5910 | AF95: 6680 | AG95: 7310 | AH95: 7220 | AI95: 6660 | AJ95: 5460 | AK95: 5530 | AL95: 5640 | AM95: 5390 | AN95: 4710 | AO95: 3980 | AP95: 4110 | AQ95: 4390 | AR95: 5070 | AS95: 5130 | AT95: 4650 | AU95: =$E95*(1+$D95) -> 4707.846 | AV95: =AU95*(1+$D95) -> 4766.4116 | AW95: =AV95*(1+$D95) -> 4825.7058 | AX95: =AW95*(1+$D95) -> 4885.7375 | AY95: =AX95*(1+$D95) -> 4946.5161 | AZ95: =AY95*(1+$D95) -> 5008.0508 | BA95: =AZ95*(1+$D95) -> 5070.3509 | BB95: =BA95*(1+$D95) -> 5133.4261 | BC95: =BB95*(1+$D95) -> 5197.2859 | ... BS95: =BR95*(1+$D95) -> 6334.1061
... A97: Ireland | B97: IRL | C97: H | D97: ='Growth calculation'!G98 -> 0.037474957 | E97: 87360 | F97: 2025 | G97: projected | H97: 8220 | I97: 10420 | J97: 11100 | K97: 12560 | L97: 13130 | M97: 14440 | N97: 14600 | O97: 15480 | P97: 16920 | Q97: 18880 | R97: 20650 | S97: 21430 | T97: 22690 | U97: 24130 | V97: 24080 | W97: 24920 | X97: 29980 | Y97: 37840 | Z97: 44640 | AA97: 47950 | AB97: 50540 | AC97: 50940 | AD97: 46810 | AE97: 44970 | AF97: 42670 | AG97: 41070 | AH97: 44170 | AI97: 47580 | AJ97: 52340 | AK97: 52880 | AL97: 54410 | AM97: 59110 | AN97: 62460 | AO97: 64420 | AP97: 74070 | AQ97: 75970 | AR97: 79280 | AS97: 80650 | AT97: 87360 | AU97: =$E97*(1+$D97) -> 90633.812 | AV97: =AU97*(1+$D97) -> 94030.31 | AW97: =AV97*(1+$D97) -> 97554.092 | AX97: =AW97*(1+$D97) -> 101209.93 | AY97: =AX97*(1+$D97) -> 105002.77 | AZ97: =AY97*(1+$D97) -> 108937.74 | BA97: =AZ97*(1+$D97) -> 113020.18 | BB97: =BA97*(1+$D97) -> 117255.6 | BC97: =BB97*(1+$D97) -> 121649.75 | ... BS97: =BR97*(1+$D97) -> 219155.91
A98: Isle of Man | B98: IMN | C98: H | D98: ='Growth calculation'!G99 -> 0.01244 | E98: 87030 | F98: 2023 | G98: projected - raised from 0.1% to the 1.244% floor | H98: 7930 | I98: 10360 | J98: 11430 | K98: 12410 | L98: 13120 | M98: 14420 | N98: 13920 | O98: 13740 | P98: 14170 | Q98: 15490 | R98: 17210 | S98: 18970 | T98: 21680 | U98: 22470 | V98: 23100 | W98: 24130 | X98: 27590 | Y98: 33670 | Z98: 39430 | AA98: 44860 | AB98: 47950 | AC98: 43640 | AD98: 46790 | AE98: 72410 | AF98: 74840 | AG98: 82400 | AH98: 87680 | AI98: 88570 | AJ98: 83630 | AK98: 78690 | AL98: 77890 | AM98: 83430 | AN98: 84470 | AO98: 79280 | AP98: 76440 | AQ98: 78440 | AR98: 87030 | AU98: =$E98*(1+$D98) -> 88112.653 | AV98: =AU98*(1+$D98) -> 89208.775 | AW98: =AV98*(1+$D98) -> 90318.532 | AX98: =AW98*(1+$D98) -> 91442.094 | AY98: =AX98*(1+$D98) -> 92579.634 | AZ98: =AY98*(1+$D98) -> 93731.325 | BA98: =AZ98*(1+$D98) -> 94897.342 | BB98: =BA98*(1+$D98) -> 96077.865 | BC98: =BB98*(1+$D98) -> 97273.074 | ... BS98: =BR98*(1+$D98) -> 118549.95
A99: Israel | B99: ISR | C99: H | D99: ='Growth calculation'!G100 -> 0.043879573 | E99: 56180 | F99: 2025 | G99: projected | H99: 9000 | I99: 11050 | J99: 11590 | K99: 12860 | L99: 13660 | M99: 15270 | N99: 15670 | O99: 16620 | P99: 18050 | Q99: 19560 | R99: 20070 | S99: 19830 | T99: 19500 | U99: 20360 | V99: 20360 | W99: 19550 | X99: 19650 | Y99: 20960 | Z99: 22490 | AA99: 23340 | AB99: 25080 | AC99: 27300 | AD99: 28440 | AE99: 30770 | AF99: 32820 | AG99: 33500 | AH99: 35470 | AI99: 37000 | AJ99: 36900 | AK99: 37240 | AL99: 38600 | AM99: 41960 | AN99: 44110 | AO99: 43330 | AP99: 49640 | AQ99: 55460 | AR99: 54480 | AS99: 53090 | AT99: 56180 | AU99: =$E99*(1+$D99) -> 58645.154 | AV99: =AU99*(1+$D99) -> 61218.479 | AW99: =AV99*(1+$D99) -> 63904.72 | AX99: =AW99*(1+$D99) -> 66708.831 | AY99: =AX99*(1+$D99) -> 69635.986 | AZ99: =AY99*(1+$D99) -> 72691.584 | BA99: =AZ99*(1+$D99) -> 75881.259 | BB99: =BA99*(1+$D99) -> 79210.897 | BC99: =BB99*(1+$D99) -> 82686.637 | ... BS99: =BR99*(1+$D99) -> 164377.25
A100: Italy | B100: ITA | C100: H | D100: ='Growth calculation'!G101 -> 0.01244 | E100: 42080 | F100: 2025 | G100: projected - raised from 1.0% to the 1.244% floor | H100: 12190 | I100: 15990 | J100: 17340 | K100: 18710 | L100: 20410 | M100: 23010 | N100: 21640 | O100: 20910 | P100: 20720 | Q100: 21880 | R100: 22370 | S100: 22270 | T100: 22050 | U100: 21980 | V100: 21260 | W100: 20830 | X100: 23440 | Y100: 28390 | Z100: 32480 | AA100: 34260 | AB100: 35880 | AC100: 37870 | AD100: 37830 | AE100: 37720 | AF100: 37710 | AG100: 35970 | AH100: 35700 | AI100: 35370 | AJ100: 33460 | AK100: 32400 | AL100: 31790 | AM100: 34270 | AN100: 35030 | AO100: 32600 | AP100: 36760 | AQ100: 39060 | AR100: 38750 | AS100: 38640 | AT100: 42080 | AU100: =$E100*(1+$D100) -> 42603.475 | AV100: =AU100*(1+$D100) -> 43133.462 | AW100: =AV100*(1+$D100) -> 43670.043 | AX100: =AW100*(1+$D100) -> 44213.298 | AY100: =AX100*(1+$D100) -> 44763.311 | AZ100: =AY100*(1+$D100) -> 45320.167 | BA100: =AZ100*(1+$D100) -> 45883.95 | BB100: =BA100*(1+$D100) -> 46454.746 | BC100: =BB100*(1+$D100) -> 47032.643 | ... BS100: =BR100*(1+$D100) -> 57320.255
A101: Jamaica | B101: JAM | C101: UM | D101: ='Growth calculation'!G102 -> 0.060028865 | E101: 7790 | F101: 2025 | G101: projected | H101: 1190 | I101: 1510 | J101: 1720 | K101: 1800 | L101: 1760 | M101: 1630 | N101: 1860 | O101: 1900 | P101: 2330 | Q101: 2560 | R101: 2800 | S101: 2940 | T101: 3170 | U101: 3300 | V101: 3300 | W101: 3320 | X101: 3500 | Y101: 3730 | Z101: 3870 | AA101: 4170 | AB101: 4400 | AC101: 4660 | AD101: 4420 | AE101: 4490 | AF101: 4700 | AG101: 5100 | AH101: 5150 | AI101: 5060 | AJ101: 4940 | AK101: 4990 | AL101: 5300 | AM101: 5610 | AN101: 5930 | AO101: 5360 | AP101: 5690 | AQ101: 6340 | AR101: 6860 | AS101: 7190 | AT101: 7790 | AU101: =$E101*(1+$D101) -> 8257.6249 | AV101: =AU101*(1+$D101) -> 8753.3207 | AW101: =AV101*(1+$D101) -> 9278.7726 | AX101: =AW101*(1+$D101) -> 9835.7668 | AY101: =AX101*(1+$D101) -> 10426.197 | AZ101: =AY101*(1+$D101) -> 11052.069 | BA101: =AZ101*(1+$D101) -> 11715.513 | BB101: =BA101*(1+$D101) -> 12418.782 | BC101: =BB101*(1+$D101) -> 13164.267 | ... BS101: =BR101*(1+$D101) -> 33456.441
A102: Japan | B102: JPN | C102: H | D102: ='Growth calculation'!G103 -> 0.01244 | E102: 38340 | F102: 2025 | G102: projected - raised from -0.7% to the 1.244% floor | H102: 18770 | I102: 25750 | J102: 28050 | K102: 28990 | L102: 29660 | M102: 31650 | N102: 34780 | O102: 38380 | P102: 43580 | Q102: 44730 | R102: 41610 | S102: 35530 | T102: 34750 | U102: 37330 | V102: 37890 | W102: 35880 | X102: 36120 | Y102: 39430 | Z102: 41690 | AA102: 41030 | AB102: 39770 | AC102: 39820 | AD102: 39540 | AE102: 44290 | AF102: 47800 | AG102: 50540 | AH102: 49350 | AI102: 45180 | AJ102: 40140 | AK102: 39220 | AL102: 39700 | AM102: 42720 | AN102: 42960 | AO102: 41880 | AP102: 45160 | AQ102: 44300 | AR102: 40740 | AS102: 37170 | AT102: 38340 | AU102: =$E102*(1+$D102) -> 38816.95 | AV102: =AU102*(1+$D102) -> 39299.832 | AW102: =AV102*(1+$D102) -> 39788.722 | AX102: =AW102*(1+$D102) -> 40283.694 | AY102: =AX102*(1+$D102) -> 40784.823 | AZ102: =AY102*(1+$D102) -> 41292.186 | BA102: =AZ102*(1+$D102) -> 41805.861 | BB102: =BA102*(1+$D102) -> 42325.926 | BC102: =BB102*(1+$D102) -> 42852.461 | ... BS102: =BR102*(1+$D102) -> 52225.726
...

Sheet Growth calculation
A1: Growth rate: the median of the ten annual rates to 2025, then the floor and the cap applied | E1: raised by floor | F1: =COUNTIF(H5:H222,"raised by floor") -> 37 | H1: cut by cap | I1: =COUNTIF(H5:H222,"cut by cap") -> 21 | K1: unadjusted | L1: =COUNTIF(H5:H222,"unadjusted") -> 139 | N1: frozen | O1: =COUNTIF(H5:H222,"frozen") -> 21
A4: Economy | B4: Code | C4: 2025 class | D4: Median, last 10 years | E4: Floor | F4: Cap | G4: Rate used | H4: Adjustment | I4: Change | J4: Obs | K4: 2016 | L4: 2017 | M4: 2018 | N4: 2019 | O4: 2020 | P4: 2021 | Q4: 2022 | R4: 2023 | S4: 2024 | T4: 2025 | U4: Status
A5: Afghanistan | B5: AFG | C5: L | D5: =IFERROR(MEDIAN(K5:T5),"") -> -0.026315789 | E5: =Assumptions!$C$5 -> 0.01244 | F5: =IF($C5="L",Assumptions!$C$8,IF($C5="LM",Assumptions!$C$9,IF($C5="UM",Assumptions!$C$10,Assumptions!$C$11))) -> 0.055948 | G5: =IF(J5<Assumptions!$C$13,"",MIN(MAX(D5,E5),F5)) -> 0.01244 | H5: =IF(G5="","frozen",IF(ROUND(G5-D5,8)>0,"raised by floor",IF(ROUND(G5-D5,8)<0,"cut by cap","unadjusted"))) -> raised by floor | I5: =IF(OR(G5="",D5=""),"",G5-D5) -> 0.038755789 | J5: =COUNT(K5:T5) -> 9 | K5: =IF(OR('GNI per capita'!AJ4="",'GNI per capita'!AK4=""),"",'GNI per capita'!AK4/'GNI per capita'!AJ4-1) -> -0.050847458 | L5: =IF(OR('GNI per capita'!AK4="",'GNI per capita'!AL4=""),"",'GNI per capita'!AL4/'GNI per capita'!AK4-1) -> -0.053571429 | M5: =IF(OR('GNI per capita'!AL4="",'GNI per capita'!AM4=""),"",'GNI per capita'!AM4/'GNI per capita'!AL4-1) -> -0.018867925 | N5: =IF(OR('GNI per capita'!AM4="",'GNI per capita'!AN4=""),"",'GNI per capita'!AN4/'GNI per capita'!AM4-1) -> 0 | O5: =IF(OR('GNI per capita'!AN4="",'GNI per capita'!AO4=""),"",'GNI per capita'!AO4/'GNI per capita'!AN4-1) -> -0.057692308 | P5: =IF(OR('GNI per capita'!AO4="",'GNI per capita'!AP4=""),"",'GNI per capita'!AP4/'GNI per capita'!AO4-1) -> -0.2244898 | Q5: =IF(OR('GNI per capita'!AP4="",'GNI per capita'!AQ4=""),"",'GNI per capita'!AQ4/'GNI per capita'!AP4-1) -> -0.026315789 | R5: =IF(OR('GNI per capita'!AQ4="",'GNI per capita'!AR4=""),"",'GNI per capita'!AR4/'GNI per capita'!AQ4-1) -> 0 | ... T5: =IF(OR('GNI per capita'!AS4="",'GNI per capita'!AT4=""),"",'GNI per capita'!AT4/'GNI per capita'!AS4-1) | U5: projected - raised from -2.6% to the 1.244% floor
A6: Albania | B6: ALB | C6: UM | D6: =IFERROR(MEDIAN(K6:T6),"") -> 0.12225814 | E6: =Assumptions!$C$5 -> 0.01244 | F6: =IF($C6="L",Assumptions!$C$8,IF($C6="LM",Assumptions!$C$9,IF($C6="UM",Assumptions!$C$10,Assumptions!$C$11))) -> 0.090712 | G6: =IF(J6<Assumptions!$C$13,"",MIN(MAX(D6,E6),F6)) -> 0.090712 | H6: =IF(G6="","frozen",IF(ROUND(G6-D6,8)>0,"raised by floor",IF(ROUND(G6-D6,8)<0,"cut by cap","unadjusted"))) -> cut by cap | I6: =IF(OR(G6="",D6=""),"",G6-D6) -> -0.031546142 | J6: =COUNT(K6:T6) -> 10 | K6: =IF(OR('GNI per capita'!AJ5="",'GNI per capita'!AK5=""),"",'GNI per capita'!AK5/'GNI per capita'!AJ5-1) -> 0.0021459227 | L6: =IF(OR('GNI per capita'!AK5="",'GNI per capita'!AL5=""),"",'GNI per capita'!AL5/'GNI per capita'!AK5-1) -> 0.0064239829 | M6: =IF(OR('GNI per capita'!AL5="",'GNI per capita'!AM5=""),"",'GNI per capita'!AM5/'GNI per capita'!AL5-1) -> 0.14893617 | N6: =IF(OR('GNI per capita'!AM5="",'GNI per capita'!AN5=""),"",'GNI per capita'!AN5/'GNI per capita'!AM5-1) -> 0.092592593 | O6: =IF(OR('GNI per capita'!AN5="",'GNI per capita'!AO5=""),"",'GNI per capita'!AO5/'GNI per capita'!AN5-1) -> 0.011864407 | P6: =IF(OR('GNI per capita'!AO5="",'GNI per capita'!AP5=""),"",'GNI per capita'!AP5/'GNI per capita'!AO5-1) -> 0.16247906 | Q6: =IF(OR('GNI per capita'!AP5="",'GNI per capita'!AQ5=""),"",'GNI per capita'!AQ5/'GNI per capita'!AP5-1) -> 0.11239193 | R6: =IF(OR('GNI per capita'!AQ5="",'GNI per capita'!AR5=""),"",'GNI per capita'!AR5/'GNI per capita'!AQ5-1) -> 0.13212435 | ... T6: =IF(OR('GNI per capita'!AS5="",'GNI per capita'!AT5=""),"",'GNI per capita'!AT5/'GNI per capita'!AS5-1) -> 0.21695257 | U6: projected - cut from 12.2% to the UM p90 cap of 9.07%
A7: Algeria | B7: DZA | C7: UM | D7: =IFERROR(MEDIAN(K7:T7),"") -> 0.015808597 | E7: =Assumptions!$C$5 -> 0.01244 | F7: =IF($C7="L",Assumptions!$C$8,IF($C7="LM",Assumptions!$C$9,IF($C7="UM",Assumptions!$C$10,Assumptions!$C$11))) -> 0.090712 | G7: =IF(J7<Assumptions!$C$13,"",MIN(MAX(D7,E7),F7)) -> 0.015808597 | H7: =IF(G7="","frozen",IF(ROUND(G7-D7,8)>0,"raised by floor",IF(ROUND(G7-D7,8)<0,"cut by cap","unadjusted"))) -> unadjusted | I7: =IF(OR(G7="",D7=""),"",G7-D7) -> 0 | J7: =COUNT(K7:T7) -> 10 | K7: =IF(OR('GNI per capita'!AJ6="",'GNI per capita'!AK6=""),"",'GNI per capita'!AK6/'GNI per capita'!AJ6-1) -> -0.087198516 | L7: =IF(OR('GNI per capita'!AK6="",'GNI per capita'!AL6=""),"",'GNI per capita'!AL6/'GNI per capita'!AK6-1) -> -0.097560976 | M7: =IF(OR('GNI per capita'!AL6="",'GNI per capita'!AM6=""),"",'GNI per capita'!AM6/'GNI per capita'!AL6-1) -> 0.0022522523 | N7: =IF(OR('GNI per capita'!AM6="",'GNI per capita'!AN6=""),"",'GNI per capita'!AN6/'GNI per capita'!AM6-1) -> 0.006741573 | O7: =IF(OR('GNI per capita'!AN6="",'GNI per capita'!AO6=""),"",'GNI per capita'!AO6/'GNI per capita'!AN6-1) -> -0.10267857 | P7: =IF(OR('GNI per capita'!AO6="",'GNI per capita'!AP6=""),"",'GNI per capita'!AP6/'GNI per capita'!AO6-1) -> 0.024875622 | Q7: =IF(OR('GNI per capita'!AP6="",'GNI per capita'!AQ6=""),"",'GNI per capita'!AQ6/'GNI per capita'!AP6-1) -> 0.075242718 | R7: =IF(OR('GNI per capita'!AQ6="",'GNI per capita'!AR6=""),"",'GNI per capita'!AR6/'GNI per capita'!AQ6-1) -> 0.11738149 | ... T7: =IF(OR('GNI per capita'!AS6="",'GNI per capita'!AT6=""),"",'GNI per capita'!AT6/'GNI per capita'!AS6-1) -> 0.089385475 | U7: projected
A8: American Samoa | B8: ASM | C8: H | D8: =IFERROR(MEDIAN(K8:T8),"") | E8: =Assumptions!$C$5 -> 0.01244 | F8: =IF($C8="L",Assumptions!$C$8,IF($C8="LM",Assumptions!$C$9,IF($C8="UM",Assumptions!$C$10,Assumptions!$C$11))) -> 0.071689 | G8: =IF(J8<Assumptions!$C$13,"",MIN(MAX(D8,E8),F8)) | H8: =IF(G8="","frozen",IF(ROUND(G8-D8,8)>0,"raised by floor",IF(ROUND(G8-D8,8)<0,"cut by cap","unadjusted"))) -> frozen | I8: =IF(OR(G8="",D8=""),"",G8-D8) | J8: =COUNT(K8:T8) -> 0 | K8: =IF(OR('GNI per capita'!AJ7="",'GNI per capita'!AK7=""),"",'GNI per capita'!AK7/'GNI per capita'!AJ7-1) | L8: =IF(OR('GNI per capita'!AK7="",'GNI per capita'!AL7=""),"",'GNI per capita'!AL7/'GNI per capita'!AK7-1) | M8: =IF(OR('GNI per capita'!AL7="",'GNI per capita'!AM7=""),"",'GNI per capita'!AM7/'GNI per capita'!AL7-1) | N8: =IF(OR('GNI per capita'!AM7="",'GNI per capita'!AN7=""),"",'GNI per capita'!AN7/'GNI per capita'!AM7-1) | O8: =IF(OR('GNI per capita'!AN7="",'GNI per capita'!AO7=""),"",'GNI per capita'!AO7/'GNI per capita'!AN7-1) | P8: =IF(OR('GNI per capita'!AO7="",'GNI per capita'!AP7=""),"",'GNI per capita'!AP7/'GNI per capita'!AO7-1) | Q8: =IF(OR('GNI per capita'!AP7="",'GNI per capita'!AQ7=""),"",'GNI per capita'!AQ7/'GNI per capita'!AP7-1) | R8: =IF(OR('GNI per capita'!AQ7="",'GNI per capita'!AR7=""),"",'GNI per capita'!AR7/'GNI per capita'!AQ7-1) | ... T8: =IF(OR('GNI per capita'!AS7="",'GNI per capita'!AT7=""),"",'GNI per capita'!AT7/'GNI per capita'!AS7-1) | U8: frozen - only 0 of 10 annual rates
A9: Andorra | B9: AND | C9: H | D9: =IFERROR(MEDIAN(K9:T9),"") -> 0.030098683 | E9: =Assumptions!$C$5 -> 0.01244 | F9: =IF($C9="L",Assumptions!$C$8,IF($C9="LM",Assumptions!$C$9,IF($C9="UM",Assumptions!$C$10,Assumptions!$C$11))) -> 0.071689 | G9: =IF(J9<Assumptions!$C$13,"",MIN(MAX(D9,E9),F9)) | H9: =IF(G9="","frozen",IF(ROUND(G9-D9,8)>0,"raised by floor",IF(ROUND(G9-D9,8)<0,"cut by cap","unadjusted"))) -> frozen | I9: =IF(OR(G9="",D9=""),"",G9-D9) | J9: =COUNT(K9:T9) -> 6 | K9: =IF(OR('GNI per capita'!AJ8="",'GNI per capita'!AK8=""),"",'GNI per capita'!AK8/'GNI per capita'!AJ8-1) | L9: =IF(OR('GNI per capita'!AK8="",'GNI per capita'!AL8=""),"",'GNI per capita'!AL8/'GNI per capita'!AK8-1) | M9: =IF(OR('GNI per capita'!AL8="",'GNI per capita'!AM8=""),"",'GNI per capita'!AM8/'GNI per capita'!AL8-1) | N9: =IF(OR('GNI per capita'!AM8="",'GNI per capita'!AN8=""),"",'GNI per capita'!AN8/'GNI per capita'!AM8-1) | O9: =IF(OR('GNI per capita'!AN8="",'GNI per capita'!AO8=""),"",'GNI per capita'!AO8/'GNI per capita'!AN8-1) -> -0.086114101 | P9: =IF(OR('GNI per capita'!AO8="",'GNI per capita'!AP8=""),"",'GNI per capita'!AP8/'GNI per capita'!AO8-1) -> 0.053474676 | Q9: =IF(OR('GNI per capita'!AP8="",'GNI per capita'!AQ8=""),"",'GNI per capita'!AQ8/'GNI per capita'!AP8-1) -> 0.064400716 | R9: =IF(OR('GNI per capita'!AQ8="",'GNI per capita'!AR8=""),"",'GNI per capita'!AR8/'GNI per capita'!AQ8-1) -> 0.0067226891 | ... T9: =IF(OR('GNI per capita'!AS8="",'GNI per capita'!AT8=""),"",'GNI per capita'!AT8/'GNI per capita'!AS8-1) -> 0.11499791 | U9: frozen - only 6 of 10 annual rates
A10: Angola | B10: AGO | C10: LM | D10: =IFERROR(MEDIAN(K10:T10),"") -> -0.008245614 | E10: =Assumptions!$C$5 -> 0.01244 | F10: =IF($C10="L",Assumptions!$C$8,IF($C10="LM",Assumptions!$C$9,IF($C10="UM",Assumptions!$C$10,Assumptions!$C$11))) -> 0.074681 | G10: =IF(J10<Assumptions!$C$13,"",MIN(MAX(D10,E10),F10)) -> 0.01244 | H10: =IF(G10="","frozen",IF(ROUND(G10-D10,8)>0,"raised by floor",IF(ROUND(G10-D10,8)<0,"cut by cap","unadjusted"))) -> raised by floor | I10: =IF(OR(G10="",D10=""),"",G10-D10) -> 0.020685614 | J10: =COUNT(K10:T10) -> 10 | K10: =IF(OR('GNI per capita'!AJ9="",'GNI per capita'!AK9=""),"",'GNI per capita'!AK9/'GNI per capita'!AJ9-1) -> -0.33483146 | L10: =IF(OR('GNI per capita'!AK9="",'GNI per capita'!AL9=""),"",'GNI per capita'!AL9/'GNI per capita'!AK9-1) -> -0.17567568 | M10: =IF(OR('GNI per capita'!AL9="",'GNI per capita'!AM9=""),"",'GNI per capita'!AM9/'GNI per capita'!AL9-1) -> -0.057377049 | N10: =IF(OR('GNI per capita'!AM9="",'GNI per capita'!AN9=""),"",'GNI per capita'!AN9/'GNI per capita'!AM9-1) -> 0.069565217 | O10: =IF(OR('GNI per capita'!AN9="",'GNI per capita'!AO9=""),"",'GNI per capita'!AO9/'GNI per capita'!AN9-1) -> -0.18699187 | P10: =IF(OR('GNI per capita'!AO9="",'GNI per capita'!AP9=""),"",'GNI per capita'!AP9/'GNI per capita'!AO9-1) -> -0.02 | Q10: =IF(OR('GNI per capita'!AP9="",'GNI per capita'!AQ9=""),"",'GNI per capita'!AQ9/'GNI per capita'!AP9-1) -> 0.16836735 | R10: =IF(OR('GNI per capita'!AQ9="",'GNI per capita'!AR9=""),"",'GNI per capita'!AR9/'GNI per capita'!AQ9-1) -> 0.15720524 | ... T10: =IF(OR('GNI per capita'!AS9="",'GNI per capita'!AT9=""),"",'GNI per capita'!AT9/'GNI per capita'!AS9-1) -> 0.0035087719 | U10: projected - raised from -0.8% to the 1.244% floor
A11: Antigua and Barbuda | B11: ATG | C11: H | D11: =IFERROR(MEDIAN(K11:T11),"") -> 0.065642147 | E11: =Assumptions!$C$5 -> 0.01244 | F11: =IF($C11="L",Assumptions!$C$8,IF($C11="LM",Assumptions!$C$9,IF($C11="UM",Assumptions!$C$10,Assumptions!$C$11))) -> 0.071689 | G11: =IF(J11<Assumptions!$C$13,"",MIN(MAX(D11,E11),F11)) -> 0.065642147 | H11: =IF(G11="","frozen",IF(ROUND(G11-D11,8)>0,"raised by floor",IF(ROUND(G11-D11,8)<0,"cut by cap","unadjusted"))) -> unadjusted | I11: =IF(OR(G11="",D11=""),"",G11-D11) -> 0 | J11: =COUNT(K11:T11) -> 10 | K11: =IF(OR('GNI per capita'!AJ10="",'GNI per capita'!AK10=""),"",'GNI per capita'!AK10/'GNI per capita'!AJ10-1) -> 0.036426117 | L11: =IF(OR('GNI per capita'!AK10="",'GNI per capita'!AL10=""),"",'GNI per capita'!AL10/'GNI per capita'!AK10-1) -> 0.051724138 | M11: =IF(OR('GNI per capita'!AL10="",'GNI per capita'!AM10=""),"",'GNI per capita'!AM10/'GNI per capita'!AL10-1) -> 0.10088272 | N11: =IF(OR('GNI per capita'!AM10="",'GNI per capita'!AN10=""),"",'GNI per capita'!AN10/'GNI per capita'!AM10-1) -> 0.045246277 | O11: =IF(OR('GNI per capita'!AN10="",'GNI per capita'!AO10=""),"",'GNI per capita'!AO10/'GNI per capita'!AN10-1) -> -0.15287671 | P11: =IF(OR('GNI per capita'!AO10="",'GNI per capita'!AP10=""),"",'GNI per capita'!AP10/'GNI per capita'!AO10-1) -> 0.079560155 | Q11: =IF(OR('GNI per capita'!AP10="",'GNI per capita'!AQ10=""),"",'GNI per capita'!AQ10/'GNI per capita'!AP10-1) -> 0.12222888 | R11: =IF(OR('GNI per capita'!AQ10="",'GNI per capita'!AR10=""),"",'GNI per capita'!AR10/'GNI per capita'!AQ10-1) -> 0.08115323 | ... T11: =IF(OR('GNI per capita'!AS10="",'GNI per capita'!AT10=""),"",'GNI per capita'!AT10/'GNI per capita'!AS10-1) -> 0.12216981 | U11: projected
A12: Argentina | B12: ARG | C12: UM | D12: =IFERROR(MEDIAN(K12:T12),"") -> 0.06235372 | E12: =Assumptions!$C$5 -> 0.01244 | F12: =IF($C12="L",Assumptions!$C$8,IF($C12="LM",Assumptions!$C$9,IF($C12="UM",Assumptions!$C$10,Assumptions!$C$11))) -> 0.090712 | G12: =IF(J12<Assumptions!$C$13,"",MIN(MAX(D12,E12),F12)) -> 0.06235372 | H12: =IF(G12="","frozen",IF(ROUND(G12-D12,8)>0,"raised by floor",IF(ROUND(G12-D12,8)<0,"cut by cap","unadjusted"))) -> unadjusted | I12: =IF(OR(G12="",D12=""),"",G12-D12) -> 0 | J12: =COUNT(K12:T12) -> 10 | K12: =IF(OR('GNI per capita'!AJ11="",'GNI per capita'!AK11=""),"",'GNI per capita'!AK11/'GNI per capita'!AJ11-1) -> -0.0296 | L12: =IF(OR('GNI per capita'!AK11="",'GNI per capita'!AL11=""),"",'GNI per capita'!AL11/'GNI per capita'!AK11-1) -> 0.077493817 | M12: =IF(OR('GNI per capita'!AL11="",'GNI per capita'!AM11=""),"",'GNI per capita'!AM11/'GNI per capita'!AL11-1) -> -0.052027544 | N12: =IF(OR('GNI per capita'!AM11="",'GNI per capita'!AN11=""),"",'GNI per capita'!AN11/'GNI per capita'!AM11-1) -> -0.095238095 | O12: =IF(OR('GNI per capita'!AN11="",'GNI per capita'!AO11=""),"",'GNI per capita'!AO11/'GNI per capita'!AN11-1) -> -0.19357716 | P12: =IF(OR('GNI per capita'!AO11="",'GNI per capita'!AP11=""),"",'GNI per capita'!AP11/'GNI per capita'!AO11-1) -> 0.11393805 | Q12: =IF(OR('GNI per capita'!AP11="",'GNI per capita'!AQ11=""),"",'GNI per capita'!AQ11/'GNI per capita'!AP11-1) -> 0.18073486 | R12: =IF(OR('GNI per capita'!AQ11="",'GNI per capita'!AR11=""),"",'GNI per capita'!AR11/'GNI per capita'!AQ11-1) -> 0.086627418 | ... T12: =IF(OR('GNI per capita'!AS11="",'GNI per capita'!AT11=""),"",'GNI per capita'!AT11/'GNI per capita'!AS11-1) -> 0.08277901 | U12: projected
A13: Armenia | B13: ARM | C13: UM | D13: =IFERROR(MEDIAN(K13:T13),"") -> 0.092319026 | E13: =Assumptions!$C$5 -> 0.01244 | F13: =IF($C13="L",Assumptions!$C$8,IF($C13="LM",Assumptions!$C$9,IF($C13="UM",Assumptions!$C$10,Assumptions!$C$11))) -> 0.090712 | G13: =IF(J13<Assumptions!$C$13,"",MIN(MAX(D13,E13),F13)) -> 0.090712 | H13: =IF(G13="","frozen",IF(ROUND(G13-D13,8)>0,"raised by floor",IF(ROUND(G13-D13,8)<0,"cut by cap","unadjusted"))) -> cut by cap | I13: =IF(OR(G13="",D13=""),"",G13-D13) -> -0.0016070257 | J13: =COUNT(K13:T13) -> 10 | K13: =IF(OR('GNI per capita'!AJ12="",'GNI per capita'!AK12=""),"",'GNI per capita'!AK12/'GNI per capita'!AJ12-1) -> -0.056265985 | L13: =IF(OR('GNI per capita'!AK12="",'GNI per capita'!AL12=""),"",'GNI per capita'!AL12/'GNI per capita'!AK12-1) -> 0.056910569 | M13: =IF(OR('GNI per capita'!AL12="",'GNI per capita'!AM12=""),"",'GNI per capita'!AM12/'GNI per capita'!AL12-1) -> 0.082051282 | N13: =IF(OR('GNI per capita'!AM12="",'GNI per capita'!AN12=""),"",'GNI per capita'!AN12/'GNI per capita'!AM12-1) -> 0.10189573 | O13: =IF(OR('GNI per capita'!AN12="",'GNI per capita'!AO12=""),"",'GNI per capita'!AO12/'GNI per capita'!AN12-1) -> -0.090322581 | P13: =IF(OR('GNI per capita'!AO12="",'GNI per capita'!AP12=""),"",'GNI per capita'!AP12/'GNI per capita'!AO12-1) -> 0.082742317 | Q13: =IF(OR('GNI per capita'!AP12="",'GNI per capita'!AQ12=""),"",'GNI per capita'!AQ12/'GNI per capita'!AP12-1) -> 0.24235808 | R13: =IF(OR('GNI per capita'!AQ12="",'GNI per capita'!AR12=""),"",'GNI per capita'!AR12/'GNI per capita'!AQ12-1) -> 0.20386643 | ... T13: =IF(OR('GNI per capita'!AS12="",'GNI per capita'!AT12=""),"",'GNI per capita'!AT12/'GNI per capita'!AS12-1) -> 0.15492958 | U13: projected - cut from 9.2% to the UM p90 cap of 9.07%
A14: Aruba | B14: ABW | C14: H | D14: =IFERROR(MEDIAN(K14:T14),"") -> 0.050729443 | E14: =Assumptions!$C$5 -> 0.01244 | F14: =IF($C14="L",Assumptions!$C$8,IF($C14="LM",Assumptions!$C$9,IF($C14="UM",Assumptions!$C$10,Assumptions!$C$11))) -> 0.071689 | G14: =IF(J14<Assumptions!$C$13,"",MIN(MAX(D14,E14),F14)) -> 0.050729443 | H14: =IF(G14="","frozen",IF(ROUND(G14-D14,8)>0,"raised by floor",IF(ROUND(G14-D14,8)<0,"cut by cap","unadjusted"))) -> unadjusted | I14: =IF(OR(G14="",D14=""),"",G14-D14) -> 0 | J14: =COUNT(K14:T14) -> 9 | K14: =IF(OR('GNI per capita'!AJ13="",'GNI per capita'!AK13=""),"",'GNI per capita'!AK13/'GNI per capita'!AJ13-1) -> 0.0051120724 | L14: =IF(OR('GNI per capita'!AK13="",'GNI per capita'!AL13=""),"",'GNI per capita'!AL13/'GNI per capita'!AK13-1) -> 0.035211268 | M14: =IF(OR('GNI per capita'!AL13="",'GNI per capita'!AM13=""),"",'GNI per capita'!AM13/'GNI per capita'!AL13-1) -> 0.057067271 | N14: =IF(OR('GNI per capita'!AM13="",'GNI per capita'!AN13=""),"",'GNI per capita'!AN13/'GNI per capita'!AM13-1) -> 0.048265999 | O14: =IF(OR('GNI per capita'!AN13="",'GNI per capita'!AO13=""),"",'GNI per capita'!AO13/'GNI per capita'!AN13-1) -> -0.22407913 | P14: =IF(OR('GNI per capita'!AO13="",'GNI per capita'!AP13=""),"",'GNI per capita'!AP13/'GNI per capita'!AO13-1) -> 0.16703297 | Q14: =IF(OR('GNI per capita'!AP13="",'GNI per capita'!AQ13=""),"",'GNI per capita'!AQ13/'GNI per capita'!AP13-1) -> 0.13596987 | R14: =IF(OR('GNI per capita'!AQ13="",'GNI per capita'!AR13=""),"",'GNI per capita'!AR13/'GNI per capita'!AQ13-1) -> 0.050729443 | ... T14: =IF(OR('GNI per capita'!AS13="",'GNI per capita'!AT13=""),"",'GNI per capita'!AT13/'GNI per capita'!AS13-1) | U14: projected
A15: Australia | B15: AUS | C15: H | D15: =IFERROR(MEDIAN(K15:T15),"") -> 0.026767382 | E15: =Assumptions!$C$5 -> 0.01244 | F15: =IF($C15="L",Assumptions!$C$8,IF($C15="LM",Assumptions!$C$9,IF($C15="UM",Assumptions!$C$10,Assumptions!$C$11))) -> 0.071689 | G15: =IF(J15<Assumptions!$C$13,"",MIN(MAX(D15,E15),F15)) -> 0.026767382 | H15: =IF(G15="","frozen",IF(ROUND(G15-D15,8)>0,"raised by floor",IF(ROUND(G15-D15,8)<0,"cut by cap","unadjusted"))) -> unadjusted | I15: =IF(OR(G15="",D15=""),"",G15-D15) -> 0 | J15: =COUNT(K15:T15) -> 10 | K15: =IF(OR('GNI per capita'!AJ14="",'GNI per capita'!AK14=""),"",'GNI per capita'!AK14/'GNI per capita'!AJ14-1) -> -0.10612043 | L15: =IF(OR('GNI per capita'!AK14="",'GNI per capita'!AL14=""),"",'GNI per capita'!AL14/'GNI per capita'!AK14-1) -> -0.048407878 | M15: =IF(OR('GNI per capita'!AL14="",'GNI per capita'!AM14=""),"",'GNI per capita'!AM14/'GNI per capita'!AL14-1) -> 0.030560928 | N15: =IF(OR('GNI per capita'!AM14="",'GNI per capita'!AN14=""),"",'GNI per capita'!AN14/'GNI per capita'!AM14-1) -> 0.033971471 | O15: =IF(OR('GNI per capita'!AN14="",'GNI per capita'!AO14=""),"",'GNI per capita'!AO14/'GNI per capita'!AN14-1) -> -0.023960791 | P15: =IF(OR('GNI per capita'!AO14="",'GNI per capita'!AP14=""),"",'GNI per capita'!AP14/'GNI per capita'!AO14-1) -> 0.064162172 | Q15: =IF(OR('GNI per capita'!AP14="",'GNI per capita'!AQ14=""),"",'GNI per capita'!AQ14/'GNI per capita'!AP14-1) -> 0.062390772 | R15: =IF(OR('GNI per capita'!AQ14="",'GNI per capita'!AR14=""),"",'GNI per capita'!AR14/'GNI per capita'!AQ14-1) -> 0.041618687 | ... T15: =IF(OR('GNI per capita'!AS14="",'GNI per capita'!AT14=""),"",'GNI per capita'!AT14/'GNI per capita'!AS14-1) -> 0.022973835 | U15: projected
A16: Austria | B16: AUT | C16: H | D16: =IFERROR(MEDIAN(K16:T16),"") -> 0.018750628 | E16: =Assumptions!$C$5 -> 0.01244 | F16: =IF($C16="L",Assumptions!$C$8,IF($C16="LM",Assumptions!$C$9,IF($C16="UM",Assumptions!$C$10,Assumptions!$C$11))) -> 0.071689 | G16: =IF(J16<Assumptions!$C$13,"",MIN(MAX(D16,E16),F16)) -> 0.018750628 | H16: =IF(G16="","frozen",IF(ROUND(G16-D16,8)>0,"raised by floor",IF(ROUND(G16-D16,8)<0,"cut by cap","unadjusted"))) -> unadjusted | I16: =IF(OR(G16="",D16=""),"",G16-D16) -> 0 | J16: =COUNT(K16:T16) -> 10 | K16: =IF(OR('GNI per capita'!AJ15="",'GNI per capita'!AK15=""),"",'GNI per capita'!AK15/'GNI per capita'!AJ15-1) -> -0.025641026 | L16: =IF(OR('GNI per capita'!AK15="",'GNI per capita'!AL15=""),"",'GNI per capita'!AL15/'GNI per capita'!AK15-1) -> -0.025663332 | M16: =IF(OR('GNI per capita'!AL15="",'GNI per capita'!AM15=""),"",'GNI per capita'!AM15/'GNI per capita'!AL15-1) -> 0.087276786 | N16: =IF(OR('GNI per capita'!AM15="",'GNI per capita'!AN15=""),"",'GNI per capita'!AN15/'GNI per capita'!AM15-1) -> 0.044959967 | O16: =IF(OR('GNI per capita'!AN15="",'GNI per capita'!AO15=""),"",'GNI per capita'!AO15/'GNI per capita'!AN15-1) -> -0.037328094 | P16: =IF(OR('GNI per capita'!AO15="",'GNI per capita'!AP15=""),"",'GNI per capita'!AP15/'GNI per capita'!AO15-1) -> 0.090612245 | Q16: =IF(OR('GNI per capita'!AP15="",'GNI per capita'!AQ15=""),"",'GNI per capita'!AQ15/'GNI per capita'!AP15-1) -> 0.05370509 | R16: =IF(OR('GNI per capita'!AQ15="",'GNI per capita'!AR15=""),"",'GNI per capita'!AR15/'GNI per capita'!AQ15-1) -> -0.0074587107 | ... T16: =IF(OR('GNI per capita'!AS15="",'GNI per capita'!AT15=""),"",'GNI per capita'!AT15/'GNI per capita'!AS15-1) -> 0.10226443 | U16: projected
... A222: Zimbabwe | B222: ZWE | C222: LM | D222: =IFERROR(MEDIAN(K222:T222),"") -> 0.10781474 | E222: =Assumptions!$C$5 -> 0.01244 | F222: =IF($C222="L",Assumptions!$C$8,IF($C222="LM",Assumptions!$C$9,IF($C222="UM",Assumptions!$C$10,Assumptions!$C$11))) -> 0.074681 | G222: =IF(J222<Assumptions!$C$13,"",MIN(MAX(D222,E222),F222)) -> 0.074681 | H222: =IF(G222="","frozen",IF(ROUND(G222-D222,8)>0,"raised by floor",IF(ROUND(G222-D222,8)<0,"cut by cap","unadjusted"))) -> cut by cap | I222: =IF(OR(G222="",D222=""),"",G222-D222) -> -0.033133735 | J222: =COUNT(K222:T222) -> 10 | K222: =IF(OR('GNI per capita'!AJ221="",'GNI per capita'!AK221=""),"",'GNI per capita'!AK221/'GNI per capita'!AJ221-1) -> -0.067669173 | L222: =IF(OR('GNI per capita'!AK221="",'GNI per capita'!AL221=""),"",'GNI per capita'!AL221/'GNI per capita'!AK221-1) -> 0.35483871 | M222: =IF(OR('GNI per capita'!AL221="",'GNI per capita'!AM221=""),"",'GNI per capita'!AM221/'GNI per capita'!AL221-1) -> 0.27380952 | N222: =IF(OR('GNI per capita'!AM221="",'GNI per capita'!AN221=""),"",'GNI per capita'!AN221/'GNI per capita'!AM221-1) -> 0.13551402 | O222: =IF(OR('GNI per capita'!AN221="",'GNI per capita'!AO221=""),"",'GNI per capita'!AO221/'GNI per capita'!AN221-1) -> -0.18518519 | P222: =IF(OR('GNI per capita'!AO221="",'GNI per capita'!AP221=""),"",'GNI per capita'!AP221/'GNI per capita'!AO221-1) -> 0.17676768 | Q222: =IF(OR('GNI per capita'!AP221="",'GNI per capita'!AQ221=""),"",'GNI per capita'!AQ221/'GNI per capita'!AP221-1) -> 0.10729614 | R222: =IF(OR('GNI per capita'!AQ221="",'GNI per capita'!AR221=""),"",'GNI per capita'!AR221/'GNI per capita'!AQ221-1) -> -0.011627907 | ... T222: =IF(OR('GNI per capita'!AS221="",'GNI per capita'!AT221=""),"",'GNI per capita'!AT221/'GNI per capita'!AS221-1) -> 0.10833333 | U222: projected - cut from 10.8% to the LM p90 cap of 7.47%

Sheet Population
A1: Total population, millions, by economy and year
A2: 1990 to 2025: World Bank WDI, SP.POP.TOTL, de facto mid-year estimates, the same series the Bank uses as the denominator of Atlas GNI per capita. 2026 to 2050: UN World Population Prospects 2024 medium variant, rebased so that each economy joins its actual 2025 level without a step at the boundary.
A3: Composite economies that OGHIST reports as one are summed from their parts: Channel Islands from Jersey and Guernsey, and the USSR, Yugoslavia, Czechoslovakia, Serbia and Montenegro and the Netherlands Antilles from their successor states. Taiwan and Mayotte have no WDI entry and use WPP throughout.
A5: Economy | B5: Code | C5: 2025 class | D5: History | E5: Rebase factor | F5: 1990 | G5: 1991 | H5: 1992 | I5: 1993 | J5: 1994 | K5: 1995 | L5: 1996 | M5: 1997 | N5: 1998 | O5: 1999 | P5: 2000 | Q5: 2001 | R5: 2002 | S5: 2003 | T5: 2004 | U5: 2005 | V5: 2006 | W5: 2007 | X5: 2008 | Y5: 2009 | Z5: 2010 | AA5: 2011 | AB5: 2012 | AC5: 2013 | AD5: 2014 | AE5: 2015 | AF5: 2016 | AG5: 2017 | AH5: 2018 | AI5: 2019 | AJ5: 2020 | AK5: 2021 | AL5: 2022 | AM5: 2023 | AN5: 2024 | AO5: 2025 | AP5: 2026 | AQ5: 2027 | AR5: 2028 | AS5: 2029 | AT5: 2030 | AU5: 2031 | AV5: 2032 | AW5: 2033 | AX5: 2034 | AY5: 2035 | AZ5: 2036 | BA5: 2037 | BB5: 2038 | BC5: 2039 | BD5: 2040 | BE5: 2041 | BF5: 2042 | BG5: 2043 | BH5: 2044 | BI5: 2045 | BJ5: 2046 | BK5: 2047 | BL5: 2048 | BM5: 2049 | BN5: 2050
A6: Afghanistan | B6: AFG | C6: L | D6: WDI | E6: 0.99999999 | F6: 12.046 | G6: 12.239 | H6: 13.279 | I6: 14.943 | J6: 16.251 | K6: 17.066 | L6: 17.763 | M6: 18.452 | N6: 19.16 | O6: 19.888 | P6: 20.13 | Q6: 20.284 | R6: 21.378 | S6: 22.733 | T6: 23.561 | U6: 24.405 | V6: 25.424 | W6: 25.91 | X6: 26.483 | Y6: 27.466 | Z6: 28.284 | AA6: 29.348 | AB6: 30.56 | AC6: 31.623 | AD6: 32.793 | AE6: 33.832 | AF6: 34.701 | AG6: 35.689 | AH6: 36.743 | AI6: 37.856 | AJ6: 39.069 | AK6: 40 | AL6: 40.579 | AM6: 41.455 | AN6: 42.647 | AO6: 43.844 | AP6: 45.047 | AQ6: 46.259 | AR6: 47.471 | AS6: 48.726 | AT6: 50.039 | AU6: 51.376 | AV6: 52.708 | AW6: 54.044 | AX6: 55.359 | AY6: 56.647 | AZ6: 57.954 | BA6: 59.279 | BB6: 60.598 | BC6: 61.944 | BD6: 63.348 | BE6: 64.739 | BF6: 66.06 | BG6: 67.375 | BH6: 68.704 | BI6: 70.021 | BJ6: 71.385 | BK6: 72.756 | BL6: 74.11 | BM6: 75.516 | BN6: 76.885
A7: Albania | B7: ALB | C7: UM | D7: WDI | E7: 0.84776245 | F7: 3.287 | G7: 3.267 | H7: 3.247 | I7: 3.227 | J7: 3.208 | K7: 3.188 | L7: 3.168 | M7: 3.148 | N7: 3.129 | O7: 3.109 | P7: 3.089 | Q7: 3.06 | R7: 3.051 | S7: 3.04 | T7: 3.027 | U7: 3.011 | V7: 2.993 | W7: 2.97 | X7: 2.947 | Y7: 2.928 | Z7: 2.913 | AA7: 2.905 | AB7: 2.861 | AC7: 2.817 | AD7: 2.774 | AE7: 2.731 | AF7: 2.689 | AG7: 2.648 | AH7: 2.608 | AI7: 2.568 | AJ7: 2.528 | AK7: 2.49 | AL7: 2.452 | AM7: 2.412 | AN7: 2.377 | AO7: 2.35 | AP7: 2.332 | AQ7: 2.315 | AR7: 2.299 | AS7: 2.282 | AT7: 2.265 | AU7: 2.248 | AV7: 2.231 | AW7: 2.214 | AX7: 2.197 | AY7: 2.179 | AZ7: 2.162 | BA7: 2.143 | BB7: 2.125 | BC7: 2.106 | BD7: 2.087 | BE7: 2.068 | BF7: 2.049 | BG7: 2.031 | BH7: 2.012 | BI7: 1.993 | BJ7: 1.974 | BK7: 1.956 | BL7: 1.937 | BM7: 1.918 | BN7: 1.899
A8: Algeria | B8: DZA | C8: UM | D8: WDI | E8: 1 | F8: 25.376 | G8: 25.988 | H8: 26.629 | I8: 27.277 | J8: 27.887 | K8: 28.47 | L8: 29.033 | M8: 29.579 | N8: 30.054 | O8: 30.474 | P8: 30.904 | Q8: 31.331 | R8: 31.751 | S8: 32.176 | T8: 32.628 | U8: 33.109 | V8: 33.624 | W8: 34.189 | X8: 34.817 | Y8: 35.49 | Z8: 36.188 | AA8: 36.903 | AB8: 37.646 | AC8: 38.414 | AD8: 39.205 | AE8: 40.02 | AF8: 40.851 | AG8: 41.689 | AH8: 42.505 | AI8: 43.295 | AJ8: 44.042 | AK8: 44.761 | AL8: 45.477 | AM8: 46.164 | AN8: 46.814 | AO8: 47.435 | AP8: 48.028 | AQ8: 48.593 | AR8: 49.136 | AS8: 49.655 | AT8: 50.154 | AU8: 50.637 | AV8: 51.113 | AW8: 51.584 | AX8: 52.048 | AY8: 52.517 | AZ8: 52.986 | BA8: 53.453 | BB8: 53.922 | BC8: 54.396 | BD8: 54.873 | BE8: 55.352 | BF8: 55.835 | BG8: 56.32 | BH8: 56.806 | BI8: 57.29 | BJ8: 57.768 | BK8: 58.234 | BL8: 58.691 | BM8: 59.136 | BN8: 59.566
A9: American Samoa | B9: ASM | C9: H | D9: WDI | E9: 1.0000109 | F9: 0.047 | G9: 0.048 | H9: 0.049 | I9: 0.05 | J9: 0.051 | K9: 0.052 | L9: 0.053 | M9: 0.054 | N9: 0.055 | O9: 0.056 | P9: 0.057 | Q9: 0.057 | R9: 0.057 | S9: 0.057 | T9: 0.057 | U9: 0.057 | V9: 0.056 | W9: 0.056 | X9: 0.056 | Y9: 0.056 | Z9: 0.055 | AA9: 0.055 | AB9: 0.054 | AC9: 0.054 | AD9: 0.053 | AE9: 0.053 | AF9: 0.052 | AG9: 0.052 | AH9: 0.051 | AI9: 0.05 | AJ9: 0.05 | AK9: 0.049 | AL9: 0.048 | AM9: 0.048 | AN9: 0.047 | AO9: 0.046 | AP9: 0.045 | AQ9: 0.045 | AR9: 0.044 | AS9: 0.043 | AT9: 0.043 | AU9: 0.042 | AV9: 0.042 | AW9: 0.042 | AX9: 0.041 | AY9: 0.041 | AZ9: 0.041 | BA9: 0.04 | BB9: 0.04 | BC9: 0.04 | BD9: 0.039 | BE9: 0.039 | BF9: 0.039 | BG9: 0.039 | BH9: 0.039 | BI9: 0.038 | BJ9: 0.038 | BK9: 0.038 | BL9: 0.038 | BM9: 0.038 | BN9: 0.038
A10: Andorra | B10: AND | C10: H | D10: WDI | E10: 0.99999397 | F10: 0.053 | G10: 0.057 | H10: 0.06 | I10: 0.063 | J10: 0.065 | K10: 0.064 | L10: 0.064 | M10: 0.065 | N10: 0.065 | O10: 0.066 | P10: 0.066 | Q10: 0.066 | R10: 0.067 | S10: 0.069 | T10: 0.074 | U10: 0.077 | V10: 0.08 | W10: 0.082 | X10: 0.083 | Y10: 0.084 | Z10: 0.081 | AA10: 0.078 | AB10: 0.077 | AC10: 0.075 | AD10: 0.074 | AE10: 0.072 | AF10: 0.072 | AG10: 0.074 | AH10: 0.075 | AI10: 0.076 | AJ10: 0.077 | AK10: 0.078 | AL10: 0.08 | AM10: 0.081 | AN10: 0.082 | AO10: 0.083 | AP10: 0.084 | AQ10: 0.084 | AR10: 0.085 | AS10: 0.085 | AT10: 0.086 | AU10: 0.086 | AV10: 0.086 | AW10: 0.086 | AX10: 0.086 | AY10: 0.086 | AZ10: 0.086 | BA10: 0.086 | BB10: 0.086 | BC10: 0.086 | BD10: 0.086 | BE10: 0.085 | BF10: 0.085 | BG10: 0.085 | BH10: 0.085 | BI10: 0.084 | BJ10: 0.084 | BK10: 0.084 | BL10: 0.083 | BM10: 0.083 | BN10: 0.082
A11: Angola | B11: AGO | C11: LM | D11: WDI | E11: 1 | F11: 11.626 | G11: 12.024 | H11: 12.424 | I11: 12.827 | J11: 13.25 | K11: 13.7 | L11: 14.171 | M11: 14.66 | N11: 15.159 | O11: 15.667 | P11: 16.195 | Q11: 16.747 | R11: 17.328 | S11: 17.944 | T11: 18.6 | U11: 19.291 | V11: 20.015 | W11: 20.779 | X11: 21.579 | Y11: 22.415 | Z11: 23.295 | AA11: 24.218 | AB11: 25.177 | AC11: 26.166 | AD11: 27.161 | AE11: 28.158 | AF11: 29.183 | AG11: 30.235 | AH11: 31.297 | AI11: 32.376 | AJ11: 33.451 | AK11: 34.532 | AL11: 35.635 | AM11: 36.75 | AN11: 37.886 | AO11: 39.04 | AP11: 40.215 | AQ11: 41.415 | AR11: 42.642 | AS11: 43.892 | AT11: 45.16 | AU11: 46.45 | AV11: 47.76 | AW11: 49.091 | AX11: 50.447 | AY11: 51.822 | AZ11: 53.216 | BA11: 54.626 | BB11: 56.054 | BC11: 57.502 | BD11: 58.965 | BE11: 60.441 | BF11: 61.928 | BG11: 63.431 | BH11: 64.945 | BI11: 66.464 | BJ11: 68.001 | BK11: 69.554 | BL11: 71.119 | BM11: 72.701 | BN11: 74.295
A12: Antigua and Barbuda | B12: ATG | C12: H | D12: WDI | E12: 1.0000053 | F12: 0.063 | G12: 0.063 | H12: 0.064 | I12: 0.066 | J12: 0.067 | K12: 0.068 | L12: 0.07 | M12: 0.071 | N12: 0.072 | O12: 0.074 | P12: 0.075 | Q12: 0.076 | R12: 0.077 | S12: 0.078 | T12: 0.079 | U12: 0.08 | V12: 0.081 | W12: 0.082 | X12: 0.083 | Y12: 0.084 | Z12: 0.085 | AA12: 0.086 | AB12: 0.087 | AC12: 0.088 | AD12: 0.089 | AE12: 0.089 | AF12: 0.09 | AG12: 0.09 | AH12: 0.091 | AI12: 0.091 | AJ12: 0.092 | AK12: 0.092 | AL12: 0.093 | AM12: 0.093 | AN12: 0.094 | AO12: 0.094 | AP12: 0.095 | AQ12: 0.095 | AR12: 0.095 | AS12: 0.096 | AT12: 0.096 | AU12: 0.096 | AV12: 0.096 | AW12: 0.097 | AX12: 0.097 | AY12: 0.097 | AZ12: 0.097 | BA12: 0.097 | BB12: 0.097 | BC12: 0.097 | BD12: 0.097 | BE12: 0.097 | BF12: 0.097 | BG12: 0.097 | BH12: 0.097 | BI12: 0.096 | BJ12: 0.096 | BK12: 0.096 | BL12: 0.096 | BM12: 0.095 | BN12: 0.095
A13: Argentina | B13: ARG | C13: UM | D13: WDI | E13: 1 | F13: 32.756 | G13: 33.23 | H13: 33.694 | I13: 34.153 | J13: 34.613 | K13: 35.07 | L13: 35.514 | M13: 35.948 | N13: 36.373 | O13: 36.795 | P13: 37.214 | Q13: 37.625 | R13: 38.029 | S13: 38.424 | T13: 38.816 | U13: 39.217 | V13: 39.622 | W13: 40.017 | X13: 40.424 | Y13: 40.855 | Z13: 41.289 | AA13: 41.731 | AB13: 42.162 | AC13: 42.582 | AD13: 43.024 | AE13: 43.477 | AF13: 43.9 | AG13: 44.289 | AH13: 44.655 | AI13: 44.973 | AJ13: 45.192 | AK13: 45.312 | AL13: 45.408 | AM13: 45.538 | AN13: 45.696 | AO13: 45.851 | AP13: 46.004 | AQ13: 46.153 | AR13: 46.3 | AS13: 46.444 | AT13: 46.585 | AU13: 46.724 | AV13: 46.86 | AW13: 46.994 | AX13: 47.125 | AY13: 47.252 | AZ13: 47.375 | BA13: 47.495 | BB13: 47.609 | BC13: 47.717 | BD13: 47.818 | BE13: 47.91 | BF13: 47.995 | BG13: 48.07 | BH13: 48.136 | BI13: 48.192 | BJ13: 48.238 | BK13: 48.272 | BL13: 48.296 | BM13: 48.308 | BN13: 48.309
A14: Armenia | B14: ARM | C14: UM | D14: WDI | E14: 1.045501 | F14: 3.552 | G14: 3.614 | H14: 3.572 | I14: 3.453 | J14: 3.365 | K14: 3.308 | L14: 3.279 | M14: 3.246 | N14: 3.208 | O14: 3.167 | P14: 3.221 | Q14: 3.212 | R14: 3.2 | S14: 3.183 | T14: 3.165 | U14: 3.146 | V14: 3.127 | W14: 3.107 | X14: 3.087 | Y14: 3.066 | Z14: 3.045 | AA14: 3.028 | AB14: 3.024 | AC14: 3.022 | AD14: 3.014 | AE14: 3.005 | AF14: 2.992 | AG14: 2.979 | AH14: 2.969 | AI14: 2.962 | AJ14: 2.962 | AK14: 2.962 | AL14: 2.969 | AM14: 2.964 | AN14: 3.034 | AO14: 3.087 | AP14: 3.064 | AQ14: 3.043 | AR14: 3.022 | AS14: 3.002 | AT14: 2.981 | AU14: 2.961 | AV14: 2.941 | AW14: 2.921 | AX14: 2.902 | AY14: 2.882 | AZ14: 2.863 | BA14: 2.844 | BB14: 2.825 | BC14: 2.806 | BD14: 2.787 | BE14: 2.768 | BF14: 2.75 | BG14: 2.732 | BH14: 2.714 | BI14: 2.697 | BJ14: 2.679 | BK14: 2.662 | BL14: 2.644 | BM14: 2.626 | BN14: 2.609
A15: Aruba | B15: ABW | C15: H | D15: WDI | E15: 1.0058947 | F15: 0.063 | G15: 0.066 | H15: 0.069 | I15: 0.074 | J15: 0.078 | K15: 0.08 | L15: 0.083 | M15: 0.086 | N15: 0.088 | O15: 0.09 | P15: 0.091 | Q15: 0.091 | R15: 0.092 | S15: 0.093 | T15: 0.095 | U15: 0.098 | V15: 0.099 | W15: 0.1 | X15: 0.101 | Y15: 0.102 | Z15: 0.102 | AA15: 0.103 | AB15: 0.104 | AC15: 0.106 | AD15: 0.107 | AE15: 0.108 | AF15: 0.109 | AG15: 0.109 | AH15: 0.109 | AI15: 0.109 | AJ15: 0.109 | AK15: 0.108 | AL15: 0.107 | AM15: 0.107 | AN15: 0.108 | AO15: 0.109 | AP15: 0.109 | AQ15: 0.109 | AR15: 0.109 | AS15: 0.109 | AT15: 0.108 | AU15: 0.108 | AV15: 0.108 | AW15: 0.108 | AX15: 0.108 | AY15: 0.107 | AZ15: 0.107 | BA15: 0.107 | BB15: 0.106 | BC15: 0.106 | BD15: 0.106 | BE15: 0.105 | BF15: 0.105 | BG15: 0.104 | BH15: 0.104 | BI15: 0.103 | BJ15: 0.103 | BK15: 0.102 | BL15: 0.102 | BM15: 0.101 | BN15: 0.101
A16: Australia | B16: AUS | C16: H | D16: WDI | E16: 1.0237408 | F16: 17.065 | G16: 17.284 | H16: 17.479 | I16: 17.635 | J16: 17.805 | K16: 18.005 | L16: 18.225 | M16: 18.423 | N16: 18.608 | O16: 18.812 | P16: 19.029 | Q16: 19.275 | R16: 19.495 | S16: 19.721 | T16: 19.933 | U16: 20.177 | V16: 20.451 | W16: 20.828 | X16: 21.249 | Y16: 21.692 | Z16: 22.032 | AA16: 22.34 | AB16: 22.733 | AC16: 23.128 | AD16: 23.476 | AE16: 23.816 | AF16: 24.191 | AG16: 24.593 | AH16: 24.963 | AI16: 25.335 | AJ16: 25.649 | AK16: 25.685 | AL16: 26.019 | AM16: 26.66 | AN16: 27.194 | AO16: 27.614 | AP16: 27.873 | AQ16: 28.127 | AR16: 28.377 | AS16: 28.62 | AT16: 28.858 | AU16: 29.092 | AV16: 29.322 | AW16: 29.547 | AX16: 29.769 | AY16: 29.992 | AZ16: 30.214 | BA16: 30.432 | BB16: 30.649 | BC16: 30.864 | BD16: 31.078 | BE16: 31.296 | BF16: 31.517 | BG16: 31.738 | BH16: 31.957 | BI16: 32.177 | BJ16: 32.402 | BK16: 32.623 | BL16: 32.843 | BM16: 33.064 | BN16: 33.279
A17: Austria | B17: AUT | C17: H | D17: WDI | E17: 1.0103789 | F17: 7.678 | G17: 7.755 | H17: 7.841 | I17: 7.906 | J17: 7.936 | K17: 7.948 | L17: 7.959 | M17: 7.968 | N17: 7.977 | O17: 7.992 | P17: 8.012 | Q17: 8.042 | R17: 8.082 | S17: 8.121 | T17: 8.172 | U17: 8.228 | V17: 8.269 | W17: 8.295 | X17: 8.321 | Y17: 8.343 | Z17: 8.363 | AA17: 8.392 | AB17: 8.43 | AC17: 8.48 | AD17: 8.546 | AE17: 8.643 | AF17: 8.737 | AG17: 8.798 | AH17: 8.841 | AI17: 8.88 | AJ17: 8.917 | AK17: 8.956 | AL17: 9.042 | AM17: 9.132 | AN17: 9.178 | AO17: 9.208 | AP17: 9.202 | AQ17: 9.196 | AR17: 9.191 | AS17: 9.184 | AT17: 9.175 | AU17: 9.163 | AV17: 9.151 | AW17: 9.137 | AX17: 9.123 | AY17: 9.108 | AZ17: 9.093 | BA17: 9.076 | BB17: 9.059 | BC17: 9.044 | BD17: 9.027 | BE17: 9.01 | BF17: 8.993 | BG17: 8.975 | BH17: 8.957 | BI17: 8.937 | BJ17: 8.916 | BK17: 8.893 | BL17: 8.869 | BM17: 8.843 | BN17: 8.815
... A223: Zimbabwe | B223: ZWE | C223: LM | D223: WDI | E223: 1 | F223: 10.137 | G223: 10.405 | H223: 10.703 | I223: 10.86 | J223: 10.873 | K223: 10.975 | L223: 11.158 | M223: 11.37 | N223: 11.594 | O223: 11.783 | P223: 11.892 | Q223: 11.972 | R223: 12.088 | S223: 12.232 | T223: 12.366 | U223: 12.483 | V223: 12.636 | W223: 12.804 | X223: 12.959 | Y223: 13.143 | Z223: 13.357 | AA223: 13.595 | AB223: 13.818 | AC223: 14.014 | AD223: 14.207 | AE223: 14.399 | AF223: 14.6 | AG223: 14.812 | AH223: 15.034 | AI223: 15.271 | AJ223: 15.527 | AK223: 15.797 | AL223: 16.069 | AM223: 16.341 | AN223: 16.634 | AO223: 16.951 | AP223: 17.274 | AQ223: 17.601 | AR223: 17.932 | AS223: 18.269 | AT223: 18.61 | AU223: 18.956 | AV223: 19.311 | AW223: 19.676 | AX223: 20.041 | AY223: 20.409 | AZ223: 20.779 | BA223: 21.145 | BB223: 21.513 | BC223: 21.881 | BD223: 22.25 | BE223: 22.627 | BF223: 23.001 | BG223: 23.371 | BH223: 23.741 | BI223: 24.102 | BJ223: 24.462 | BK223: 24.816 | BL223: 25.168 | BM223: 25.519 | BN223: 25.866
A224: All classified economies | F224: =SUM(F6:F223) -> 5299.284 | G224: =SUM(G6:G223) -> 5388.482 | H224: =SUM(H6:H223) -> 5477.121 | I224: =SUM(I6:I223) -> 5564.751 | J224: =SUM(J6:J223) -> 5650.809 | K224: =SUM(K6:K223) -> 5736.479 | L224: =SUM(L6:L223) -> 5822.612 | M224: =SUM(M6:M223) -> 5908.46 | ... BN224: =SUM(BN6:BN223) -> 9648.806

Sheet Classification
A1: World Bank income classification - actual 1987-2025 (OGHIST), projected 2026-2050 (yellow)
A3: Economy | B3: Code | C3: 2025 class | G3: Status | H3: 1987 | I3: 1988 | J3: 1989 | K3: 1990 | L3: 1991 | M3: 1992 | N3: 1993 | O3: 1994 | P3: 1995 | Q3: 1996 | R3: 1997 | S3: 1998 | T3: 1999 | U3: 2000 | V3: 2001 | W3: 2002 | X3: 2003 | Y3: 2004 | Z3: 2005 | AA3: 2006 | AB3: 2007 | AC3: 2008 | AD3: 2009 | AE3: 2010 | AF3: 2011 | AG3: 2012 | AH3: 2013 | AI3: 2014 | AJ3: 2015 | AK3: 2016 | AL3: 2017 | AM3: 2018 | AN3: 2019 | AO3: 2020 | AP3: 2021 | AQ3: 2022 | AR3: 2023 | AS3: 2024 | AT3: 2025 | AU3: 2026 | AV3: 2027 | AW3: 2028 | AX3: 2029 | AY3: 2030 | AZ3: 2031 | BA3: 2032 | BB3: 2033 | BC3: 2034 | BD3: 2035 | BE3: 2036 | BF3: 2037 | BG3: 2038 | BH3: 2039 | BI3: 2040 | BJ3: 2041 | BK3: 2042 | BL3: 2043 | BM3: 2044 | BN3: 2045 | BO3: 2046 | BP3: 2047 | BQ3: 2048 | BR3: 2049 | BS3: 2050
A4: Afghanistan | B4: AFG | C4: L | G4: projected - raised from -2.6% to the 1.244% floor | H4: L | I4: L | J4: L | K4: L | L4: L | M4: L | N4: L | O4: L | P4: L | Q4: L | R4: L | S4: L | T4: L | U4: L | V4: L | W4: L | X4: L | Y4: L | Z4: L | AA4: L | AB4: L | AC4: L | AD4: L | AE4: L | AF4: L | AG4: L | AH4: L | AI4: L | AJ4: L | AK4: L | AL4: L | AM4: L | AN4: L | AO4: L | AP4: L | AQ4: L | AR4: L | AS4: L | AT4: L | AU4: =IF('GNI per capita'!AU4<=Thresholds!$C$44,"L",IF('GNI per capita'!AU4<=Thresholds!$D$44,"LM",IF('GNI per capita'!AU4<=Thresholds!$E$44,"UM","H"))) -> L | AV4: =IF('GNI per capita'!AV4<=Thresholds!$C$45,"L",IF('GNI per capita'!AV4<=Thresholds!$D$45,"LM",IF('GNI per capita'!AV4<=Thresholds!$E$45,"UM","H"))) -> L | AW4: =IF('GNI per capita'!AW4<=Thresholds!$C$46,"L",IF('GNI per capita'!AW4<=Thresholds!$D$46,"LM",IF('GNI per capita'!AW4<=Thresholds!$E$46,"UM","H"))) -> L | AX4: =IF('GNI per capita'!AX4<=Thresholds!$C$47,"L",IF('GNI per capita'!AX4<=Thresholds!$D$47,"LM",IF('GNI per capita'!AX4<=Thresholds!$E$47,"UM","H"))) -> L | AY4: =IF('GNI per capita'!AY4<=Thresholds!$C$48,"L",IF('GNI per capita'!AY4<=Thresholds!$D$48,"LM",IF('GNI per capita'!AY4<=Thresholds!$E$48,"UM","H"))) -> L | AZ4: =IF('GNI per capita'!AZ4<=Thresholds!$C$49,"L",IF('GNI per capita'!AZ4<=Thresholds!$D$49,"LM",IF('GNI per capita'!AZ4<=Thresholds!$E$49,"UM","H"))) -> L | BA4: =IF('GNI per capita'!BA4<=Thresholds!$C$50,"L",IF('GNI per capita'!BA4<=Thresholds!$D$50,"LM",IF('GNI per capita'!BA4<=Thresholds!$E$50,"UM","H"))) -> L | BB4: =IF('GNI per capita'!BB4<=Thresholds!$C$51,"L",IF('GNI per capita'!BB4<=Thresholds!$D$51,"LM",IF('GNI per capita'!BB4<=Thresholds!$E$51,"UM","H"))) -> L | BC4: =IF('GNI per capita'!BC4<=Thresholds!$C$52,"L",IF('GNI per capita'!BC4<=Thresholds!$D$52,"LM",IF('GNI per capita'!BC4<=Thresholds!$E$52,"UM","H"))) -> L | BD4: =IF('GNI per capita'!BD4<=Thresholds!$C$53,"L",IF('GNI per capita'!BD4<=Thresholds!$D$53,"LM",IF('GNI per capita'!BD4<=Thresholds!$E$53,"UM","H"))) -> L | BE4: =IF('GNI per capita'!BE4<=Thresholds!$C$54,"L",IF('GNI per capita'!BE4<=Thresholds!$D$54,"LM",IF('GNI per capita'!BE4<=Thresholds!$E$54,"UM","H"))) -> L | BF4: =IF('GNI per capita'!BF4<=Thresholds!$C$55,"L",IF('GNI per capita'!BF4<=Thresholds!$D$55,"LM",IF('GNI per capita'!BF4<=Thresholds!$E$55,"UM","H"))) -> L | BG4: =IF('GNI per capita'!BG4<=Thresholds!$C$56,"L",IF('GNI per capita'!BG4<=Thresholds!$D$56,"LM",IF('GNI per capita'!BG4<=Thresholds!$E$56,"UM","H"))) -> L | BH4: =IF('GNI per capita'!BH4<=Thresholds!$C$57,"L",IF('GNI per capita'!BH4<=Thresholds!$D$57,"LM",IF('GNI per capita'!BH4<=Thresholds!$E$57,"UM","H"))) -> L | BI4: =IF('GNI per capita'!BI4<=Thresholds!$C$58,"L",IF('GNI per capita'!BI4<=Thresholds!$D$58,"LM",IF('GNI per capita'!BI4<=Thresholds!$E$58,"UM","H"))) -> L | BJ4: =IF('GNI per capita'!BJ4<=Thresholds!$C$59,"L",IF('GNI per capita'!BJ4<=Thresholds!$D$59,"LM",IF('GNI per capita'!BJ4<=Thresholds!$E$59,"UM","H"))) -> L | BK4: =IF('GNI per capita'!BK4<=Thresholds!$C$60,"L",IF('GNI per capita'!BK4<=Thresholds!$D$60,"LM",IF('GNI per capita'!BK4<=Thresholds!$E$60,"UM","H"))) -> L | BL4: =IF('GNI per capita'!BL4<=Thresholds!$C$61,"L",IF('GNI per capita'!BL4<=Thresholds!$D$61,"LM",IF('GNI per capita'!BL4<=Thresholds!$E$61,"UM","H"))) -> L | BM4: =IF('GNI per capita'!BM4<=Thresholds!$C$62,"L",IF('GNI per capita'!BM4<=Thresholds!$D$62,"LM",IF('GNI per capita'!BM4<=Thresholds!$E$62,"UM","H"))) -> L | BN4: =IF('GNI per capita'!BN4<=Thresholds!$C$63,"L",IF('GNI per capita'!BN4<=Thresholds!$D$63,"LM",IF('GNI per capita'!BN4<=Thresholds!$E$63,"UM","H"))) -> L | BO4: =IF('GNI per capita'!BO4<=Thresholds!$C$64,"L",IF('GNI per capita'!BO4<=Thresholds!$D$64,"LM",IF('GNI per capita'!BO4<=Thresholds!$E$64,"UM","H"))) -> L | BP4: =IF('GNI per capita'!BP4<=Thresholds!$C$65,"L",IF('GNI per capita'!BP4<=Thresholds!$D$65,"LM",IF('GNI per capita'!BP4<=Thresholds!$E$65,"UM","H"))) -> L | BQ4: =IF('GNI per capita'!BQ4<=Thresholds!$C$66,"L",IF('GNI per capita'!BQ4<=Thresholds!$D$66,"LM",IF('GNI per capita'!BQ4<=Thresholds!$E$66,"UM","H"))) -> L | BR4: =IF('GNI per capita'!BR4<=Thresholds!$C$67,"L",IF('GNI per capita'!BR4<=Thresholds!$D$67,"LM",IF('GNI per capita'!BR4<=Thresholds!$E$67,"UM","H"))) -> L | BS4: =IF('GNI per capita'!BS4<=Thresholds!$C$68,"L",IF('GNI per capita'!BS4<=Thresholds!$D$68,"LM",IF('GNI per capita'!BS4<=Thresholds!$E$68,"UM","H"))) -> L
A5: Albania | B5: ALB | C5: UM | G5: projected - cut from 12.2% to the UM p90 cap of 9.07% | K5: LM | L5: LM | M5: LM | N5: L | O5: L | P5: L | Q5: LM | R5: L | S5: LM | T5: LM | U5: LM | V5: LM | W5: LM | X5: LM | Y5: LM | Z5: LM | AA5: LM | AB5: LM | AC5: LM | AD5: UM | AE5: UM | AF5: LM | AG5: UM | AH5: UM | AI5: UM | AJ5: UM | AK5: UM | AL5: UM | AM5: UM | AN5: UM | AO5: UM | AP5: UM | AQ5: UM | AR5: UM | AS5: UM | AT5: UM | AU5: =IF('GNI per capita'!AU5<=Thresholds!$C$44,"L",IF('GNI per capita'!AU5<=Thresholds!$D$44,"LM",IF('GNI per capita'!AU5<=Thresholds!$E$44,"UM","H"))) -> UM | AV5: =IF('GNI per capita'!AV5<=Thresholds!$C$45,"L",IF('GNI per capita'!AV5<=Thresholds!$D$45,"LM",IF('GNI per capita'!AV5<=Thresholds!$E$45,"UM","H"))) -> UM | AW5: =IF('GNI per capita'!AW5<=Thresholds!$C$46,"L",IF('GNI per capita'!AW5<=Thresholds!$D$46,"LM",IF('GNI per capita'!AW5<=Thresholds!$E$46,"UM","H"))) -> H | AX5: =IF('GNI per capita'!AX5<=Thresholds!$C$47,"L",IF('GNI per capita'!AX5<=Thresholds!$D$47,"LM",IF('GNI per capita'!AX5<=Thresholds!$E$47,"UM","H"))) -> H | AY5: =IF('GNI per capita'!AY5<=Thresholds!$C$48,"L",IF('GNI per capita'!AY5<=Thresholds!$D$48,"LM",IF('GNI per capita'!AY5<=Thresholds!$E$48,"UM","H"))) -> H | AZ5: =IF('GNI per capita'!AZ5<=Thresholds!$C$49,"L",IF('GNI per capita'!AZ5<=Thresholds!$D$49,"LM",IF('GNI per capita'!AZ5<=Thresholds!$E$49,"UM","H"))) -> H | BA5: =IF('GNI per capita'!BA5<=Thresholds!$C$50,"L",IF('GNI per capita'!BA5<=Thresholds!$D$50,"LM",IF('GNI per capita'!BA5<=Thresholds!$E$50,"UM","H"))) -> H | BB5: =IF('GNI per capita'!BB5<=Thresholds!$C$51,"L",IF('GNI per capita'!BB5<=Thresholds!$D$51,"LM",IF('GNI per capita'!BB5<=Thresholds!$E$51,"UM","H"))) -> H | BC5: =IF('GNI per capita'!BC5<=Thresholds!$C$52,"L",IF('GNI per capita'!BC5<=Thresholds!$D$52,"LM",IF('GNI per capita'!BC5<=Thresholds!$E$52,"UM","H"))) -> H | BD5: =IF('GNI per capita'!BD5<=Thresholds!$C$53,"L",IF('GNI per capita'!BD5<=Thresholds!$D$53,"LM",IF('GNI per capita'!BD5<=Thresholds!$E$53,"UM","H"))) -> H | BE5: =IF('GNI per capita'!BE5<=Thresholds!$C$54,"L",IF('GNI per capita'!BE5<=Thresholds!$D$54,"LM",IF('GNI per capita'!BE5<=Thresholds!$E$54,"UM","H"))) -> H | BF5: =IF('GNI per capita'!BF5<=Thresholds!$C$55,"L",IF('GNI per capita'!BF5<=Thresholds!$D$55,"LM",IF('GNI per capita'!BF5<=Thresholds!$E$55,"UM","H"))) -> H | BG5: =IF('GNI per capita'!BG5<=Thresholds!$C$56,"L",IF('GNI per capita'!BG5<=Thresholds!$D$56,"LM",IF('GNI per capita'!BG5<=Thresholds!$E$56,"UM","H"))) -> H | BH5: =IF('GNI per capita'!BH5<=Thresholds!$C$57,"L",IF('GNI per capita'!BH5<=Thresholds!$D$57,"LM",IF('GNI per capita'!BH5<=Thresholds!$E$57,"UM","H"))) -> H | BI5: =IF('GNI per capita'!BI5<=Thresholds!$C$58,"L",IF('GNI per capita'!BI5<=Thresholds!$D$58,"LM",IF('GNI per capita'!BI5<=Thresholds!$E$58,"UM","H"))) -> H | BJ5: =IF('GNI per capita'!BJ5<=Thresholds!$C$59,"L",IF('GNI per capita'!BJ5<=Thresholds!$D$59,"LM",IF('GNI per capita'!BJ5<=Thresholds!$E$59,"UM","H"))) -> H | BK5: =IF('GNI per capita'!BK5<=Thresholds!$C$60,"L",IF('GNI per capita'!BK5<=Thresholds!$D$60,"LM",IF('GNI per capita'!BK5<=Thresholds!$E$60,"UM","H"))) -> H | BL5: =IF('GNI per capita'!BL5<=Thresholds!$C$61,"L",IF('GNI per capita'!BL5<=Thresholds!$D$61,"LM",IF('GNI per capita'!BL5<=Thresholds!$E$61,"UM","H"))) -> H | BM5: =IF('GNI per capita'!BM5<=Thresholds!$C$62,"L",IF('GNI per capita'!BM5<=Thresholds!$D$62,"LM",IF('GNI per capita'!BM5<=Thresholds!$E$62,"UM","H"))) -> H | BN5: =IF('GNI per capita'!BN5<=Thresholds!$C$63,"L",IF('GNI per capita'!BN5<=Thresholds!$D$63,"LM",IF('GNI per capita'!BN5<=Thresholds!$E$63,"UM","H"))) -> H | BO5: =IF('GNI per capita'!BO5<=Thresholds!$C$64,"L",IF('GNI per capita'!BO5<=Thresholds!$D$64,"LM",IF('GNI per capita'!BO5<=Thresholds!$E$64,"UM","H"))) -> H | BP5: =IF('GNI per capita'!BP5<=Thresholds!$C$65,"L",IF('GNI per capita'!BP5<=Thresholds!$D$65,"LM",IF('GNI per capita'!BP5<=Thresholds!$E$65,"UM","H"))) -> H | BQ5: =IF('GNI per capita'!BQ5<=Thresholds!$C$66,"L",IF('GNI per capita'!BQ5<=Thresholds!$D$66,"LM",IF('GNI per capita'!BQ5<=Thresholds!$E$66,"UM","H"))) -> H | BR5: =IF('GNI per capita'!BR5<=Thresholds!$C$67,"L",IF('GNI per capita'!BR5<=Thresholds!$D$67,"LM",IF('GNI per capita'!BR5<=Thresholds!$E$67,"UM","H"))) -> H | BS5: =IF('GNI per capita'!BS5<=Thresholds!$C$68,"L",IF('GNI per capita'!BS5<=Thresholds!$D$68,"LM",IF('GNI per capita'!BS5<=Thresholds!$E$68,"UM","H"))) -> H
A6: Algeria | B6: DZA | C6: UM | G6: projected | H6: UM | I6: UM | J6: LM | K6: LM | L6: LM | M6: LM | N6: LM | O6: LM | P6: LM | Q6: LM | R6: LM | S6: LM | T6: LM | U6: LM | V6: LM | W6: LM | X6: LM | Y6: LM | Z6: LM | AA6: LM | AB6: LM | AC6: UM | AD6: UM | AE6: UM | AF6: UM | AG6: UM | AH6: UM | AI6: UM | AJ6: UM | AK6: UM | AL6: UM | AM6: UM | AN6: LM | AO6: LM | AP6: LM | AQ6: LM | AR6: UM | AS6: UM | AT6: UM | AU6: =IF('GNI per capita'!AU6<=Thresholds!$C$44,"L",IF('GNI per capita'!AU6<=Thresholds!$D$44,"LM",IF('GNI per capita'!AU6<=Thresholds!$E$44,"UM","H"))) -> UM | AV6: =IF('GNI per capita'!AV6<=Thresholds!$C$45,"L",IF('GNI per capita'!AV6<=Thresholds!$D$45,"LM",IF('GNI per capita'!AV6<=Thresholds!$E$45,"UM","H"))) -> UM | AW6: =IF('GNI per capita'!AW6<=Thresholds!$C$46,"L",IF('GNI per capita'!AW6<=Thresholds!$D$46,"LM",IF('GNI per capita'!AW6<=Thresholds!$E$46,"UM","H"))) -> UM | AX6: =IF('GNI per capita'!AX6<=Thresholds!$C$47,"L",IF('GNI per capita'!AX6<=Thresholds!$D$47,"LM",IF('GNI per capita'!AX6<=Thresholds!$E$47,"UM","H"))) -> UM | AY6: =IF('GNI per capita'!AY6<=Thresholds!$C$48,"L",IF('GNI per capita'!AY6<=Thresholds!$D$48,"LM",IF('GNI per capita'!AY6<=Thresholds!$E$48,"UM","H"))) -> UM | AZ6: =IF('GNI per capita'!AZ6<=Thresholds!$C$49,"L",IF('GNI per capita'!AZ6<=Thresholds!$D$49,"LM",IF('GNI per capita'!AZ6<=Thresholds!$E$49,"UM","H"))) -> UM | BA6: =IF('GNI per capita'!BA6<=Thresholds!$C$50,"L",IF('GNI per capita'!BA6<=Thresholds!$D$50,"LM",IF('GNI per capita'!BA6<=Thresholds!$E$50,"UM","H"))) -> UM | BB6: =IF('GNI per capita'!BB6<=Thresholds!$C$51,"L",IF('GNI per capita'!BB6<=Thresholds!$D$51,"LM",IF('GNI per capita'!BB6<=Thresholds!$E$51,"UM","H"))) -> UM | BC6: =IF('GNI per capita'!BC6<=Thresholds!$C$52,"L",IF('GNI per capita'!BC6<=Thresholds!$D$52,"LM",IF('GNI per capita'!BC6<=Thresholds!$E$52,"UM","H"))) -> UM | BD6: =IF('GNI per capita'!BD6<=Thresholds!$C$53,"L",IF('GNI per capita'!BD6<=Thresholds!$D$53,"LM",IF('GNI per capita'!BD6<=Thresholds!$E$53,"UM","H"))) -> UM | BE6: =IF('GNI per capita'!BE6<=Thresholds!$C$54,"L",IF('GNI per capita'!BE6<=Thresholds!$D$54,"LM",IF('GNI per capita'!BE6<=Thresholds!$E$54,"UM","H"))) -> UM | BF6: =IF('GNI per capita'!BF6<=Thresholds!$C$55,"L",IF('GNI per capita'!BF6<=Thresholds!$D$55,"LM",IF('GNI per capita'!BF6<=Thresholds!$E$55,"UM","H"))) -> UM | BG6: =IF('GNI per capita'!BG6<=Thresholds!$C$56,"L",IF('GNI per capita'!BG6<=Thresholds!$D$56,"LM",IF('GNI per capita'!BG6<=Thresholds!$E$56,"UM","H"))) -> UM | BH6: =IF('GNI per capita'!BH6<=Thresholds!$C$57,"L",IF('GNI per capita'!BH6<=Thresholds!$D$57,"LM",IF('GNI per capita'!BH6<=Thresholds!$E$57,"UM","H"))) -> UM | BI6: =IF('GNI per capita'!BI6<=Thresholds!$C$58,"L",IF('GNI per capita'!BI6<=Thresholds!$D$58,"LM",IF('GNI per capita'!BI6<=Thresholds!$E$58,"UM","H"))) -> UM | BJ6: =IF('GNI per capita'!BJ6<=Thresholds!$C$59,"L",IF('GNI per capita'!BJ6<=Thresholds!$D$59,"LM",IF('GNI per capita'!BJ6<=Thresholds!$E$59,"UM","H"))) -> UM | BK6: =IF('GNI per capita'!BK6<=Thresholds!$C$60,"L",IF('GNI per capita'!BK6<=Thresholds!$D$60,"LM",IF('GNI per capita'!BK6<=Thresholds!$E$60,"UM","H"))) -> UM | BL6: =IF('GNI per capita'!BL6<=Thresholds!$C$61,"L",IF('GNI per capita'!BL6<=Thresholds!$D$61,"LM",IF('GNI per capita'!BL6<=Thresholds!$E$61,"UM","H"))) -> UM | BM6: =IF('GNI per capita'!BM6<=Thresholds!$C$62,"L",IF('GNI per capita'!BM6<=Thresholds!$D$62,"LM",IF('GNI per capita'!BM6<=Thresholds!$E$62,"UM","H"))) -> UM | BN6: =IF('GNI per capita'!BN6<=Thresholds!$C$63,"L",IF('GNI per capita'!BN6<=Thresholds!$D$63,"LM",IF('GNI per capita'!BN6<=Thresholds!$E$63,"UM","H"))) -> UM | BO6: =IF('GNI per capita'!BO6<=Thresholds!$C$64,"L",IF('GNI per capita'!BO6<=Thresholds!$D$64,"LM",IF('GNI per capita'!BO6<=Thresholds!$E$64,"UM","H"))) -> UM | BP6: =IF('GNI per capita'!BP6<=Thresholds!$C$65,"L",IF('GNI per capita'!BP6<=Thresholds!$D$65,"LM",IF('GNI per capita'!BP6<=Thresholds!$E$65,"UM","H"))) -> UM | BQ6: =IF('GNI per capita'!BQ6<=Thresholds!$C$66,"L",IF('GNI per capita'!BQ6<=Thresholds!$D$66,"LM",IF('GNI per capita'!BQ6<=Thresholds!$E$66,"UM","H"))) -> UM | BR6: =IF('GNI per capita'!BR6<=Thresholds!$C$67,"L",IF('GNI per capita'!BR6<=Thresholds!$D$67,"LM",IF('GNI per capita'!BR6<=Thresholds!$E$67,"UM","H"))) -> UM | BS6: =IF('GNI per capita'!BS6<=Thresholds!$C$68,"L",IF('GNI per capita'!BS6<=Thresholds!$D$68,"LM",IF('GNI per capita'!BS6<=Thresholds!$E$68,"UM","H"))) -> UM
A7: American Samoa | B7: ASM | C7: H | G7: frozen - only 0 of 10 annual rates | H7: H | I7: H | J7: H | K7: UM | L7: UM | M7: UM | N7: UM | O7: UM | P7: UM | Q7: UM | R7: UM | S7: UM | T7: UM | U7: UM | V7: UM | W7: UM | X7: UM | Y7: UM | Z7: UM | AA7: UM | AB7: UM | AC7: UM | AD7: UM | AE7: UM | AF7: UM | AG7: UM | AH7: UM | AI7: UM | AJ7: UM | AK7: UM | AL7: UM | AM7: UM | AN7: UM | AO7: UM | AP7: UM | AQ7: H | AR7: H | AS7: H | AT7: H | AU7: =$C7 -> H | AV7: =$C7 -> H | AW7: =$C7 -> H | AX7: =$C7 -> H | AY7: =$C7 -> H | AZ7: =$C7 -> H | BA7: =$C7 -> H | BB7: =$C7 -> H | ... BS7: =$C7 -> H
A8: Andorra | B8: AND | C8: H | G8: frozen - only 6 of 10 annual rates | K8: H | L8: H | M8: H | N8: H | O8: H | P8: H | Q8: H | R8: H | S8: H | T8: H | U8: H | V8: H | W8: H | X8: H | Y8: H | Z8: H | AA8: H | AB8: H | AC8: H | AD8: H | AE8: H | AF8: H | AG8: H | AH8: H | AI8: H | AJ8: H | AK8: H | AL8: H | AM8: H | AN8: H | AO8: H | AP8: H | AQ8: H | AR8: H | AS8: H | AT8: H | AU8: =$C8 -> H | AV8: =$C8 -> H | AW8: =$C8 -> H | AX8: =$C8 -> H | AY8: =$C8 -> H | AZ8: =$C8 -> H | BA8: =$C8 -> H | BB8: =$C8 -> H | ... BS8: =$C8 -> H
A9: Angola | B9: AGO | C9: LM | G9: projected - raised from -0.8% to the 1.244% floor | I9: LM | J9: LM | K9: LM | L9: LM | M9: LM | N9: LM | O9: LM | P9: L | Q9: L | R9: L | S9: L | T9: L | U9: L | V9: L | W9: L | X9: L | Y9: LM | Z9: LM | AA9: LM | AB9: LM | AC9: LM | AD9: LM | AE9: LM | AF9: UM | AG9: UM | AH9: UM | AI9: UM | AJ9: UM | AK9: LM | AL9: LM | AM9: LM | AN9: LM | AO9: LM | AP9: LM | AQ9: LM | AR9: LM | AS9: LM | AT9: LM | AU9: =IF('GNI per capita'!AU9<=Thresholds!$C$44,"L",IF('GNI per capita'!AU9<=Thresholds!$D$44,"LM",IF('GNI per capita'!AU9<=Thresholds!$E$44,"UM","H"))) -> LM | AV9: =IF('GNI per capita'!AV9<=Thresholds!$C$45,"L",IF('GNI per capita'!AV9<=Thresholds!$D$45,"LM",IF('GNI per capita'!AV9<=Thresholds!$E$45,"UM","H"))) -> LM | AW9: =IF('GNI per capita'!AW9<=Thresholds!$C$46,"L",IF('GNI per capita'!AW9<=Thresholds!$D$46,"LM",IF('GNI per capita'!AW9<=Thresholds!$E$46,"UM","H"))) -> LM | AX9: =IF('GNI per capita'!AX9<=Thresholds!$C$47,"L",IF('GNI per capita'!AX9<=Thresholds!$D$47,"LM",IF('GNI per capita'!AX9<=Thresholds!$E$47,"UM","H"))) -> LM | AY9: =IF('GNI per capita'!AY9<=Thresholds!$C$48,"L",IF('GNI per capita'!AY9<=Thresholds!$D$48,"LM",IF('GNI per capita'!AY9<=Thresholds!$E$48,"UM","H"))) -> LM | AZ9: =IF('GNI per capita'!AZ9<=Thresholds!$C$49,"L",IF('GNI per capita'!AZ9<=Thresholds!$D$49,"LM",IF('GNI per capita'!AZ9<=Thresholds!$E$49,"UM","H"))) -> LM | BA9: =IF('GNI per capita'!BA9<=Thresholds!$C$50,"L",IF('GNI per capita'!BA9<=Thresholds!$D$50,"LM",IF('GNI per capita'!BA9<=Thresholds!$E$50,"UM","H"))) -> LM | BB9: =IF('GNI per capita'!BB9<=Thresholds!$C$51,"L",IF('GNI per capita'!BB9<=Thresholds!$D$51,"LM",IF('GNI per capita'!BB9<=Thresholds!$E$51,"UM","H"))) -> LM | BC9: =IF('GNI per capita'!BC9<=Thresholds!$C$52,"L",IF('GNI per capita'!BC9<=Thresholds!$D$52,"LM",IF('GNI per capita'!BC9<=Thresholds!$E$52,"UM","H"))) -> LM | BD9: =IF('GNI per capita'!BD9<=Thresholds!$C$53,"L",IF('GNI per capita'!BD9<=Thresholds!$D$53,"LM",IF('GNI per capita'!BD9<=Thresholds!$E$53,"UM","H"))) -> LM | BE9: =IF('GNI per capita'!BE9<=Thresholds!$C$54,"L",IF('GNI per capita'!BE9<=Thresholds!$D$54,"LM",IF('GNI per capita'!BE9<=Thresholds!$E$54,"UM","H"))) -> LM | BF9: =IF('GNI per capita'!BF9<=Thresholds!$C$55,"L",IF('GNI per capita'!BF9<=Thresholds!$D$55,"LM",IF('GNI per capita'!BF9<=Thresholds!$E$55,"UM","H"))) -> LM | BG9: =IF('GNI per capita'!BG9<=Thresholds!$C$56,"L",IF('GNI per capita'!BG9<=Thresholds!$D$56,"LM",IF('GNI per capita'!BG9<=Thresholds!$E$56,"UM","H"))) -> LM | BH9: =IF('GNI per capita'!BH9<=Thresholds!$C$57,"L",IF('GNI per capita'!BH9<=Thresholds!$D$57,"LM",IF('GNI per capita'!BH9<=Thresholds!$E$57,"UM","H"))) -> LM | BI9: =IF('GNI per capita'!BI9<=Thresholds!$C$58,"L",IF('GNI per capita'!BI9<=Thresholds!$D$58,"LM",IF('GNI per capita'!BI9<=Thresholds!$E$58,"UM","H"))) -> LM | BJ9: =IF('GNI per capita'!BJ9<=Thresholds!$C$59,"L",IF('GNI per capita'!BJ9<=Thresholds!$D$59,"LM",IF('GNI per capita'!BJ9<=Thresholds!$E$59,"UM","H"))) -> LM | BK9: =IF('GNI per capita'!BK9<=Thresholds!$C$60,"L",IF('GNI per capita'!BK9<=Thresholds!$D$60,"LM",IF('GNI per capita'!BK9<=Thresholds!$E$60,"UM","H"))) -> LM | BL9: =IF('GNI per capita'!BL9<=Thresholds!$C$61,"L",IF('GNI per capita'!BL9<=Thresholds!$D$61,"LM",IF('GNI per capita'!BL9<=Thresholds!$E$61,"UM","H"))) -> LM | BM9: =IF('GNI per capita'!BM9<=Thresholds!$C$62,"L",IF('GNI per capita'!BM9<=Thresholds!$D$62,"LM",IF('GNI per capita'!BM9<=Thresholds!$E$62,"UM","H"))) -> LM | BN9: =IF('GNI per capita'!BN9<=Thresholds!$C$63,"L",IF('GNI per capita'!BN9<=Thresholds!$D$63,"LM",IF('GNI per capita'!BN9<=Thresholds!$E$63,"UM","H"))) -> LM | BO9: =IF('GNI per capita'!BO9<=Thresholds!$C$64,"L",IF('GNI per capita'!BO9<=Thresholds!$D$64,"LM",IF('GNI per capita'!BO9<=Thresholds!$E$64,"UM","H"))) -> LM | BP9: =IF('GNI per capita'!BP9<=Thresholds!$C$65,"L",IF('GNI per capita'!BP9<=Thresholds!$D$65,"LM",IF('GNI per capita'!BP9<=Thresholds!$E$65,"UM","H"))) -> LM | BQ9: =IF('GNI per capita'!BQ9<=Thresholds!$C$66,"L",IF('GNI per capita'!BQ9<=Thresholds!$D$66,"LM",IF('GNI per capita'!BQ9<=Thresholds!$E$66,"UM","H"))) -> LM | BR9: =IF('GNI per capita'!BR9<=Thresholds!$C$67,"L",IF('GNI per capita'!BR9<=Thresholds!$D$67,"LM",IF('GNI per capita'!BR9<=Thresholds!$E$67,"UM","H"))) -> LM | BS9: =IF('GNI per capita'!BS9<=Thresholds!$C$68,"L",IF('GNI per capita'!BS9<=Thresholds!$D$68,"LM",IF('GNI per capita'!BS9<=Thresholds!$E$68,"UM","H"))) -> LM
A10: Antigua and Barbuda | B10: ATG | C10: H | G10: projected | H10: UM | I10: UM | J10: UM | K10: UM | L10: UM | M10: UM | N10: UM | O10: UM | P10: UM | Q10: UM | R10: UM | S10: UM | T10: UM | U10: UM | V10: UM | W10: H | X10: UM | Y10: UM | Z10: H | AA10: H | AB10: H | AC10: H | AD10: UM | AE10: UM | AF10: UM | AG10: H | AH10: H | AI10: H | AJ10: H | AK10: H | AL10: H | AM10: H | AN10: H | AO10: H | AP10: H | AQ10: H | AR10: H | AS10: H | AT10: H | AU10: =IF('GNI per capita'!AU10<=Thresholds!$C$44,"L",IF('GNI per capita'!AU10<=Thresholds!$D$44,"LM",IF('GNI per capita'!AU10<=Thresholds!$E$44,"UM","H"))) -> H | AV10: =IF('GNI per capita'!AV10<=Thresholds!$C$45,"L",IF('GNI per capita'!AV10<=Thresholds!$D$45,"LM",IF('GNI per capita'!AV10<=Thresholds!$E$45,"UM","H"))) -> H | AW10: =IF('GNI per capita'!AW10<=Thresholds!$C$46,"L",IF('GNI per capita'!AW10<=Thresholds!$D$46,"LM",IF('GNI per capita'!AW10<=Thresholds!$E$46,"UM","H"))) -> H | AX10: =IF('GNI per capita'!AX10<=Thresholds!$C$47,"L",IF('GNI per capita'!AX10<=Thresholds!$D$47,"LM",IF('GNI per capita'!AX10<=Thresholds!$E$47,"UM","H"))) -> H | AY10: =IF('GNI per capita'!AY10<=Thresholds!$C$48,"L",IF('GNI per capita'!AY10<=Thresholds!$D$48,"LM",IF('GNI per capita'!AY10<=Thresholds!$E$48,"UM","H"))) -> H | AZ10: =IF('GNI per capita'!AZ10<=Thresholds!$C$49,"L",IF('GNI per capita'!AZ10<=Thresholds!$D$49,"LM",IF('GNI per capita'!AZ10<=Thresholds!$E$49,"UM","H"))) -> H | BA10: =IF('GNI per capita'!BA10<=Thresholds!$C$50,"L",IF('GNI per capita'!BA10<=Thresholds!$D$50,"LM",IF('GNI per capita'!BA10<=Thresholds!$E$50,"UM","H"))) -> H | BB10: =IF('GNI per capita'!BB10<=Thresholds!$C$51,"L",IF('GNI per capita'!BB10<=Thresholds!$D$51,"LM",IF('GNI per capita'!BB10<=Thresholds!$E$51,"UM","H"))) -> H | BC10: =IF('GNI per capita'!BC10<=Thresholds!$C$52,"L",IF('GNI per capita'!BC10<=Thresholds!$D$52,"LM",IF('GNI per capita'!BC10<=Thresholds!$E$52,"UM","H"))) -> H | BD10: =IF('GNI per capita'!BD10<=Thresholds!$C$53,"L",IF('GNI per capita'!BD10<=Thresholds!$D$53,"LM",IF('GNI per capita'!BD10<=Thresholds!$E$53,"UM","H"))) -> H | BE10: =IF('GNI per capita'!BE10<=Thresholds!$C$54,"L",IF('GNI per capita'!BE10<=Thresholds!$D$54,"LM",IF('GNI per capita'!BE10<=Thresholds!$E$54,"UM","H"))) -> H | BF10: =IF('GNI per capita'!BF10<=Thresholds!$C$55,"L",IF('GNI per capita'!BF10<=Thresholds!$D$55,"LM",IF('GNI per capita'!BF10<=Thresholds!$E$55,"UM","H"))) -> H | BG10: =IF('GNI per capita'!BG10<=Thresholds!$C$56,"L",IF('GNI per capita'!BG10<=Thresholds!$D$56,"LM",IF('GNI per capita'!BG10<=Thresholds!$E$56,"UM","H"))) -> H | BH10: =IF('GNI per capita'!BH10<=Thresholds!$C$57,"L",IF('GNI per capita'!BH10<=Thresholds!$D$57,"LM",IF('GNI per capita'!BH10<=Thresholds!$E$57,"UM","H"))) -> H | BI10: =IF('GNI per capita'!BI10<=Thresholds!$C$58,"L",IF('GNI per capita'!BI10<=Thresholds!$D$58,"LM",IF('GNI per capita'!BI10<=Thresholds!$E$58,"UM","H"))) -> H | BJ10: =IF('GNI per capita'!BJ10<=Thresholds!$C$59,"L",IF('GNI per capita'!BJ10<=Thresholds!$D$59,"LM",IF('GNI per capita'!BJ10<=Thresholds!$E$59,"UM","H"))) -> H | BK10: =IF('GNI per capita'!BK10<=Thresholds!$C$60,"L",IF('GNI per capita'!BK10<=Thresholds!$D$60,"LM",IF('GNI per capita'!BK10<=Thresholds!$E$60,"UM","H"))) -> H | BL10: =IF('GNI per capita'!BL10<=Thresholds!$C$61,"L",IF('GNI per capita'!BL10<=Thresholds!$D$61,"LM",IF('GNI per capita'!BL10<=Thresholds!$E$61,"UM","H"))) -> H | BM10: =IF('GNI per capita'!BM10<=Thresholds!$C$62,"L",IF('GNI per capita'!BM10<=Thresholds!$D$62,"LM",IF('GNI per capita'!BM10<=Thresholds!$E$62,"UM","H"))) -> H | BN10: =IF('GNI per capita'!BN10<=Thresholds!$C$63,"L",IF('GNI per capita'!BN10<=Thresholds!$D$63,"LM",IF('GNI per capita'!BN10<=Thresholds!$E$63,"UM","H"))) -> H | BO10: =IF('GNI per capita'!BO10<=Thresholds!$C$64,"L",IF('GNI per capita'!BO10<=Thresholds!$D$64,"LM",IF('GNI per capita'!BO10<=Thresholds!$E$64,"UM","H"))) -> H | BP10: =IF('GNI per capita'!BP10<=Thresholds!$C$65,"L",IF('GNI per capita'!BP10<=Thresholds!$D$65,"LM",IF('GNI per capita'!BP10<=Thresholds!$E$65,"UM","H"))) -> H | BQ10: =IF('GNI per capita'!BQ10<=Thresholds!$C$66,"L",IF('GNI per capita'!BQ10<=Thresholds!$D$66,"LM",IF('GNI per capita'!BQ10<=Thresholds!$E$66,"UM","H"))) -> H | BR10: =IF('GNI per capita'!BR10<=Thresholds!$C$67,"L",IF('GNI per capita'!BR10<=Thresholds!$D$67,"LM",IF('GNI per capita'!BR10<=Thresholds!$E$67,"UM","H"))) -> H | BS10: =IF('GNI per capita'!BS10<=Thresholds!$C$68,"L",IF('GNI per capita'!BS10<=Thresholds!$D$68,"LM",IF('GNI per capita'!BS10<=Thresholds!$E$68,"UM","H"))) -> H
A11: Argentina | B11: ARG | C11: UM | G11: projected | H11: UM | I11: UM | J11: LM | K11: LM | L11: UM | M11: UM | N11: UM | O11: UM | P11: UM | Q11: UM | R11: UM | S11: UM | T11: UM | U11: UM | V11: UM | W11: UM | X11: UM | Y11: UM | Z11: UM | AA11: UM | AB11: UM | AC11: UM | AD11: UM | AE11: UM | AF11: UM | AG11: UM | AH11: UM | AI11: H | AJ11: UM | AK11: UM | AL11: H | AM11: UM | AN11: UM | AO11: UM | AP11: UM | AQ11: UM | AR11: UM | AS11: UM | AT11: UM | AU11: =IF('GNI per capita'!AU11<=Thresholds!$C$44,"L",IF('GNI per capita'!AU11<=Thresholds!$D$44,"LM",IF('GNI per capita'!AU11<=Thresholds!$E$44,"UM","H"))) -> H | AV11: =IF('GNI per capita'!AV11<=Thresholds!$C$45,"L",IF('GNI per capita'!AV11<=Thresholds!$D$45,"LM",IF('GNI per capita'!AV11<=Thresholds!$E$45,"UM","H"))) -> H | AW11: =IF('GNI per capita'!AW11<=Thresholds!$C$46,"L",IF('GNI per capita'!AW11<=Thresholds!$D$46,"LM",IF('GNI per capita'!AW11<=Thresholds!$E$46,"UM","H"))) -> H | AX11: =IF('GNI per capita'!AX11<=Thresholds!$C$47,"L",IF('GNI per capita'!AX11<=Thresholds!$D$47,"LM",IF('GNI per capita'!AX11<=Thresholds!$E$47,"UM","H"))) -> H | AY11: =IF('GNI per capita'!AY11<=Thresholds!$C$48,"L",IF('GNI per capita'!AY11<=Thresholds!$D$48,"LM",IF('GNI per capita'!AY11<=Thresholds!$E$48,"UM","H"))) -> H | AZ11: =IF('GNI per capita'!AZ11<=Thresholds!$C$49,"L",IF('GNI per capita'!AZ11<=Thresholds!$D$49,"LM",IF('GNI per capita'!AZ11<=Thresholds!$E$49,"UM","H"))) -> H | BA11: =IF('GNI per capita'!BA11<=Thresholds!$C$50,"L",IF('GNI per capita'!BA11<=Thresholds!$D$50,"LM",IF('GNI per capita'!BA11<=Thresholds!$E$50,"UM","H"))) -> H | BB11: =IF('GNI per capita'!BB11<=Thresholds!$C$51,"L",IF('GNI per capita'!BB11<=Thresholds!$D$51,"LM",IF('GNI per capita'!BB11<=Thresholds!$E$51,"UM","H"))) -> H | BC11: =IF('GNI per capita'!BC11<=Thresholds!$C$52,"L",IF('GNI per capita'!BC11<=Thresholds!$D$52,"LM",IF('GNI per capita'!BC11<=Thresholds!$E$52,"UM","H"))) -> H | BD11: =IF('GNI per capita'!BD11<=Thresholds!$C$53,"L",IF('GNI per capita'!BD11<=Thresholds!$D$53,"LM",IF('GNI per capita'!BD11<=Thresholds!$E$53,"UM","H"))) -> H | BE11: =IF('GNI per capita'!BE11<=Thresholds!$C$54,"L",IF('GNI per capita'!BE11<=Thresholds!$D$54,"LM",IF('GNI per capita'!BE11<=Thresholds!$E$54,"UM","H"))) -> H | BF11: =IF('GNI per capita'!BF11<=Thresholds!$C$55,"L",IF('GNI per capita'!BF11<=Thresholds!$D$55,"LM",IF('GNI per capita'!BF11<=Thresholds!$E$55,"UM","H"))) -> H | BG11: =IF('GNI per capita'!BG11<=Thresholds!$C$56,"L",IF('GNI per capita'!BG11<=Thresholds!$D$56,"LM",IF('GNI per capita'!BG11<=Thresholds!$E$56,"UM","H"))) -> H | BH11: =IF('GNI per capita'!BH11<=Thresholds!$C$57,"L",IF('GNI per capita'!BH11<=Thresholds!$D$57,"LM",IF('GNI per capita'!BH11<=Thresholds!$E$57,"UM","H"))) -> H | BI11: =IF('GNI per capita'!BI11<=Thresholds!$C$58,"L",IF('GNI per capita'!BI11<=Thresholds!$D$58,"LM",IF('GNI per capita'!BI11<=Thresholds!$E$58,"UM","H"))) -> H | BJ11: =IF('GNI per capita'!BJ11<=Thresholds!$C$59,"L",IF('GNI per capita'!BJ11<=Thresholds!$D$59,"LM",IF('GNI per capita'!BJ11<=Thresholds!$E$59,"UM","H"))) -> H | BK11: =IF('GNI per capita'!BK11<=Thresholds!$C$60,"L",IF('GNI per capita'!BK11<=Thresholds!$D$60,"LM",IF('GNI per capita'!BK11<=Thresholds!$E$60,"UM","H"))) -> H | BL11: =IF('GNI per capita'!BL11<=Thresholds!$C$61,"L",IF('GNI per capita'!BL11<=Thresholds!$D$61,"LM",IF('GNI per capita'!BL11<=Thresholds!$E$61,"UM","H"))) -> H | BM11: =IF('GNI per capita'!BM11<=Thresholds!$C$62,"L",IF('GNI per capita'!BM11<=Thresholds!$D$62,"LM",IF('GNI per capita'!BM11<=Thresholds!$E$62,"UM","H"))) -> H | BN11: =IF('GNI per capita'!BN11<=Thresholds!$C$63,"L",IF('GNI per capita'!BN11<=Thresholds!$D$63,"LM",IF('GNI per capita'!BN11<=Thresholds!$E$63,"UM","H"))) -> H | BO11: =IF('GNI per capita'!BO11<=Thresholds!$C$64,"L",IF('GNI per capita'!BO11<=Thresholds!$D$64,"LM",IF('GNI per capita'!BO11<=Thresholds!$E$64,"UM","H"))) -> H | BP11: =IF('GNI per capita'!BP11<=Thresholds!$C$65,"L",IF('GNI per capita'!BP11<=Thresholds!$D$65,"LM",IF('GNI per capita'!BP11<=Thresholds!$E$65,"UM","H"))) -> H | BQ11: =IF('GNI per capita'!BQ11<=Thresholds!$C$66,"L",IF('GNI per capita'!BQ11<=Thresholds!$D$66,"LM",IF('GNI per capita'!BQ11<=Thresholds!$E$66,"UM","H"))) -> H | BR11: =IF('GNI per capita'!BR11<=Thresholds!$C$67,"L",IF('GNI per capita'!BR11<=Thresholds!$D$67,"LM",IF('GNI per capita'!BR11<=Thresholds!$E$67,"UM","H"))) -> H | BS11: =IF('GNI per capita'!BS11<=Thresholds!$C$68,"L",IF('GNI per capita'!BS11<=Thresholds!$D$68,"LM",IF('GNI per capita'!BS11<=Thresholds!$E$68,"UM","H"))) -> H
A12: Armenia | B12: ARM | C12: UM | G12: projected - cut from 9.2% to the UM p90 cap of 9.07% | L12: LM | M12: LM | N12: L | O12: L | P12: L | Q12: L | R12: L | S12: L | T12: L | U12: L | V12: L | W12: LM | X12: LM | Y12: LM | Z12: LM | AA12: LM | AB12: LM | AC12: LM | AD12: LM | AE12: LM | AF12: LM | AG12: LM | AH12: LM | AI12: LM | AJ12: LM | AK12: LM | AL12: UM | AM12: UM | AN12: UM | AO12: UM | AP12: UM | AQ12: UM | AR12: UM | AS12: UM | AT12: UM | AU12: =IF('GNI per capita'!AU12<=Thresholds!$C$44,"L",IF('GNI per capita'!AU12<=Thresholds!$D$44,"LM",IF('GNI per capita'!AU12<=Thresholds!$E$44,"UM","H"))) -> UM | AV12: =IF('GNI per capita'!AV12<=Thresholds!$C$45,"L",IF('GNI per capita'!AV12<=Thresholds!$D$45,"LM",IF('GNI per capita'!AV12<=Thresholds!$E$45,"UM","H"))) -> UM | AW12: =IF('GNI per capita'!AW12<=Thresholds!$C$46,"L",IF('GNI per capita'!AW12<=Thresholds!$D$46,"LM",IF('GNI per capita'!AW12<=Thresholds!$E$46,"UM","H"))) -> UM | AX12: =IF('GNI per capita'!AX12<=Thresholds!$C$47,"L",IF('GNI per capita'!AX12<=Thresholds!$D$47,"LM",IF('GNI per capita'!AX12<=Thresholds!$E$47,"UM","H"))) -> UM | AY12: =IF('GNI per capita'!AY12<=Thresholds!$C$48,"L",IF('GNI per capita'!AY12<=Thresholds!$D$48,"LM",IF('GNI per capita'!AY12<=Thresholds!$E$48,"UM","H"))) -> UM | AZ12: =IF('GNI per capita'!AZ12<=Thresholds!$C$49,"L",IF('GNI per capita'!AZ12<=Thresholds!$D$49,"LM",IF('GNI per capita'!AZ12<=Thresholds!$E$49,"UM","H"))) -> UM | BA12: =IF('GNI per capita'!BA12<=Thresholds!$C$50,"L",IF('GNI per capita'!BA12<=Thresholds!$D$50,"LM",IF('GNI per capita'!BA12<=Thresholds!$E$50,"UM","H"))) -> H | BB12: =IF('GNI per capita'!BB12<=Thresholds!$C$51,"L",IF('GNI per capita'!BB12<=Thresholds!$D$51,"LM",IF('GNI per capita'!BB12<=Thresholds!$E$51,"UM","H"))) -> H | BC12: =IF('GNI per capita'!BC12<=Thresholds!$C$52,"L",IF('GNI per capita'!BC12<=Thresholds!$D$52,"LM",IF('GNI per capita'!BC12<=Thresholds!$E$52,"UM","H"))) -> H | BD12: =IF('GNI per capita'!BD12<=Thresholds!$C$53,"L",IF('GNI per capita'!BD12<=Thresholds!$D$53,"LM",IF('GNI per capita'!BD12<=Thresholds!$E$53,"UM","H"))) -> H | BE12: =IF('GNI per capita'!BE12<=Thresholds!$C$54,"L",IF('GNI per capita'!BE12<=Thresholds!$D$54,"LM",IF('GNI per capita'!BE12<=Thresholds!$E$54,"UM","H"))) -> H | BF12: =IF('GNI per capita'!BF12<=Thresholds!$C$55,"L",IF('GNI per capita'!BF12<=Thresholds!$D$55,"LM",IF('GNI per capita'!BF12<=Thresholds!$E$55,"UM","H"))) -> H | BG12: =IF('GNI per capita'!BG12<=Thresholds!$C$56,"L",IF('GNI per capita'!BG12<=Thresholds!$D$56,"LM",IF('GNI per capita'!BG12<=Thresholds!$E$56,"UM","H"))) -> H | BH12: =IF('GNI per capita'!BH12<=Thresholds!$C$57,"L",IF('GNI per capita'!BH12<=Thresholds!$D$57,"LM",IF('GNI per capita'!BH12<=Thresholds!$E$57,"UM","H"))) -> H | BI12: =IF('GNI per capita'!BI12<=Thresholds!$C$58,"L",IF('GNI per capita'!BI12<=Thresholds!$D$58,"LM",IF('GNI per capita'!BI12<=Thresholds!$E$58,"UM","H"))) -> H | BJ12: =IF('GNI per capita'!BJ12<=Thresholds!$C$59,"L",IF('GNI per capita'!BJ12<=Thresholds!$D$59,"LM",IF('GNI per capita'!BJ12<=Thresholds!$E$59,"UM","H"))) -> H | BK12: =IF('GNI per capita'!BK12<=Thresholds!$C$60,"L",IF('GNI per capita'!BK12<=Thresholds!$D$60,"LM",IF('GNI per capita'!BK12<=Thresholds!$E$60,"UM","H"))) -> H | BL12: =IF('GNI per capita'!BL12<=Thresholds!$C$61,"L",IF('GNI per capita'!BL12<=Thresholds!$D$61,"LM",IF('GNI per capita'!BL12<=Thresholds!$E$61,"UM","H"))) -> H | BM12: =IF('GNI per capita'!BM12<=Thresholds!$C$62,"L",IF('GNI per capita'!BM12<=Thresholds!$D$62,"LM",IF('GNI per capita'!BM12<=Thresholds!$E$62,"UM","H"))) -> H | BN12: =IF('GNI per capita'!BN12<=Thresholds!$C$63,"L",IF('GNI per capita'!BN12<=Thresholds!$D$63,"LM",IF('GNI per capita'!BN12<=Thresholds!$E$63,"UM","H"))) -> H | BO12: =IF('GNI per capita'!BO12<=Thresholds!$C$64,"L",IF('GNI per capita'!BO12<=Thresholds!$D$64,"LM",IF('GNI per capita'!BO12<=Thresholds!$E$64,"UM","H"))) -> H | BP12: =IF('GNI per capita'!BP12<=Thresholds!$C$65,"L",IF('GNI per capita'!BP12<=Thresholds!$D$65,"LM",IF('GNI per capita'!BP12<=Thresholds!$E$65,"UM","H"))) -> H | BQ12: =IF('GNI per capita'!BQ12<=Thresholds!$C$66,"L",IF('GNI per capita'!BQ12<=Thresholds!$D$66,"LM",IF('GNI per capita'!BQ12<=Thresholds!$E$66,"UM","H"))) -> H | BR12: =IF('GNI per capita'!BR12<=Thresholds!$C$67,"L",IF('GNI per capita'!BR12<=Thresholds!$D$67,"LM",IF('GNI per capita'!BR12<=Thresholds!$E$67,"UM","H"))) -> H | BS12: =IF('GNI per capita'!BS12<=Thresholds!$C$68,"L",IF('GNI per capita'!BS12<=Thresholds!$D$68,"LM",IF('GNI per capita'!BS12<=Thresholds!$E$68,"UM","H"))) -> H
A13: Aruba | B13: ABW | C13: H | G13: projected | H13: H | I13: H | J13: H | K13: H | L13: UM | M13: UM | N13: UM | O13: H | P13: H | Q13: H | R13: H | S13: H | T13: H | U13: H | V13: H | W13: H | X13: H | Y13: H | Z13: H | AA13: H | AB13: H | AC13: H | AD13: H | AE13: H | AF13: H | AG13: H | AH13: H | AI13: H | AJ13: H | AK13: H | AL13: H | AM13: H | AN13: H | AO13: H | AP13: H | AQ13: H | AR13: H | AS13: H | AT13: H | AU13: =IF('GNI per capita'!AU13<=Thresholds!$C$44,"L",IF('GNI per capita'!AU13<=Thresholds!$D$44,"LM",IF('GNI per capita'!AU13<=Thresholds!$E$44,"UM","H"))) -> H | AV13: =IF('GNI per capita'!AV13<=Thresholds!$C$45,"L",IF('GNI per capita'!AV13<=Thresholds!$D$45,"LM",IF('GNI per capita'!AV13<=Thresholds!$E$45,"UM","H"))) -> H | AW13: =IF('GNI per capita'!AW13<=Thresholds!$C$46,"L",IF('GNI per capita'!AW13<=Thresholds!$D$46,"LM",IF('GNI per capita'!AW13<=Thresholds!$E$46,"UM","H"))) -> H | AX13: =IF('GNI per capita'!AX13<=Thresholds!$C$47,"L",IF('GNI per capita'!AX13<=Thresholds!$D$47,"LM",IF('GNI per capita'!AX13<=Thresholds!$E$47,"UM","H"))) -> H | AY13: =IF('GNI per capita'!AY13<=Thresholds!$C$48,"L",IF('GNI per capita'!AY13<=Thresholds!$D$48,"LM",IF('GNI per capita'!AY13<=Thresholds!$E$48,"UM","H"))) -> H | AZ13: =IF('GNI per capita'!AZ13<=Thresholds!$C$49,"L",IF('GNI per capita'!AZ13<=Thresholds!$D$49,"LM",IF('GNI per capita'!AZ13<=Thresholds!$E$49,"UM","H"))) -> H | BA13: =IF('GNI per capita'!BA13<=Thresholds!$C$50,"L",IF('GNI per capita'!BA13<=Thresholds!$D$50,"LM",IF('GNI per capita'!BA13<=Thresholds!$E$50,"UM","H"))) -> H | BB13: =IF('GNI per capita'!BB13<=Thresholds!$C$51,"L",IF('GNI per capita'!BB13<=Thresholds!$D$51,"LM",IF('GNI per capita'!BB13<=Thresholds!$E$51,"UM","H"))) -> H | BC13: =IF('GNI per capita'!BC13<=Thresholds!$C$52,"L",IF('GNI per capita'!BC13<=Thresholds!$D$52,"LM",IF('GNI per capita'!BC13<=Thresholds!$E$52,"UM","H"))) -> H | BD13: =IF('GNI per capita'!BD13<=Thresholds!$C$53,"L",IF('GNI per capita'!BD13<=Thresholds!$D$53,"LM",IF('GNI per capita'!BD13<=Thresholds!$E$53,"UM","H"))) -> H | BE13: =IF('GNI per capita'!BE13<=Thresholds!$C$54,"L",IF('GNI per capita'!BE13<=Thresholds!$D$54,"LM",IF('GNI per capita'!BE13<=Thresholds!$E$54,"UM","H"))) -> H | BF13: =IF('GNI per capita'!BF13<=Thresholds!$C$55,"L",IF('GNI per capita'!BF13<=Thresholds!$D$55,"LM",IF('GNI per capita'!BF13<=Thresholds!$E$55,"UM","H"))) -> H | BG13: =IF('GNI per capita'!BG13<=Thresholds!$C$56,"L",IF('GNI per capita'!BG13<=Thresholds!$D$56,"LM",IF('GNI per capita'!BG13<=Thresholds!$E$56,"UM","H"))) -> H | BH13: =IF('GNI per capita'!BH13<=Thresholds!$C$57,"L",IF('GNI per capita'!BH13<=Thresholds!$D$57,"LM",IF('GNI per capita'!BH13<=Thresholds!$E$57,"UM","H"))) -> H | BI13: =IF('GNI per capita'!BI13<=Thresholds!$C$58,"L",IF('GNI per capita'!BI13<=Thresholds!$D$58,"LM",IF('GNI per capita'!BI13<=Thresholds!$E$58,"UM","H"))) -> H | BJ13: =IF('GNI per capita'!BJ13<=Thresholds!$C$59,"L",IF('GNI per capita'!BJ13<=Thresholds!$D$59,"LM",IF('GNI per capita'!BJ13<=Thresholds!$E$59,"UM","H"))) -> H | BK13: =IF('GNI per capita'!BK13<=Thresholds!$C$60,"L",IF('GNI per capita'!BK13<=Thresholds!$D$60,"LM",IF('GNI per capita'!BK13<=Thresholds!$E$60,"UM","H"))) -> H | BL13: =IF('GNI per capita'!BL13<=Thresholds!$C$61,"L",IF('GNI per capita'!BL13<=Thresholds!$D$61,"LM",IF('GNI per capita'!BL13<=Thresholds!$E$61,"UM","H"))) -> H | BM13: =IF('GNI per capita'!BM13<=Thresholds!$C$62,"L",IF('GNI per capita'!BM13<=Thresholds!$D$62,"LM",IF('GNI per capita'!BM13<=Thresholds!$E$62,"UM","H"))) -> H | BN13: =IF('GNI per capita'!BN13<=Thresholds!$C$63,"L",IF('GNI per capita'!BN13<=Thresholds!$D$63,"LM",IF('GNI per capita'!BN13<=Thresholds!$E$63,"UM","H"))) -> H | BO13: =IF('GNI per capita'!BO13<=Thresholds!$C$64,"L",IF('GNI per capita'!BO13<=Thresholds!$D$64,"LM",IF('GNI per capita'!BO13<=Thresholds!$E$64,"UM","H"))) -> H | BP13: =IF('GNI per capita'!BP13<=Thresholds!$C$65,"L",IF('GNI per capita'!BP13<=Thresholds!$D$65,"LM",IF('GNI per capita'!BP13<=Thresholds!$E$65,"UM","H"))) -> H | BQ13: =IF('GNI per capita'!BQ13<=Thresholds!$C$66,"L",IF('GNI per capita'!BQ13<=Thresholds!$D$66,"LM",IF('GNI per capita'!BQ13<=Thresholds!$E$66,"UM","H"))) -> H | BR13: =IF('GNI per capita'!BR13<=Thresholds!$C$67,"L",IF('GNI per capita'!BR13<=Thresholds!$D$67,"LM",IF('GNI per capita'!BR13<=Thresholds!$E$67,"UM","H"))) -> H | BS13: =IF('GNI per capita'!BS13<=Thresholds!$C$68,"L",IF('GNI per capita'!BS13<=Thresholds!$D$68,"LM",IF('GNI per capita'!BS13<=Thresholds!$E$68,"UM","H"))) -> H
A14: Australia | B14: AUS | C14: H | G14: projected | H14: H | I14: H | J14: H | K14: H | L14: H | M14: H | N14: H | O14: H | P14: H | Q14: H | R14: H | S14: H | T14: H | U14: H | V14: H | W14: H | X14: H | Y14: H | Z14: H | AA14: H | AB14: H | AC14: H | AD14: H | AE14: H | AF14: H | AG14: H | AH14: H | AI14: H | AJ14: H | AK14: H | AL14: H | AM14: H | AN14: H | AO14: H | AP14: H | AQ14: H | AR14: H | AS14: H | AT14: H | AU14: =IF('GNI per capita'!AU14<=Thresholds!$C$44,"L",IF('GNI per capita'!AU14<=Thresholds!$D$44,"LM",IF('GNI per capita'!AU14<=Thresholds!$E$44,"UM","H"))) -> H | AV14: =IF('GNI per capita'!AV14<=Thresholds!$C$45,"L",IF('GNI per capita'!AV14<=Thresholds!$D$45,"LM",IF('GNI per capita'!AV14<=Thresholds!$E$45,"UM","H"))) -> H | AW14: =IF('GNI per capita'!AW14<=Thresholds!$C$46,"L",IF('GNI per capita'!AW14<=Thresholds!$D$46,"LM",IF('GNI per capita'!AW14<=Thresholds!$E$46,"UM","H"))) -> H | AX14: =IF('GNI per capita'!AX14<=Thresholds!$C$47,"L",IF('GNI per capita'!AX14<=Thresholds!$D$47,"LM",IF('GNI per capita'!AX14<=Thresholds!$E$47,"UM","H"))) -> H | AY14: =IF('GNI per capita'!AY14<=Thresholds!$C$48,"L",IF('GNI per capita'!AY14<=Thresholds!$D$48,"LM",IF('GNI per capita'!AY14<=Thresholds!$E$48,"UM","H"))) -> H | AZ14: =IF('GNI per capita'!AZ14<=Thresholds!$C$49,"L",IF('GNI per capita'!AZ14<=Thresholds!$D$49,"LM",IF('GNI per capita'!AZ14<=Thresholds!$E$49,"UM","H"))) -> H | BA14: =IF('GNI per capita'!BA14<=Thresholds!$C$50,"L",IF('GNI per capita'!BA14<=Thresholds!$D$50,"LM",IF('GNI per capita'!BA14<=Thresholds!$E$50,"UM","H"))) -> H | BB14: =IF('GNI per capita'!BB14<=Thresholds!$C$51,"L",IF('GNI per capita'!BB14<=Thresholds!$D$51,"LM",IF('GNI per capita'!BB14<=Thresholds!$E$51,"UM","H"))) -> H | BC14: =IF('GNI per capita'!BC14<=Thresholds!$C$52,"L",IF('GNI per capita'!BC14<=Thresholds!$D$52,"LM",IF('GNI per capita'!BC14<=Thresholds!$E$52,"UM","H"))) -> H | BD14: =IF('GNI per capita'!BD14<=Thresholds!$C$53,"L",IF('GNI per capita'!BD14<=Thresholds!$D$53,"LM",IF('GNI per capita'!BD14<=Thresholds!$E$53,"UM","H"))) -> H | BE14: =IF('GNI per capita'!BE14<=Thresholds!$C$54,"L",IF('GNI per capita'!BE14<=Thresholds!$D$54,"LM",IF('GNI per capita'!BE14<=Thresholds!$E$54,"UM","H"))) -> H | BF14: =IF('GNI per capita'!BF14<=Thresholds!$C$55,"L",IF('GNI per capita'!BF14<=Thresholds!$D$55,"LM",IF('GNI per capita'!BF14<=Thresholds!$E$55,"UM","H"))) -> H | BG14: =IF('GNI per capita'!BG14<=Thresholds!$C$56,"L",IF('GNI per capita'!BG14<=Thresholds!$D$56,"LM",IF('GNI per capita'!BG14<=Thresholds!$E$56,"UM","H"))) -> H | BH14: =IF('GNI per capita'!BH14<=Thresholds!$C$57,"L",IF('GNI per capita'!BH14<=Thresholds!$D$57,"LM",IF('GNI per capita'!BH14<=Thresholds!$E$57,"UM","H"))) -> H | BI14: =IF('GNI per capita'!BI14<=Thresholds!$C$58,"L",IF('GNI per capita'!BI14<=Thresholds!$D$58,"LM",IF('GNI per capita'!BI14<=Thresholds!$E$58,"UM","H"))) -> H | BJ14: =IF('GNI per capita'!BJ14<=Thresholds!$C$59,"L",IF('GNI per capita'!BJ14<=Thresholds!$D$59,"LM",IF('GNI per capita'!BJ14<=Thresholds!$E$59,"UM","H"))) -> H | BK14: =IF('GNI per capita'!BK14<=Thresholds!$C$60,"L",IF('GNI per capita'!BK14<=Thresholds!$D$60,"LM",IF('GNI per capita'!BK14<=Thresholds!$E$60,"UM","H"))) -> H | BL14: =IF('GNI per capita'!BL14<=Thresholds!$C$61,"L",IF('GNI per capita'!BL14<=Thresholds!$D$61,"LM",IF('GNI per capita'!BL14<=Thresholds!$E$61,"UM","H"))) -> H | BM14: =IF('GNI per capita'!BM14<=Thresholds!$C$62,"L",IF('GNI per capita'!BM14<=Thresholds!$D$62,"LM",IF('GNI per capita'!BM14<=Thresholds!$E$62,"UM","H"))) -> H | BN14: =IF('GNI per capita'!BN14<=Thresholds!$C$63,"L",IF('GNI per capita'!BN14<=Thresholds!$D$63,"LM",IF('GNI per capita'!BN14<=Thresholds!$E$63,"UM","H"))) -> H | BO14: =IF('GNI per capita'!BO14<=Thresholds!$C$64,"L",IF('GNI per capita'!BO14<=Thresholds!$D$64,"LM",IF('GNI per capita'!BO14<=Thresholds!$E$64,"UM","H"))) -> H | BP14: =IF('GNI per capita'!BP14<=Thresholds!$C$65,"L",IF('GNI per capita'!BP14<=Thresholds!$D$65,"LM",IF('GNI per capita'!BP14<=Thresholds!$E$65,"UM","H"))) -> H | BQ14: =IF('GNI per capita'!BQ14<=Thresholds!$C$66,"L",IF('GNI per capita'!BQ14<=Thresholds!$D$66,"LM",IF('GNI per capita'!BQ14<=Thresholds!$E$66,"UM","H"))) -> H | BR14: =IF('GNI per capita'!BR14<=Thresholds!$C$67,"L",IF('GNI per capita'!BR14<=Thresholds!$D$67,"LM",IF('GNI per capita'!BR14<=Thresholds!$E$67,"UM","H"))) -> H | BS14: =IF('GNI per capita'!BS14<=Thresholds!$C$68,"L",IF('GNI per capita'!BS14<=Thresholds!$D$68,"LM",IF('GNI per capita'!BS14<=Thresholds!$E$68,"UM","H"))) -> H
A15: Austria | B15: AUT | C15: H | G15: projected | H15: H | I15: H | J15: H | K15: H | L15: H | M15: H | N15: H | O15: H | P15: H | Q15: H | R15: H | S15: H | T15: H | U15: H | V15: H | W15: H | X15: H | Y15: H | Z15: H | AA15: H | AB15: H | AC15: H | AD15: H | AE15: H | AF15: H | AG15: H | AH15: H | AI15: H | AJ15: H | AK15: H | AL15: H | AM15: H | AN15: H | AO15: H | AP15: H | AQ15: H | AR15: H | AS15: H | AT15: H | AU15: =IF('GNI per capita'!AU15<=Thresholds!$C$44,"L",IF('GNI per capita'!AU15<=Thresholds!$D$44,"LM",IF('GNI per capita'!AU15<=Thresholds!$E$44,"UM","H"))) -> H | AV15: =IF('GNI per capita'!AV15<=Thresholds!$C$45,"L",IF('GNI per capita'!AV15<=Thresholds!$D$45,"LM",IF('GNI per capita'!AV15<=Thresholds!$E$45,"UM","H"))) -> H | AW15: =IF('GNI per capita'!AW15<=Thresholds!$C$46,"L",IF('GNI per capita'!AW15<=Thresholds!$D$46,"LM",IF('GNI per capita'!AW15<=Thresholds!$E$46,"UM","H"))) -> H | AX15: =IF('GNI per capita'!AX15<=Thresholds!$C$47,"L",IF('GNI per capita'!AX15<=Thresholds!$D$47,"LM",IF('GNI per capita'!AX15<=Thresholds!$E$47,"UM","H"))) -> H | AY15: =IF('GNI per capita'!AY15<=Thresholds!$C$48,"L",IF('GNI per capita'!AY15<=Thresholds!$D$48,"LM",IF('GNI per capita'!AY15<=Thresholds!$E$48,"UM","H"))) -> H | AZ15: =IF('GNI per capita'!AZ15<=Thresholds!$C$49,"L",IF('GNI per capita'!AZ15<=Thresholds!$D$49,"LM",IF('GNI per capita'!AZ15<=Thresholds!$E$49,"UM","H"))) -> H | BA15: =IF('GNI per capita'!BA15<=Thresholds!$C$50,"L",IF('GNI per capita'!BA15<=Thresholds!$D$50,"LM",IF('GNI per capita'!BA15<=Thresholds!$E$50,"UM","H"))) -> H | BB15: =IF('GNI per capita'!BB15<=Thresholds!$C$51,"L",IF('GNI per capita'!BB15<=Thresholds!$D$51,"LM",IF('GNI per capita'!BB15<=Thresholds!$E$51,"UM","H"))) -> H | BC15: =IF('GNI per capita'!BC15<=Thresholds!$C$52,"L",IF('GNI per capita'!BC15<=Thresholds!$D$52,"LM",IF('GNI per capita'!BC15<=Thresholds!$E$52,"UM","H"))) -> H | BD15: =IF('GNI per capita'!BD15<=Thresholds!$C$53,"L",IF('GNI per capita'!BD15<=Thresholds!$D$53,"LM",IF('GNI per capita'!BD15<=Thresholds!$E$53,"UM","H"))) -> H | BE15: =IF('GNI per capita'!BE15<=Thresholds!$C$54,"L",IF('GNI per capita'!BE15<=Thresholds!$D$54,"LM",IF('GNI per capita'!BE15<=Thresholds!$E$54,"UM","H"))) -> H | BF15: =IF('GNI per capita'!BF15<=Thresholds!$C$55,"L",IF('GNI per capita'!BF15<=Thresholds!$D$55,"LM",IF('GNI per capita'!BF15<=Thresholds!$E$55,"UM","H"))) -> H | BG15: =IF('GNI per capita'!BG15<=Thresholds!$C$56,"L",IF('GNI per capita'!BG15<=Thresholds!$D$56,"LM",IF('GNI per capita'!BG15<=Thresholds!$E$56,"UM","H"))) -> H | BH15: =IF('GNI per capita'!BH15<=Thresholds!$C$57,"L",IF('GNI per capita'!BH15<=Thresholds!$D$57,"LM",IF('GNI per capita'!BH15<=Thresholds!$E$57,"UM","H"))) -> H | BI15: =IF('GNI per capita'!BI15<=Thresholds!$C$58,"L",IF('GNI per capita'!BI15<=Thresholds!$D$58,"LM",IF('GNI per capita'!BI15<=Thresholds!$E$58,"UM","H"))) -> H | BJ15: =IF('GNI per capita'!BJ15<=Thresholds!$C$59,"L",IF('GNI per capita'!BJ15<=Thresholds!$D$59,"LM",IF('GNI per capita'!BJ15<=Thresholds!$E$59,"UM","H"))) -> H | BK15: =IF('GNI per capita'!BK15<=Thresholds!$C$60,"L",IF('GNI per capita'!BK15<=Thresholds!$D$60,"LM",IF('GNI per capita'!BK15<=Thresholds!$E$60,"UM","H"))) -> H | BL15: =IF('GNI per capita'!BL15<=Thresholds!$C$61,"L",IF('GNI per capita'!BL15<=Thresholds!$D$61,"LM",IF('GNI per capita'!BL15<=Thresholds!$E$61,"UM","H"))) -> H | BM15: =IF('GNI per capita'!BM15<=Thresholds!$C$62,"L",IF('GNI per capita'!BM15<=Thresholds!$D$62,"LM",IF('GNI per capita'!BM15<=Thresholds!$E$62,"UM","H"))) -> H | BN15: =IF('GNI per capita'!BN15<=Thresholds!$C$63,"L",IF('GNI per capita'!BN15<=Thresholds!$D$63,"LM",IF('GNI per capita'!BN15<=Thresholds!$E$63,"UM","H"))) -> H | BO15: =IF('GNI per capita'!BO15<=Thresholds!$C$64,"L",IF('GNI per capita'!BO15<=Thresholds!$D$64,"LM",IF('GNI per capita'!BO15<=Thresholds!$E$64,"UM","H"))) -> H | BP15: =IF('GNI per capita'!BP15<=Thresholds!$C$65,"L",IF('GNI per capita'!BP15<=Thresholds!$D$65,"LM",IF('GNI per capita'!BP15<=Thresholds!$E$65,"UM","H"))) -> H | BQ15: =IF('GNI per capita'!BQ15<=Thresholds!$C$66,"L",IF('GNI per capita'!BQ15<=Thresholds!$D$66,"LM",IF('GNI per capita'!BQ15<=Thresholds!$E$66,"UM","H"))) -> H | BR15: =IF('GNI per capita'!BR15<=Thresholds!$C$67,"L",IF('GNI per capita'!BR15<=Thresholds!$D$67,"LM",IF('GNI per capita'!BR15<=Thresholds!$E$67,"UM","H"))) -> H | BS15: =IF('GNI per capita'!BS15<=Thresholds!$C$68,"L",IF('GNI per capita'!BS15<=Thresholds!$D$68,"LM",IF('GNI per capita'!BS15<=Thresholds!$E$68,"UM","H"))) -> H
A16: Azerbaijan | B16: AZE | C16: UM | G16: projected | L16: LM | M16: LM | N16: LM | O16: L | P16: L | Q16: L | R16: L | S16: L | T16: L | U16: L | V16: L | W16: L | X16: LM | Y16: LM | Z16: LM | AA16: LM | AB16: LM | AC16: LM | AD16: UM | AE16: UM | AF16: UM | AG16: UM | AH16: UM | AI16: UM | AJ16: UM | AK16: UM | AL16: UM | AM16: UM | AN16: UM | AO16: UM | AP16: UM | AQ16: UM | AR16: UM | AS16: UM | AT16: UM | AU16: =IF('GNI per capita'!AU16<=Thresholds!$C$44,"L",IF('GNI per capita'!AU16<=Thresholds!$D$44,"LM",IF('GNI per capita'!AU16<=Thresholds!$E$44,"UM","H"))) -> UM | AV16: =IF('GNI per capita'!AV16<=Thresholds!$C$45,"L",IF('GNI per capita'!AV16<=Thresholds!$D$45,"LM",IF('GNI per capita'!AV16<=Thresholds!$E$45,"UM","H"))) -> UM | AW16: =IF('GNI per capita'!AW16<=Thresholds!$C$46,"L",IF('GNI per capita'!AW16<=Thresholds!$D$46,"LM",IF('GNI per capita'!AW16<=Thresholds!$E$46,"UM","H"))) -> UM | AX16: =IF('GNI per capita'!AX16<=Thresholds!$C$47,"L",IF('GNI per capita'!AX16<=Thresholds!$D$47,"LM",IF('GNI per capita'!AX16<=Thresholds!$E$47,"UM","H"))) -> UM | AY16: =IF('GNI per capita'!AY16<=Thresholds!$C$48,"L",IF('GNI per capita'!AY16<=Thresholds!$D$48,"LM",IF('GNI per capita'!AY16<=Thresholds!$E$48,"UM","H"))) -> UM | AZ16: =IF('GNI per capita'!AZ16<=Thresholds!$C$49,"L",IF('GNI per capita'!AZ16<=Thresholds!$D$49,"LM",IF('GNI per capita'!AZ16<=Thresholds!$E$49,"UM","H"))) -> UM | BA16: =IF('GNI per capita'!BA16<=Thresholds!$C$50,"L",IF('GNI per capita'!BA16<=Thresholds!$D$50,"LM",IF('GNI per capita'!BA16<=Thresholds!$E$50,"UM","H"))) -> UM | BB16: =IF('GNI per capita'!BB16<=Thresholds!$C$51,"L",IF('GNI per capita'!BB16<=Thresholds!$D$51,"LM",IF('GNI per capita'!BB16<=Thresholds!$E$51,"UM","H"))) -> UM | BC16: =IF('GNI per capita'!BC16<=Thresholds!$C$52,"L",IF('GNI per capita'!BC16<=Thresholds!$D$52,"LM",IF('GNI per capita'!BC16<=Thresholds!$E$52,"UM","H"))) -> UM | BD16: =IF('GNI per capita'!BD16<=Thresholds!$C$53,"L",IF('GNI per capita'!BD16<=Thresholds!$D$53,"LM",IF('GNI per capita'!BD16<=Thresholds!$E$53,"UM","H"))) -> UM | BE16: =IF('GNI per capita'!BE16<=Thresholds!$C$54,"L",IF('GNI per capita'!BE16<=Thresholds!$D$54,"LM",IF('GNI per capita'!BE16<=Thresholds!$E$54,"UM","H"))) -> UM | BF16: =IF('GNI per capita'!BF16<=Thresholds!$C$55,"L",IF('GNI per capita'!BF16<=Thresholds!$D$55,"LM",IF('GNI per capita'!BF16<=Thresholds!$E$55,"UM","H"))) -> UM | BG16: =IF('GNI per capita'!BG16<=Thresholds!$C$56,"L",IF('GNI per capita'!BG16<=Thresholds!$D$56,"LM",IF('GNI per capita'!BG16<=Thresholds!$E$56,"UM","H"))) -> UM | BH16: =IF('GNI per capita'!BH16<=Thresholds!$C$57,"L",IF('GNI per capita'!BH16<=Thresholds!$D$57,"LM",IF('GNI per capita'!BH16<=Thresholds!$E$57,"UM","H"))) -> UM | BI16: =IF('GNI per capita'!BI16<=Thresholds!$C$58,"L",IF('GNI per capita'!BI16<=Thresholds!$D$58,"LM",IF('GNI per capita'!BI16<=Thresholds!$E$58,"UM","H"))) -> UM | BJ16: =IF('GNI per capita'!BJ16<=Thresholds!$C$59,"L",IF('GNI per capita'!BJ16<=Thresholds!$D$59,"LM",IF('GNI per capita'!BJ16<=Thresholds!$E$59,"UM","H"))) -> UM | BK16: =IF('GNI per capita'!BK16<=Thresholds!$C$60,"L",IF('GNI per capita'!BK16<=Thresholds!$D$60,"LM",IF('GNI per capita'!BK16<=Thresholds!$E$60,"UM","H"))) -> UM | BL16: =IF('GNI per capita'!BL16<=Thresholds!$C$61,"L",IF('GNI per capita'!BL16<=Thresholds!$D$61,"LM",IF('GNI per capita'!BL16<=Thresholds!$E$61,"UM","H"))) -> UM | BM16: =IF('GNI per capita'!BM16<=Thresholds!$C$62,"L",IF('GNI per capita'!BM16<=Thresholds!$D$62,"LM",IF('GNI per capita'!BM16<=Thresholds!$E$62,"UM","H"))) -> H | BN16: =IF('GNI per capita'!BN16<=Thresholds!$C$63,"L",IF('GNI per capita'!BN16<=Thresholds!$D$63,"LM",IF('GNI per capita'!BN16<=Thresholds!$E$63,"UM","H"))) -> H | BO16: =IF('GNI per capita'!BO16<=Thresholds!$C$64,"L",IF('GNI per capita'!BO16<=Thresholds!$D$64,"LM",IF('GNI per capita'!BO16<=Thresholds!$E$64,"UM","H"))) -> H | BP16: =IF('GNI per capita'!BP16<=Thresholds!$C$65,"L",IF('GNI per capita'!BP16<=Thresholds!$D$65,"LM",IF('GNI per capita'!BP16<=Thresholds!$E$65,"UM","H"))) -> H | BQ16: =IF('GNI per capita'!BQ16<=Thresholds!$C$66,"L",IF('GNI per capita'!BQ16<=Thresholds!$D$66,"LM",IF('GNI per capita'!BQ16<=Thresholds!$E$66,"UM","H"))) -> H | BR16: =IF('GNI per capita'!BR16<=Thresholds!$C$67,"L",IF('GNI per capita'!BR16<=Thresholds!$D$67,"LM",IF('GNI per capita'!BR16<=Thresholds!$E$67,"UM","H"))) -> H | BS16: =IF('GNI per capita'!BS16<=Thresholds!$C$68,"L",IF('GNI per capita'!BS16<=Thresholds!$D$68,"LM",IF('GNI per capita'!BS16<=Thresholds!$E$68,"UM","H"))) -> H
A17: Bahamas, The | B17: BHS | C17: H | G17: projected | H17: H | I17: H | J17: H | K17: H | L17: H | M17: H | N17: H | O17: H | P17: H | Q17: H | R17: H | S17: H | T17: H | U17: H | V17: H | W17: H | X17: H | Y17: H | Z17: H | AA17: H | AB17: H | AC17: H | AD17: H | AE17: H | AF17: H | AG17: H | AH17: H | AI17: H | AJ17: H | AK17: H | AL17: H | AM17: H | AN17: H | AO17: H | AP17: H | AQ17: H | AR17: H | AS17: H | AT17: H | AU17: =IF('GNI per capita'!AU17<=Thresholds!$C$44,"L",IF('GNI per capita'!AU17<=Thresholds!$D$44,"LM",IF('GNI per capita'!AU17<=Thresholds!$E$44,"UM","H"))) -> H | AV17: =IF('GNI per capita'!AV17<=Thresholds!$C$45,"L",IF('GNI per capita'!AV17<=Thresholds!$D$45,"LM",IF('GNI per capita'!AV17<=Thresholds!$E$45,"UM","H"))) -> H | AW17: =IF('GNI per capita'!AW17<=Thresholds!$C$46,"L",IF('GNI per capita'!AW17<=Thresholds!$D$46,"LM",IF('GNI per capita'!AW17<=Thresholds!$E$46,"UM","H"))) -> H | AX17: =IF('GNI per capita'!AX17<=Thresholds!$C$47,"L",IF('GNI per capita'!AX17<=Thresholds!$D$47,"LM",IF('GNI per capita'!AX17<=Thresholds!$E$47,"UM","H"))) -> H | AY17: =IF('GNI per capita'!AY17<=Thresholds!$C$48,"L",IF('GNI per capita'!AY17<=Thresholds!$D$48,"LM",IF('GNI per capita'!AY17<=Thresholds!$E$48,"UM","H"))) -> H | AZ17: =IF('GNI per capita'!AZ17<=Thresholds!$C$49,"L",IF('GNI per capita'!AZ17<=Thresholds!$D$49,"LM",IF('GNI per capita'!AZ17<=Thresholds!$E$49,"UM","H"))) -> H | BA17: =IF('GNI per capita'!BA17<=Thresholds!$C$50,"L",IF('GNI per capita'!BA17<=Thresholds!$D$50,"LM",IF('GNI per capita'!BA17<=Thresholds!$E$50,"UM","H"))) -> H | BB17: =IF('GNI per capita'!BB17<=Thresholds!$C$51,"L",IF('GNI per capita'!BB17<=Thresholds!$D$51,"LM",IF('GNI per capita'!BB17<=Thresholds!$E$51,"UM","H"))) -> H | BC17: =IF('GNI per capita'!BC17<=Thresholds!$C$52,"L",IF('GNI per capita'!BC17<=Thresholds!$D$52,"LM",IF('GNI per capita'!BC17<=Thresholds!$E$52,"UM","H"))) -> H | BD17: =IF('GNI per capita'!BD17<=Thresholds!$C$53,"L",IF('GNI per capita'!BD17<=Thresholds!$D$53,"LM",IF('GNI per capita'!BD17<=Thresholds!$E$53,"UM","H"))) -> H | BE17: =IF('GNI per capita'!BE17<=Thresholds!$C$54,"L",IF('GNI per capita'!BE17<=Thresholds!$D$54,"LM",IF('GNI per capita'!BE17<=Thresholds!$E$54,"UM","H"))) -> H | BF17: =IF('GNI per capita'!BF17<=Thresholds!$C$55,"L",IF('GNI per capita'!BF17<=Thresholds!$D$55,"LM",IF('GNI per capita'!BF17<=Thresholds!$E$55,"UM","H"))) -> H | BG17: =IF('GNI per capita'!BG17<=Thresholds!$C$56,"L",IF('GNI per capita'!BG17<=Thresholds!$D$56,"LM",IF('GNI per capita'!BG17<=Thresholds!$E$56,"UM","H"))) -> H | BH17: =IF('GNI per capita'!BH17<=Thresholds!$C$57,"L",IF('GNI per capita'!BH17<=Thresholds!$D$57,"LM",IF('GNI per capita'!BH17<=Thresholds!$E$57,"UM","H"))) -> H | BI17: =IF('GNI per capita'!BI17<=Thresholds!$C$58,"L",IF('GNI per capita'!BI17<=Thresholds!$D$58,"LM",IF('GNI per capita'!BI17<=Thresholds!$E$58,"UM","H"))) -> H | BJ17: =IF('GNI per capita'!BJ17<=Thresholds!$C$59,"L",IF('GNI per capita'!BJ17<=Thresholds!$D$59,"LM",IF('GNI per capita'!BJ17<=Thresholds!$E$59,"UM","H"))) -> H | BK17: =IF('GNI per capita'!BK17<=Thresholds!$C$60,"L",IF('GNI per capita'!BK17<=Thresholds!$D$60,"LM",IF('GNI per capita'!BK17<=Thresholds!$E$60,"UM","H"))) -> H | BL17: =IF('GNI per capita'!BL17<=Thresholds!$C$61,"L",IF('GNI per capita'!BL17<=Thresholds!$D$61,"LM",IF('GNI per capita'!BL17<=Thresholds!$E$61,"UM","H"))) -> H | BM17: =IF('GNI per capita'!BM17<=Thresholds!$C$62,"L",IF('GNI per capita'!BM17<=Thresholds!$D$62,"LM",IF('GNI per capita'!BM17<=Thresholds!$E$62,"UM","H"))) -> H | BN17: =IF('GNI per capita'!BN17<=Thresholds!$C$63,"L",IF('GNI per capita'!BN17<=Thresholds!$D$63,"LM",IF('GNI per capita'!BN17<=Thresholds!$E$63,"UM","H"))) -> H | BO17: =IF('GNI per capita'!BO17<=Thresholds!$C$64,"L",IF('GNI per capita'!BO17<=Thresholds!$D$64,"LM",IF('GNI per capita'!BO17<=Thresholds!$E$64,"UM","H"))) -> H | BP17: =IF('GNI per capita'!BP17<=Thresholds!$C$65,"L",IF('GNI per capita'!BP17<=Thresholds!$D$65,"LM",IF('GNI per capita'!BP17<=Thresholds!$E$65,"UM","H"))) -> H | BQ17: =IF('GNI per capita'!BQ17<=Thresholds!$C$66,"L",IF('GNI per capita'!BQ17<=Thresholds!$D$66,"LM",IF('GNI per capita'!BQ17<=Thresholds!$E$66,"UM","H"))) -> H | BR17: =IF('GNI per capita'!BR17<=Thresholds!$C$67,"L",IF('GNI per capita'!BR17<=Thresholds!$D$67,"LM",IF('GNI per capita'!BR17<=Thresholds!$E$67,"UM","H"))) -> H | BS17: =IF('GNI per capita'!BS17<=Thresholds!$C$68,"L",IF('GNI per capita'!BS17<=Thresholds!$D$68,"LM",IF('GNI per capita'!BS17<=Thresholds!$E$68,"UM","H"))) -> H
A18: Bahrain | B18: BHR | C18: H | G18: projected | H18: H | I18: H | J18: H | K18: UM | L18: UM | M18: UM | N18: UM | O18: UM | P18: UM | Q18: UM | R18: UM | S18: UM | T18: UM | U18: UM | V18: H | W18: H | X18: H | Y18: H | Z18: H | AA18: H | AB18: H | AC18: H | AD18: H | AE18: H | AF18: H | AG18: H | AH18: H | AI18: H | AJ18: H | AK18: H | AL18: H | AM18: H | AN18: H | AO18: H | AP18: H | AQ18: H | AR18: H | AS18: H | AT18: H | AU18: =IF('GNI per capita'!AU18<=Thresholds!$C$44,"L",IF('GNI per capita'!AU18<=Thresholds!$D$44,"LM",IF('GNI per capita'!AU18<=Thresholds!$E$44,"UM","H"))) -> H | AV18: =IF('GNI per capita'!AV18<=Thresholds!$C$45,"L",IF('GNI per capita'!AV18<=Thresholds!$D$45,"LM",IF('GNI per capita'!AV18<=Thresholds!$E$45,"UM","H"))) -> H | AW18: =IF('GNI per capita'!AW18<=Thresholds!$C$46,"L",IF('GNI per capita'!AW18<=Thresholds!$D$46,"LM",IF('GNI per capita'!AW18<=Thresholds!$E$46,"UM","H"))) -> H | AX18: =IF('GNI per capita'!AX18<=Thresholds!$C$47,"L",IF('GNI per capita'!AX18<=Thresholds!$D$47,"LM",IF('GNI per capita'!AX18<=Thresholds!$E$47,"UM","H"))) -> H | AY18: =IF('GNI per capita'!AY18<=Thresholds!$C$48,"L",IF('GNI per capita'!AY18<=Thresholds!$D$48,"LM",IF('GNI per capita'!AY18<=Thresholds!$E$48,"UM","H"))) -> H | AZ18: =IF('GNI per capita'!AZ18<=Thresholds!$C$49,"L",IF('GNI per capita'!AZ18<=Thresholds!$D$49,"LM",IF('GNI per capita'!AZ18<=Thresholds!$E$49,"UM","H"))) -> H | BA18: =IF('GNI per capita'!BA18<=Thresholds!$C$50,"L",IF('GNI per capita'!BA18<=Thresholds!$D$50,"LM",IF('GNI per capita'!BA18<=Thresholds!$E$50,"UM","H"))) -> H | BB18: =IF('GNI per capita'!BB18<=Thresholds!$C$51,"L",IF('GNI per capita'!BB18<=Thresholds!$D$51,"LM",IF('GNI per capita'!BB18<=Thresholds!$E$51,"UM","H"))) -> H | BC18: =IF('GNI per capita'!BC18<=Thresholds!$C$52,"L",IF('GNI per capita'!BC18<=Thresholds!$D$52,"LM",IF('GNI per capita'!BC18<=Thresholds!$E$52,"UM","H"))) -> H | BD18: =IF('GNI per capita'!BD18<=Thresholds!$C$53,"L",IF('GNI per capita'!BD18<=Thresholds!$D$53,"LM",IF('GNI per capita'!BD18<=Thresholds!$E$53,"UM","H"))) -> H | BE18: =IF('GNI per capita'!BE18<=Thresholds!$C$54,"L",IF('GNI per capita'!BE18<=Thresholds!$D$54,"LM",IF('GNI per capita'!BE18<=Thresholds!$E$54,"UM","H"))) -> H | BF18: =IF('GNI per capita'!BF18<=Thresholds!$C$55,"L",IF('GNI per capita'!BF18<=Thresholds!$D$55,"LM",IF('GNI per capita'!BF18<=Thresholds!$E$55,"UM","H"))) -> H | BG18: =IF('GNI per capita'!BG18<=Thresholds!$C$56,"L",IF('GNI per capita'!BG18<=Thresholds!$D$56,"LM",IF('GNI per capita'!BG18<=Thresholds!$E$56,"UM","H"))) -> H | BH18: =IF('GNI per capita'!BH18<=Thresholds!$C$57,"L",IF('GNI per capita'!BH18<=Thresholds!$D$57,"LM",IF('GNI per capita'!BH18<=Thresholds!$E$57,"UM","H"))) -> H | BI18: =IF('GNI per capita'!BI18<=Thresholds!$C$58,"L",IF('GNI per capita'!BI18<=Thresholds!$D$58,"LM",IF('GNI per capita'!BI18<=Thresholds!$E$58,"UM","H"))) -> H | BJ18: =IF('GNI per capita'!BJ18<=Thresholds!$C$59,"L",IF('GNI per capita'!BJ18<=Thresholds!$D$59,"LM",IF('GNI per capita'!BJ18<=Thresholds!$E$59,"UM","H"))) -> H | BK18: =IF('GNI per capita'!BK18<=Thresholds!$C$60,"L",IF('GNI per capita'!BK18<=Thresholds!$D$60,"LM",IF('GNI per capita'!BK18<=Thresholds!$E$60,"UM","H"))) -> H | BL18: =IF('GNI per capita'!BL18<=Thresholds!$C$61,"L",IF('GNI per capita'!BL18<=Thresholds!$D$61,"LM",IF('GNI per capita'!BL18<=Thresholds!$E$61,"UM","H"))) -> H | BM18: =IF('GNI per capita'!BM18<=Thresholds!$C$62,"L",IF('GNI per capita'!BM18<=Thresholds!$D$62,"LM",IF('GNI per capita'!BM18<=Thresholds!$E$62,"UM","H"))) -> H | BN18: =IF('GNI per capita'!BN18<=Thresholds!$C$63,"L",IF('GNI per capita'!BN18<=Thresholds!$D$63,"LM",IF('GNI per capita'!BN18<=Thresholds!$E$63,"UM","H"))) -> H | BO18: =IF('GNI per capita'!BO18<=Thresholds!$C$64,"L",IF('GNI per capita'!BO18<=Thresholds!$D$64,"LM",IF('GNI per capita'!BO18<=Thresholds!$E$64,"UM","H"))) -> H | BP18: =IF('GNI per capita'!BP18<=Thresholds!$C$65,"L",IF('GNI per capita'!BP18<=Thresholds!$D$65,"LM",IF('GNI per capita'!BP18<=Thresholds!$E$65,"UM","H"))) -> H | BQ18: =IF('GNI per capita'!BQ18<=Thresholds!$C$66,"L",IF('GNI per capita'!BQ18<=Thresholds!$D$66,"LM",IF('GNI per capita'!BQ18<=Thresholds!$E$66,"UM","H"))) -> H | BR18: =IF('GNI per capita'!BR18<=Thresholds!$C$67,"L",IF('GNI per capita'!BR18<=Thresholds!$D$67,"LM",IF('GNI per capita'!BR18<=Thresholds!$E$67,"UM","H"))) -> H | BS18: =IF('GNI per capita'!BS18<=Thresholds!$C$68,"L",IF('GNI per capita'!BS18<=Thresholds!$D$68,"LM",IF('GNI per capita'!BS18<=Thresholds!$E$68,"UM","H"))) -> H
A19: Bangladesh | B19: BGD | C19: LM | G19: projected - cut from 9.8% to the LM p90 cap of 7.47% | H19: L | I19: L | J19: L | K19: L | L19: L | M19: L | N19: L | O19: L | P19: L | Q19: L | R19: L | S19: L | T19: L | U19: L | V19: L | W19: L | X19: L | Y19: L | Z19: L | AA19: L | AB19: L | AC19: L | AD19: L | AE19: L | AF19: L | AG19: L | AH19: L | AI19: LM | AJ19: LM | AK19: LM | AL19: LM | AM19: LM | AN19: LM | AO19: LM | AP19: LM | AQ19: LM | AR19: LM | AS19: LM | AT19: LM | AU19: =IF('GNI per capita'!AU19<=Thresholds!$C$44,"L",IF('GNI per capita'!AU19<=Thresholds!$D$44,"LM",IF('GNI per capita'!AU19<=Thresholds!$E$44,"UM","H"))) -> LM | AV19: =IF('GNI per capita'!AV19<=Thresholds!$C$45,"L",IF('GNI per capita'!AV19<=Thresholds!$D$45,"LM",IF('GNI per capita'!AV19<=Thresholds!$E$45,"UM","H"))) -> LM | AW19: =IF('GNI per capita'!AW19<=Thresholds!$C$46,"L",IF('GNI per capita'!AW19<=Thresholds!$D$46,"LM",IF('GNI per capita'!AW19<=Thresholds!$E$46,"UM","H"))) -> LM | AX19: =IF('GNI per capita'!AX19<=Thresholds!$C$47,"L",IF('GNI per capita'!AX19<=Thresholds!$D$47,"LM",IF('GNI per capita'!AX19<=Thresholds!$E$47,"UM","H"))) -> LM | AY19: =IF('GNI per capita'!AY19<=Thresholds!$C$48,"L",IF('GNI per capita'!AY19<=Thresholds!$D$48,"LM",IF('GNI per capita'!AY19<=Thresholds!$E$48,"UM","H"))) -> LM | AZ19: =IF('GNI per capita'!AZ19<=Thresholds!$C$49,"L",IF('GNI per capita'!AZ19<=Thresholds!$D$49,"LM",IF('GNI per capita'!AZ19<=Thresholds!$E$49,"UM","H"))) -> LM | BA19: =IF('GNI per capita'!BA19<=Thresholds!$C$50,"L",IF('GNI per capita'!BA19<=Thresholds!$D$50,"LM",IF('GNI per capita'!BA19<=Thresholds!$E$50,"UM","H"))) -> LM | BB19: =IF('GNI per capita'!BB19<=Thresholds!$C$51,"L",IF('GNI per capita'!BB19<=Thresholds!$D$51,"LM",IF('GNI per capita'!BB19<=Thresholds!$E$51,"UM","H"))) -> LM | BC19: =IF('GNI per capita'!BC19<=Thresholds!$C$52,"L",IF('GNI per capita'!BC19<=Thresholds!$D$52,"LM",IF('GNI per capita'!BC19<=Thresholds!$E$52,"UM","H"))) -> UM | BD19: =IF('GNI per capita'!BD19<=Thresholds!$C$53,"L",IF('GNI per capita'!BD19<=Thresholds!$D$53,"LM",IF('GNI per capita'!BD19<=Thresholds!$E$53,"UM","H"))) -> UM | BE19: =IF('GNI per capita'!BE19<=Thresholds!$C$54,"L",IF('GNI per capita'!BE19<=Thresholds!$D$54,"LM",IF('GNI per capita'!BE19<=Thresholds!$E$54,"UM","H"))) -> UM | BF19: =IF('GNI per capita'!BF19<=Thresholds!$C$55,"L",IF('GNI per capita'!BF19<=Thresholds!$D$55,"LM",IF('GNI per capita'!BF19<=Thresholds!$E$55,"UM","H"))) -> UM | BG19: =IF('GNI per capita'!BG19<=Thresholds!$C$56,"L",IF('GNI per capita'!BG19<=Thresholds!$D$56,"LM",IF('GNI per capita'!BG19<=Thresholds!$E$56,"UM","H"))) -> UM | BH19: =IF('GNI per capita'!BH19<=Thresholds!$C$57,"L",IF('GNI per capita'!BH19<=Thresholds!$D$57,"LM",IF('GNI per capita'!BH19<=Thresholds!$E$57,"UM","H"))) -> UM | BI19: =IF('GNI per capita'!BI19<=Thresholds!$C$58,"L",IF('GNI per capita'!BI19<=Thresholds!$D$58,"LM",IF('GNI per capita'!BI19<=Thresholds!$E$58,"UM","H"))) -> UM | BJ19: =IF('GNI per capita'!BJ19<=Thresholds!$C$59,"L",IF('GNI per capita'!BJ19<=Thresholds!$D$59,"LM",IF('GNI per capita'!BJ19<=Thresholds!$E$59,"UM","H"))) -> UM | BK19: =IF('GNI per capita'!BK19<=Thresholds!$C$60,"L",IF('GNI per capita'!BK19<=Thresholds!$D$60,"LM",IF('GNI per capita'!BK19<=Thresholds!$E$60,"UM","H"))) -> UM | BL19: =IF('GNI per capita'!BL19<=Thresholds!$C$61,"L",IF('GNI per capita'!BL19<=Thresholds!$D$61,"LM",IF('GNI per capita'!BL19<=Thresholds!$E$61,"UM","H"))) -> UM | BM19: =IF('GNI per capita'!BM19<=Thresholds!$C$62,"L",IF('GNI per capita'!BM19<=Thresholds!$D$62,"LM",IF('GNI per capita'!BM19<=Thresholds!$E$62,"UM","H"))) -> UM | BN19: =IF('GNI per capita'!BN19<=Thresholds!$C$63,"L",IF('GNI per capita'!BN19<=Thresholds!$D$63,"LM",IF('GNI per capita'!BN19<=Thresholds!$E$63,"UM","H"))) -> UM | BO19: =IF('GNI per capita'!BO19<=Thresholds!$C$64,"L",IF('GNI per capita'!BO19<=Thresholds!$D$64,"LM",IF('GNI per capita'!BO19<=Thresholds!$E$64,"UM","H"))) -> UM | BP19: =IF('GNI per capita'!BP19<=Thresholds!$C$65,"L",IF('GNI per capita'!BP19<=Thresholds!$D$65,"LM",IF('GNI per capita'!BP19<=Thresholds!$E$65,"UM","H"))) -> UM | BQ19: =IF('GNI per capita'!BQ19<=Thresholds!$C$66,"L",IF('GNI per capita'!BQ19<=Thresholds!$D$66,"LM",IF('GNI per capita'!BQ19<=Thresholds!$E$66,"UM","H"))) -> UM | BR19: =IF('GNI per capita'!BR19<=Thresholds!$C$67,"L",IF('GNI per capita'!BR19<=Thresholds!$D$67,"LM",IF('GNI per capita'!BR19<=Thresholds!$E$67,"UM","H"))) -> UM | BS19: =IF('GNI per capita'!BS19<=Thresholds!$C$68,"L",IF('GNI per capita'!BS19<=Thresholds!$D$68,"LM",IF('GNI per capita'!BS19<=Thresholds!$E$68,"UM","H"))) -> UM
